Age,Gender,Sentence Type,education_level,Sentence_duration_months,Incident_count,violent_incidents_count,escape_incidents_count,Recidivism_score
58,Male,Kidnapping,Primary,155,12,1,2,70.0
65,Male,Kidnapping,Secondary,271,8,2,1,55.8
45,Male,Theft,Primary,41,16,3,4,83.3
19,Male,Sexual Offense,Secondary,203,10,3,3,94.3
32,Male,Robbery,Bachelor's,133,9,2,1,54.4
28,Male,Fraud,Literate,55,11,2,2,57.7
24,Male,Theft,Bachelor's,41,6,0,1,26.3
34,Male,Sexual Offense,Preparatory,192,7,0,1,65.7
23,Male,Vandalism,Secondary,26,7,1,1,52.5
54,Male,Theft,Secondary,21,15,6,5,85.0
23,Male,Cybercrime,Preparatory,35,7,0,1,43.8
58,Male,Burglary,Primary,54,11,4,2,68.0
35,Male,Drug Offense,Illiterate,93,6,0,1,44.0
28,Male,Burglary,Preparatory,29,14,0,4,66.8
58,Male,Burglary,Primary,61,12,2,2,53.0
21,Male,Theft,Primary,20,12,1,2,60.4
22,Male,Weapons Offense,Bachelor's,64,13,0,1,57.1
31,Male,Fraud,Bachelor's,70,8,1,0,32.3
27,Male,Burglary,Secondary,28,7,2,0,35.2
65,Male,Cybercrime,Preparatory,20,13,5,2,58.2
26,Male,Theft,Illiterate,10,8,0,2,51.3
27,Male,Vandalism,Preparatory,7,11,4,0,50.6
42,Male,Public Order,Preparatory,18,8,2,0,40.4
18,Male,Theft,Bachelor's,20,8,2,1,42.1
59,Male,Robbery,Literate,36,7,0,1,44.7
64,Female,Robbery,Preparatory,58,8,0,2,41.3
50,Female,Cybercrime,Primary,46,11,4,3,63.3
50,Male,Theft,Secondary,37,6,1,1,29.5
51,Female,Drug Offense,Preparatory,26,11,2,0,40.2
41,Female,Vandalism,Primary,6,11,2,2,59.2
33,Female,Weapons Offense,Illiterate,86,8,0,2,72.8
22,Female,Assault,Literate,108,7,0,0,58.8
48,Female,Burglary,Preparatory,50,9,3,0,48.9
45,Female,Weapons Offense,Secondary,49,7,1,0,42.7
63,Male,Public Order,Secondary,15,7,0,1,17.6
51,Male,Burglary,Illiterate,13,15,0,0,47.7
55,Male,Murder,Illiterate,210,8,2,1,73.8
32,Male,Theft,Primary,35,5,1,1,45.6
33,Male,Assault,Preparatory,116,11,0,2,64.0
54,Male,Burglary,Preparatory,38,6,1,0,21.6
30,Male,Drug Offense,Primary,64,6,2,0,51.5
47,Male,Theft,Secondary,44,5,0,1,35.6
24,Male,Sexual Offense,Secondary,123,9,2,2,74.9
33,Male,Assault,Literate,47,11,4,3,91.0
35,Male,Cybercrime,Illiterate,57,12,2,3,64.7
53,Male,Drug Offense,Secondary,13,15,0,4,65.9
23,Female,Vandalism,Literate,34,16,4,2,74.4
48,Male,Fraud,Illiterate,60,8,1,0,40.7
18,Female,Robbery,Secondary,94,9,2,1,60.7
36,Male,Public Order,Postgraduate education,18,10,0,3,34.4
60,Male,Theft,Primary,6,12,4,1,53.3
55,Male,Theft,Primary,6,10,4,3,62.3
55,Male,Weapons Offense,Preparatory,31,11,3,2,57.0
50,Male,Burglary,Secondary,55,5,1,0,19.4
33,Male,Weapons Offense,Secondary,29,10,4,1,60.4
57,Male,Drug Offense,Secondary,52,9,0,0,32.6
34,Male,Sexual Offense,Primary,197,10,3,1,86.5
26,Male,Robbery,Primary,132,10,0,3,73.2
22,Male,Drug Offense,Secondary,24,8,2,1,55.9
22,Male,Assault,Literate,68,9,0,2,72.3
22,Female,Fraud,Literate,81,7,0,1,51.1
63,Male,Public Order,Secondary,17,10,4,1,42.9
18,Male,Murder,Bachelor's,233,12,1,3,82.4
26,Male,Cybercrime,Secondary,15,5,1,1,34.0
35,Male,Burglary,Primary,55,6,1,1,40.7
58,Male,Assault,Primary,30,10,1,1,56.4
23,Male,Vandalism,Illiterate,24,7,2,1,68.1
26,Male,Robbery,Secondary,106,12,1,0,52.0
63,Male,Theft,Illiterate,47,14,3,3,76.0
27,Male,Vandalism,Secondary,12,10,4,3,57.5
45,Male,Robbery,Bachelor's,137,15,4,3,78.4
20,Female,Burglary,Primary,18,4,1,0,38.1
40,Male,Cybercrime,Preparatory,45,12,2,0,50.4
65,Male,Weapons Offense,Bachelor's,46,9,2,0,37.9
44,Male,Kidnapping,Primary,225,12,0,2,78.0
60,Male,Vandalism,Primary,9,11,4,2,56.7
42,Female,Vandalism,Primary,32,13,0,0,44.8
40,Male,Vandalism,Primary,4,9,0,2,44.7
60,Male,Robbery,Bachelor's,134,5,1,0,31.6
35,Male,Assault,Secondary,92,11,2,3,71.1
39,Female,Theft,Postgraduate education,14,8,3,0,30.0
55,Female,Robbery,Literate,91,5,0,1,46.2
40,Male,Robbery,Secondary,101,10,4,2,69.1
25,Male,Murder,Primary,403,9,0,1,78.6
18,Male,Vandalism,Secondary,15,15,4,4,81.8
41,Male,Weapons Offense,Bachelor's,64,11,3,2,54.9
60,Male,Sexual Offense,Primary,175,10,2,1,64.9
60,Male,Fraud,Primary,28,10,3,3,60.0
30,Male,Weapons Offense,Secondary,46,12,5,0,56.8
57,Male,Fraud,Bachelor's,50,14,5,1,48.4
36,Male,Vandalism,Secondary,23,11,0,0,26.7
47,Male,Drug Offense,Preparatory,33,18,5,3,91.3
60,Male,Assault,Secondary,66,5,1,1,35.0
23,Male,Arson,Secondary,64,7,0,0,50.1
30,Male,Theft,Postgraduate education,42,7,2,0,25.4
22,Male,Cybercrime,Secondary,51,11,4,1,51.9
62,Male,Fraud,Literate,12,9,0,1,34.0
24,Male,Burglary,Secondary,56,9,1,2,56.2
51,Male,Murder,Bachelor's,242,6,2,0,49.0
47,Male,Assault,Preparatory,95,9,3,2,70.8
56,Male,Arson,Preparatory,100,10,4,1,56.7
45,Male,Murder,Bachelor's,423,9,2,0,66.8
46,Male,Burglary,Secondary,61,11,0,3,47.5
51,Male,Burglary,Preparatory,57,10,2,1,50.1
36,Male,Robbery,Bachelor's,46,14,4,2,62.5
26,Male,Fraud,Literate,39,11,2,2,61.8
22,Male,Robbery,Preparatory,43,6,1,1,46.6
31,Male,Fraud,Secondary,14,9,3,0,47.8
54,Male,Theft,Primary,27,10,3,1,49.9
44,Male,Kidnapping,Secondary,176,17,7,0,84.0
49,Male,Assault,Illiterate,67,10,4,1,65.3
60,Male,Fraud,Literate,71,7,2,0,42.8
26,Female,Assault,Bachelor's,99,10,2,1,52.8
54,Male,Theft,Preparatory,32,12,2,2,51.4
29,Male,Fraud,Primary,53,12,1,2,56.6
39,Male,Fraud,Secondary,65,5,0,1,28.5
34,Male,Assault,Secondary,30,7,1,1,49.1
40,Male,Theft,Bachelor's,5,13,5,2,56.8
19,Female,Burglary,Illiterate,21,15,1,3,82.7
33,Male,Drug Offense,Secondary,39,7,2,1,51.9
47,Male,Arson,Literate,113,10,1,0,54.6
65,Male,Arson,Literate,75,8,3,0,47.5
24,Male,Weapons Offense,Secondary,72,12,0,0,49.9
43,Female,Burglary,Secondary,65,6,0,1,29.9
58,Male,Sexual Offense,Primary,126,9,1,2,72.2
54,Male,Fraud,Preparatory,59,10,3,2,54.3
22,Male,Fraud,Bachelor's,74,9,3,1,45.4
24,Male,Fraud,Bachelor's,70,10,0,0,39.8
63,Male,Burglary,Preparatory,53,9,1,2,47.1
35,Male,Weapons Offense,Secondary,83,15,5,0,68.0
45,Male,Drug Offense,Primary,43,10,0,1,57.7
23,Male,Assault,Secondary,96,8,1,1,63.8
57,Male,Robbery,Preparatory,77,8,0,0,44.1
29,Male,Fraud,Primary,47,13,5,2,74.2
56,Male,Robbery,Illiterate,60,16,2,0,59.1
23,Male,Fraud,Secondary,42,10,1,0,33.9
62,Male,Sexual Offense,Preparatory,100,12,4,0,65.6
23,Male,Fraud,Primary,59,10,0,0,51.8
48,Male,Fraud,Postgraduate education,82,6,0,1,27.8
39,Male,Assault,Primary,53,14,0,4,84.2
25,Male,Robbery,Secondary,133,7,0,0,44.3
62,Male,Burglary,Preparatory,58,10,4,1,55.2
55,Female,Assault,Primary,36,9,2,1,54.8
30,Male,Fraud,Primary,80,10,0,0,46.0
26,Male,Public Order,Secondary,23,9,1,1,29.1
26,Male,Arson,Literate,37,8,1,2,69.0
54,Male,Assault,Primary,30,14,5,2,74.1
34,Female,Assault,Bachelor's,75,8,2,0,48.2
49,Male,Drug Offense,Illiterate,31,8,2,2,68.2
54,Female,Theft,Primary,38,6,0,1,29.6
44,Male,Vandalism,Primary,36,11,2,0,38.0
42,Male,Assault,Bachelor's,78,9,2,1,47.5
37,Male,Theft,Postgraduate education,9,11,0,0,23.3
31,Male,Robbery,Illiterate,66,12,3,2,82.2
29,Male,Theft,Preparatory,47,11,4,1,52.2
56,Male,Theft,Primary,21,6,2,1,36.2
62,Male,Theft,Primary,19,10,4,2,54.0
58,Male,Vandalism,Primary,10,13,0,2,45.1
52,Male,Theft,Primary,12,9,2,1,35.8
22,Male,Vandalism,Secondary,21,12,2,2,52.6
46,Male,Drug Offense,Secondary,46,9,3,0,34.3
50,Male,Assault,Secondary,79,15,6,2,76.0
65,Male,Burglary,Illiterate,55,11,4,0,53.3
54,Male,Theft,Secondary,20,10,4,1,38.3
54,Male,Arson,Preparatory,119,12,2,1,53.9
46,Female,Burglary,Secondary,52,11,2,2,51.1
49,Female,Assault,Preparatory,65,10,0,1,57.6
60,Male,Burglary,Preparatory,43,5,0,0,24.9
36,Male,Fraud,Secondary,16,13,2,1,45.6
47,Male,Burglary,Literate,61,6,0,1,41.9
43,Male,Vandalism,Illiterate,32,7,0,1,42.0
44,Male,Assault,Secondary,87,6,2,1,48.5
58,Male,Theft,Primary,11,5,1,1,32.8
36,Male,Sexual Offense,Literate,157,9,0,1,65.0
63,Male,Murder,Secondary,227,8,2,1,54.3
32,Female,Weapons Offense,Preparatory,39,8,1,2,66.4
59,Male,Assault,Secondary,89,11,4,0,57.6
63,Male,Vandalism,Postgraduate education,18,9,3,1,22.5
47,Male,Fraud,Bachelor's,77,13,1,2,49.7
65,Female,Cybercrime,Primary,56,9,1,0,35.1
44,Male,Vandalism,Primary,3,10,0,1,36.1
36,Male,Vandalism,Secondary,34,12,5,1,60.6
27,Male,Assault,Primary,93,10,0,1,58.7
42,Male,Robbery,Primary,125,10,4,1,63.7
33,Male,Burglary,Secondary,14,6,2,1,38.9
38,Male,Sexual Offense,Secondary,194,11,1,0,60.7
60,Male,Drug Offense,Literate,16,14,5,1,60.1
26,Male,Drug Offense,Bachelor's,68,18,4,3,77.4
24,Male,Assault,Secondary,76,13,2,2,78.5
59,Female,Theft,Secondary,19,8,1,2,33.1
39,Male,Fraud,Illiterate,54,12,3,2,69.3
61,Male,Fraud,Primary,74,11,1,1,39.0
52,Male,Theft,Secondary,21,5,0,0,25.1
32,Male,Assault,Illiterate,105,9,2,1,69.0
63,Female,Assault,Secondary,27,13,5,1,61.2
20,Male,Theft,Primary,30,13,0,3,62.9
27,Male,Fraud,Secondary,35,10,4,0,52.4
28,Male,Drug Offense,Preparatory,42,14,0,3,72.7
49,Female,Theft,Preparatory,19,16,1,0,44.8
47,Male,Theft,Secondary,21,15,4,0,43.1
61,Male,Theft,Bachelor's,40,7,2,0,26.5
37,Male,Assault,Primary,62,10,2,3,75.3
30,Female,Vandalism,Literate,27,6,0,0,40.0
54,Male,Robbery,Secondary,38,4,0,0,22.8
60,Male,Theft,Bachelor's,6,10,4,1,28.6
56,Male,Vandalism,Bachelor's,17,14,2,1,42.5
56,Male,Burglary,Primary,28,7,2,0,34.4
61,Male,Arson,Secondary,53,10,3,2,62.5
58,Male,Drug Offense,Illiterate,68,9,2,2,68.8
20,Male,Kidnapping,Illiterate,195,8,1,1,77.5
38,Male,Burglary,Literate,46,11,4,1,57.3
41,Male,Weapons Offense,Bachelor's,56,17,4,2,71.4
48,Female,Robbery,Bachelor's,138,14,5,4,84.2
25,Male,Theft,Secondary,17,14,2,4,66.0
61,Male,Public Order,Postgraduate education,18,6,0,1,17.5
41,Male,Fraud,Primary,27,11,0,2,52.5
47,Male,Kidnapping,Primary,217,11,2,1,64.8
58,Female,Theft,Primary,4,10,4,2,66.8
57,Female,Murder,Bachelor's,293,14,2,2,77.4
59,Male,Vandalism,Bachelor's,22,10,3,2,47.1
59,Male,Theft,Bachelor's,22,18,4,4,69.7
49,Male,Burglary,Preparatory,36,10,1,2,56.0
47,Male,Weapons Offense,Secondary,93,8,2,0,47.6
44,Male,Sexual Offense,Bachelor's,121,13,0,2,62.3
49,Male,Weapons Offense,Primary,71,14,2,4,87.8
31,Male,Public Order,Bachelor's,4,11,4,2,57.3
61,Male,Weapons Offense,Secondary,31,18,6,1,70.6
43,Male,Public Order,Bachelor's,15,12,3,1,38.2
23,Male,Drug Offense,Secondary,14,14,6,1,77.8
21,Male,Burglary,Literate,48,7,0,0,39.2
31,Male,Arson,Primary,63,6,2,1,61.0
32,Male,Theft,Bachelor's,3,9,0,0,26.7
35,Male,Theft,Literate,19,13,3,1,59.2
29,Male,Cybercrime,Literate,28,10,2,1,57.9
33,Male,Theft,Primary,11,6,2,0,44.6
65,Male,Theft,Illiterate,31,12,5,1,59.8
41,Male,Theft,Preparatory,42,9,2,0,32.9
20,Male,Weapons Offense,Secondary,62,5,1,0,47.5
47,Male,Theft,Postgraduate education,28,6,0,0,23.4
45,Male,Assault,Bachelor's,33,9,2,2,50.4
23,Male,Theft,Literate,42,9,2,1,51.0
58,Male,Sexual Offense,Preparatory,231,14,3,0,73.9
36,Male,Drug Offense,Illiterate,26,13,3,4,84.8
59,Male,Arson,Secondary,63,11,0,1,38.3
45,Male,Burglary,Primary,41,7,1,1,47.5
43,Male,Theft,Preparatory,45,6,1,1,28.7
34,Male,Theft,Bachelor's,7,12,0,0,36.0
23,Male,Theft,Illiterate,26,6,1,1,54.3
26,Male,Murder,Secondary,348,7,1,1,68.9
60,Male,Fraud,Secondary,66,14,4,3,61.2
64,Male,Robbery,Primary,49,9,1,2,57.7
54,Male,Theft,Preparatory,9,13,3,0,36.9
40,Male,Fraud,Secondary,40,17,2,5,84.7
45,Male,Public Order,Secondary,20,11,3,3,60.7
61,Male,Theft,Bachelor's,47,17,3,5,70.8
35,Male,Robbery,Secondary,79,12,5,1,74.4
40,Male,Cybercrime,Secondary,31,13,0,3,51.1
22,Male,Drug Offense,Illiterate,79,4,0,0,49.6
31,Male,Assault,Literate,63,10,2,2,78.9
64,Male,Weapons Offense,Secondary,30,14,2,3,65.2
27,Male,Drug Offense,Secondary,46,10,4,3,69.7
46,Male,Assault,Preparatory,58,5,0,0,49.9
31,Male,Theft,Preparatory,21,9,2,0,41.8
61,Male,Assault,Secondary,29,12,3,3,69.6
32,Male,Drug Offense,Illiterate,50,11,4,1,76.6
31,Male,Arson,Primary,51,15,1,2,72.1
18,Male,Assault,Literate,92,7,0,0,57.7
63,Male,Murder,Secondary,361,9,1,1,61.3
22,Male,Kidnapping,Preparatory,237,20,4,5,100.0
22,Male,Murder,Secondary,393,14,6,0,93.6
36,Male,Theft,Primary,42,12,0,2,47.0
47,Male,Weapons Offense,Illiterate,37,14,0,3,68.8
33,Male,Fraud,Illiterate,51,9,2,1,57.6
65,Male,Robbery,Literate,101,8,0,0,37.4
58,Male,Assault,Bachelor's,68,7,0,0,29.5
40,Male,Vandalism,Secondary,18,12,0,3,48.2
24,Male,Burglary,Secondary,60,13,5,3,77.5
59,Male,Public Order,Secondary,15,7,0,0,18.2
54,Male,Assault,Bachelor's,96,7,2,0,38.6
59,Male,Drug Offense,Bachelor's,92,12,1,3,52.6
38,Male,Theft,Preparatory,22,12,0,1,41.0
35,Male,Fraud,Illiterate,71,7,2,1,52.6
46,Male,Fraud,Primary,23,10,4,3,63.1
57,Male,Fraud,Secondary,17,5,1,1,30.7
46,Female,Murder,Primary,423,14,1,0,77.7
50,Male,Theft,Literate,24,11,0,1,48.4
63,Male,Drug Offense,Illiterate,68,15,6,5,100.0
46,Male,Drug Offense,Preparatory,48,5,1,1,37.6
42,Male,Robbery,Secondary,137,9,0,0,47.7
58,Male,Theft,Illiterate,46,14,5,3,77.4
42,Male,Sexual Offense,Secondary,134,9,3,1,63.5
39,Male,Drug Offense,Bachelor's,51,8,2,2,49.8
59,Male,Fraud,Secondary,22,12,0,0,27.2
37,Male,Drug Offense,Primary,28,7,2,1,45.2
60,Male,Weapons Offense,Postgraduate education,91,12,5,0,53.1
23,Male,Assault,Preparatory,70,10,4,0,64.2
37,Male,Burglary,Bachelor's,43,8,1,0,29.9
30,Male,Theft,Illiterate,9,9,1,1,44.3
50,Male,Vandalism,Bachelor's,5,12,4,2,51.8
60,Male,Arson,Literate,84,11,3,0,54.8
27,Male,Vandalism,Secondary,13,10,4,3,59.0
64,Male,Fraud,Secondary,42,8,2,1,32.5
46,Male,Arson,Secondary,65,11,0,0,37.8
52,Male,Public Order,Secondary,7,7,1,0,19.8
41,Male,Murder,Preparatory,324,10,0,1,65.0
42,Male,Fraud,Literate,37,13,4,1,61.2
56,Male,Burglary,Secondary,67,5,1,1,42.0
41,Male,Theft,Bachelor's,10,13,1,0,34.5
36,Male,Burglary,Preparatory,44,8,0,1,42.3
27,Male,Theft,Bachelor's,31,13,1,4,63.4
40,Female,Fraud,Preparatory,59,14,0,4,70.0
33,Male,Theft,Primary,23,10,4,0,57.3
24,Male,Drug Offense,Secondary,29,4,1,0,40.7
20,Male,Vandalism,Secondary,11,9,2,0,37.8
63,Male,Drug Offense,Bachelor's,14,6,1,1,26.0
34,Male,Theft,Bachelor's,41,4,0,0,23.7
51,Male,Arson,Primary,51,11,0,2,59.9
21,Male,Drug Offense,Secondary,20,9,3,0,46.0
25,Male,Assault,Preparatory,104,8,2,1,58.7
50,Male,Sexual Offense,Primary,96,7,1,1,49.7
57,Male,Murder,Primary,223,10,3,3,81.5
51,Female,Theft,Preparatory,35,18,8,6,100.0
50,Male,Fraud,Preparatory,61,10,0,2,40.2
41,Male,Theft,Secondary,25,16,3,2,63.8
33,Male,Drug Offense,Secondary,54,16,0,5,90.2
26,Male,Murder,Secondary,269,5,0,0,55.5
61,Male,Sexual Offense,Secondary,130,13,1,4,74.9
22,Male,Weapons Offense,Illiterate,49,10,3,1,69.4
20,Male,Cybercrime,Primary,25,9,2,1,54.4
50,Male,Vandalism,Preparatory,5,9,1,1,38.0
59,Male,Fraud,Secondary,54,8,0,2,39.0
35,Male,Fraud,Bachelor's,68,11,0,0,27.3
42,Male,Burglary,Secondary,35,10,4,3,53.1
51,Male,Theft,Preparatory,30,6,0,1,28.3
56,Female,Burglary,Primary,18,10,4,3,63.0
23,Male,Robbery,Preparatory,127,14,6,4,100.0
45,Male,Assault,Preparatory,117,9,0,2,55.3
40,Male,Assault,Secondary,31,10,0,2,50.7
22,Male,Fraud,Preparatory,32,7,0,1,41.2
19,Male,Drug Offense,Secondary,16,12,3,3,73.4
26,Male,Arson,Preparatory,85,11,3,3,66.3
54,Male,Theft,Preparatory,26,9,2,2,48.1
41,Male,Theft,Literate,26,9,0,0,33.1
43,Male,Robbery,Postgraduate education,39,13,4,0,38.5
65,Male,Assault,Bachelor's,39,8,0,0,30.9
34,Male,Sexual Offense,Primary,169,8,0,2,69.2
62,Female,Assault,Literate,33,6,1,1,51.1
46,Male,Sexual Offense,Postgraduate education,177,13,4,1,62.7
60,Male,Theft,Secondary,22,17,0,0,32.8
28,Male,Weapons Offense,Secondary,70,10,1,3,73.8
50,Male,Public Order,Secondary,8,11,4,2,45.4
49,Male,Murder,Preparatory,462,5,1,0,62.4
26,Male,Theft,Primary,48,9,3,2,56.7
64,Male,Fraud,Preparatory,21,9,1,1,42.0
26,Female,Drug Offense,Preparatory,78,19,7,0,79.4
40,Male,Vandalism,Secondary,14,18,1,1,49.0
26,Male,Weapons Offense,Illiterate,39,13,1,4,93.0
51,Male,Burglary,Primary,57,13,2,1,54.5
32,Male,Weapons Offense,Bachelor's,34,7,2,1,56.9
34,Male,Public Order,Primary,21,16,4,3,71.3
37,Male,Theft,Secondary,40,7,0,0,20.1
55,Male,Drug Offense,Secondary,89,14,6,1,69.7
39,Male,Murder,Bachelor's,194,11,3,3,81.0
23,Male,Drug Offense,Secondary,95,6,2,1,48.1
31,Male,Fraud,Secondary,75,7,0,1,47.3
58,Male,Drug Offense,Primary,43,10,2,2,61.8
61,Male,Assault,Secondary,44,11,1,1,47.2
46,Male,Assault,Primary,42,13,1,4,75.6
38,Male,Robbery,Postgraduate education,80,12,2,1,53.6
43,Male,Fraud,Secondary,52,10,1,1,38.4
33,Male,Robbery,Primary,48,9,2,2,69.1
21,Male,Fraud,Secondary,43,9,3,1,51.5
28,Male,Weapons Offense,Secondary,48,11,4,1,58.1
28,Male,Assault,Preparatory,63,13,3,4,91.8
49,Male,Weapons Offense,Preparatory,54,11,1,2,59.4
31,Male,Theft,Primary,41,10,2,2,57.9
59,Male,Robbery,Illiterate,49,11,4,3,81.0
45,Male,Robbery,Preparatory,87,13,4,3,82.4
41,Male,Theft,Secondary,26,6,0,1,26.6
53,Male,Fraud,Preparatory,82,12,0,0,34.2
35,Male,Drug Offense,Secondary,28,11,2,2,61.1
24,Male,Vandalism,Primary,26,9,3,0,49.2
27,Male,Assault,Preparatory,29,7,1,0,44.4
20,Male,Robbery,Preparatory,94,10,4,2,79.4
27,Male,Assault,Primary,102,7,2,0,53.6
38,Male,Public Order,Secondary,10,13,4,3,62.5
55,Male,Vandalism,Preparatory,22,6,2,0,16.3
48,Male,Fraud,Secondary,65,12,5,1,55.6
55,Male,Cybercrime,Bachelor's,46,11,3,3,50.8
19,Male,Robbery,Secondary,135,8,1,2,62.7
55,Male,Sexual Offense,Secondary,139,7,1,0,51.3
51,Male,Drug Offense,Bachelor's,30,4,1,0,23.0
61,Male,Murder,Secondary,277,11,1,0,57.5
19,Male,Fraud,Preparatory,38,7,2,1,50.3
44,Male,Drug Offense,Preparatory,19,6,0,1,41.6
63,Male,Burglary,Primary,54,11,4,1,57.6
48,Male,Robbery,Literate,104,6,0,1,44.6
39,Male,Drug Offense,Bachelor's,94,7,0,1,33.5
62,Male,Assault,Bachelor's,59,9,1,2,50.1
53,Male,Weapons Offense,Postgraduate education,60,7,2,0,31.7
63,Male,Sexual Offense,Primary,185,13,1,1,62.9
53,Female,Vandalism,Primary,10,12,2,0,39.1
54,Male,Fraud,Postgraduate education,56,12,5,3,57.2
27,Male,Robbery,Secondary,80,13,4,3,79.2
46,Male,Kidnapping,Primary,257,10,3,1,71.1
35,Female,Sexual Offense,Literate,157,11,0,2,74.8
33,Male,Weapons Offense,Primary,53,10,2,3,71.8
21,Male,Robbery,Preparatory,123,13,0,2,63.7
26,Male,Murder,Bachelor's,388,9,2,2,79.5
59,Female,Cybercrime,Preparatory,18,8,3,0,28.9
36,Male,Drug Offense,Bachelor's,23,11,1,1,52.4
59,Male,Assault,Secondary,28,6,0,0,23.7
29,Male,Vandalism,Bachelor's,5,15,5,0,50.0
43,Male,Burglary,Secondary,67,9,3,2,54.2
36,Female,Theft,Secondary,9,8,1,1,30.9
39,Male,Public Order,Secondary,16,6,1,1,34.1
26,Male,Assault,Primary,38,11,4,0,62.8
39,Male,Assault,Primary,47,8,1,1,55.9
18,Male,Vandalism,Secondary,15,11,1,1,45.0
29,Male,Drug Offense,Preparatory,66,13,4,2,77.8
50,Male,Fraud,Illiterate,29,6,2,1,47.1
48,Male,Burglary,Primary,27,11,4,3,75.5
46,Male,Public Order,Primary,24,11,1,1,39.6
54,Male,Drug Offense,Secondary,19,4,0,0,25.7
60,Male,Robbery,Preparatory,100,12,5,2,74.6
63,Male,Sexual Offense,Secondary,171,12,0,1,51.7
41,Male,Burglary,Literate,21,12,2,1,48.9
47,Male,Drug Offense,Preparatory,82,14,2,2,56.8
48,Male,Vandalism,Bachelor's,18,21,3,0,50.2
61,Male,Cybercrime,Illiterate,34,14,2,2,62.9
51,Male,Theft,Secondary,6,12,0,3,42.1
53,Female,Burglary,Preparatory,22,7,0,1,41.6
38,Male,Assault,Secondary,115,8,0,2,56.0
55,Male,Cybercrime,Preparatory,9,11,3,3,53.3
47,Male,Fraud,Secondary,83,14,5,0,58.9
47,Male,Robbery,Illiterate,68,8,2,1,60.8
18,Male,Murder,Illiterate,356,14,4,3,100.0
62,Male,Public Order,Bachelor's,3,12,0,3,34.0
48,Male,Fraud,Secondary,65,14,0,4,60.2
41,Female,Fraud,Bachelor's,60,15,6,0,55.6
42,Male,Public Order,Bachelor's,5,8,1,0,28.1
59,Male,Theft,Postgraduate education,28,12,3,3,55.0
51,Male,Public Order,Bachelor's,1,7,2,1,23.0
37,Male,Sexual Offense,Preparatory,193,8,1,0,52.0
32,Male,Fraud,Primary,26,7,0,0,45.6
20,Male,Fraud,Secondary,14,10,3,3,63.5
33,Male,Theft,Illiterate,41,11,0,1,50.0
61,Male,Theft,Secondary,28,10,1,2,43.1
46,Male,Burglary,Bachelor's,15,3,0,0,16.7
26,Male,Robbery,Secondary,129,13,2,0,60.4
54,Male,Drug Offense,Secondary,53,3,0,0,29.3
33,Male,Theft,Secondary,17,14,4,3,65.8
44,Male,Theft,Bachelor's,14,12,1,2,46.7
58,Male,Murder,Illiterate,356,7,0,0,65.1
59,Male,Vandalism,Primary,29,12,3,3,60.5
44,Male,Fraud,Secondary,72,4,0,0,23.8
33,Male,Robbery,Secondary,139,9,1,1,55.3
47,Female,Murder,Postgraduate education,465,10,0,0,60.9
51,Male,Burglary,Primary,53,6,1,0,33.7
23,Female,Vandalism,Illiterate,15,13,3,2,79.8
21,Male,Drug Offense,Secondary,21,9,2,1,54.5
30,Male,Murder,Secondary,291,13,4,2,84.7
48,Male,Weapons Offense,Primary,25,9,2,0,54.4
31,Female,Public Order,Literate,16,9,2,2,52.4
33,Male,Sexual Offense,Preparatory,157,9,3,1,70.9
53,Male,Robbery,Preparatory,119,9,1,0,42.4
40,Male,Fraud,Bachelor's,71,11,0,0,30.4
24,Male,Sexual Offense,Secondary,177,10,2,2,79.9
31,Male,Fraud,Secondary,40,9,2,0,44.8
65,Male,Robbery,Bachelor's,110,11,3,0,45.8
64,Male,Theft,Primary,27,6,2,0,30.5
54,Male,Assault,Secondary,111,2,0,0,29.5
39,Male,Vandalism,Postgraduate education,34,9,1,1,28.7
47,Male,Vandalism,Literate,34,8,0,0,40.6
29,Female,Murder,Secondary,210,17,6,5,100.0
51,Male,Vandalism,Bachelor's,6,18,5,3,67.7
18,Male,Vandalism,Primary,12,10,4,2,64.7
18,Male,Assault,Illiterate,105,13,1,0,74.3
60,Female,Weapons Offense,Secondary,26,10,4,3,66.6
18,Male,Fraud,Illiterate,47,6,0,0,49.7
52,Female,Theft,Secondary,46,7,2,1,28.9
45,Male,Weapons Offense,Literate,36,13,4,3,78.0
51,Male,Burglary,Preparatory,64,15,2,4,64.0
40,Male,Fraud,Preparatory,63,10,2,2,57.8
47,Male,Public Order,Primary,22,6,0,1,32.8
23,Male,Vandalism,Secondary,8,5,1,0,34.4
43,Male,Murder,Illiterate,184,8,2,0,61.2
62,Male,Assault,Preparatory,66,9,0,1,53.6
54,Female,Public Order,Bachelor's,2,10,3,2,44.7
32,Male,Cybercrime,Bachelor's,36,15,5,2,64.9
35,Male,Theft,Bachelor's,37,9,1,0,35.6
54,Male,Burglary,Bachelor's,13,12,1,3,48.5
31,Male,Arson,Secondary,86,8,1,0,41.4
22,Male,Murder,Secondary,379,18,2,1,90.5
61,Female,Robbery,Secondary,53,8,0,0,30.4
62,Male,Assault,Postgraduate education,30,14,6,0,54.8
24,Male,Vandalism,Primary,28,12,3,1,69.4
38,Male,Robbery,Postgraduate education,98,11,4,0,51.1
32,Male,Weapons Offense,Preparatory,72,12,1,1,60.0
23,Male,Robbery,Primary,45,6,2,0,47.1
23,Male,Fraud,Secondary,31,7,2,1,44.7
65,Male,Fraud,Illiterate,51,14,5,4,81.0
46,Male,Robbery,Literate,59,9,2,0,55.3
45,Male,Murder,Preparatory,193,9,1,1,66.9
23,Male,Theft,Secondary,23,7,0,1,40.4
42,Male,Fraud,Secondary,83,6,1,1,29.0
33,Male,Burglary,Preparatory,20,10,1,3,58.6
35,Male,Assault,Illiterate,79,12,0,1,63.4
35,Male,Assault,Illiterate,56,11,4,3,81.0
33,Male,Assault,Secondary,82,5,0,0,43.9
24,Male,Theft,Preparatory,42,14,3,1,60.8
42,Male,Robbery,Primary,140,15,3,2,81.2
59,Female,Theft,Primary,47,5,1,0,33.4
30,Male,Burglary,Preparatory,32,12,4,0,49.8
36,Male,Drug Offense,Postgraduate education,43,14,3,2,57.9
38,Male,Vandalism,Preparatory,10,8,2,2,47.1
54,Male,Public Order,Literate,18,11,4,1,50.1
19,Female,Assault,Secondary,80,9,1,1,60.7
36,Male,Theft,Bachelor's,29,13,0,4,59.5
61,Male,Drug Offense,Primary,96,14,0,2,58.1
27,Male,Vandalism,Illiterate,33,12,3,0,58.8
55,Male,Assault,Bachelor's,112,6,1,1,39.3
44,Male,Vandalism,Primary,8,10,4,3,64.7
24,Male,Drug Offense,Primary,94,10,1,1,61.0
57,Male,Public Order,Secondary,13,17,2,5,78.6
39,Female,Assault,Illiterate,57,18,5,0,83.1
32,Male,Assault,Secondary,97,8,2,0,52.1
32,Male,Fraud,Secondary,76,6,2,0,36.7
27,Male,Theft,Literate,29,13,5,4,89.5
23,Male,Weapons Offense,Literate,63,7,2,0,55.4
39,Male,Burglary,Preparatory,42,14,2,0,42.3
24,Male,Sexual Offense,Primary,172,7,2,0,70.7
20,Male,Theft,Bachelor's,44,7,0,0,30.7
24,Male,Burglary,Postgraduate education,27,7,1,0,30.7
51,Male,Burglary,Secondary,41,18,8,0,62.8
32,Male,Drug Offense,Primary,96,6,1,0,44.0
45,Male,Kidnapping,Bachelor's,235,11,4,3,76.5
55,Male,Theft,Primary,20,12,0,2,52.0
63,Male,Theft,Literate,37,15,3,0,51.1
29,Male,Burglary,Literate,54,4,0,0,39.4
49,Male,Drug Offense,Secondary,90,10,0,1,49.3
43,Male,Fraud,Bachelor's,34,18,5,5,82.0
61,Male,Robbery,Secondary,46,10,4,2,53.9
61,Male,Theft,Primary,14,14,5,0,50.4
41,Male,Assault,Preparatory,41,7,2,0,46.7
54,Male,Burglary,Secondary,56,16,4,1,54.3
59,Female,Burglary,Literate,30,19,7,5,97.7
26,Male,Vandalism,Secondary,25,11,2,3,61.7
18,Male,Burglary,Preparatory,47,11,3,0,57.0
50,Male,Fraud,Preparatory,68,9,2,2,50.1
49,Male,Murder,Secondary,292,6,2,1,62.5
36,Male,Burglary,Primary,61,10,1,3,60.9
47,Male,Arson,Preparatory,101,8,2,1,50.9
25,Male,Robbery,Secondary,82,9,2,2,66.7
52,Male,Theft,Secondary,37,17,5,0,48.1
31,Female,Theft,Bachelor's,18,11,3,0,43.3
37,Female,Theft,Primary,8,7,0,1,35.8
46,Male,Theft,Secondary,16,7,1,0,23.2
65,Male,Fraud,Secondary,66,11,2,0,42.3
28,Male,Vandalism,Secondary,6,8,2,2,47.6
54,Male,Robbery,Preparatory,77,9,1,2,47.5
63,Male,Murder,Bachelor's,443,7,2,1,64.9
61,Male,Theft,Secondary,29,7,1,0,23.1
21,Female,Cybercrime,Literate,14,13,3,2,75.1
33,Male,Robbery,Primary,143,10,4,3,84.5
61,Male,Theft,Secondary,43,9,0,0,23.3
44,Male,Theft,Secondary,8,11,4,0,37.4
43,Male,Robbery,Bachelor's,83,7,2,1,41.1
47,Female,Robbery,Illiterate,135,19,3,6,100.0
64,Male,Public Order,Secondary,23,13,2,0,31.4
40,Male,Vandalism,Preparatory,30,9,1,2,48.4
31,Male,Robbery,Primary,106,10,2,2,66.7
54,Male,Vandalism,Secondary,6,10,2,1,37.9
20,Male,Vandalism,Preparatory,10,17,0,0,55.5
28,Male,Theft,Bachelor's,15,11,0,2,41.5
62,Female,Cybercrime,Primary,23,10,3,0,41.8
23,Male,Burglary,Preparatory,69,12,2,1,61.3
59,Male,Fraud,Primary,41,8,0,0,32.4
45,Male,Sexual Offense,Illiterate,218,8,3,0,72.4
22,Male,Burglary,Secondary,12,12,0,0,46.5
18,Male,Vandalism,Postgraduate education,30,9,3,1,44.6
62,Male,Theft,Preparatory,9,11,3,3,54.5
24,Male,Cybercrime,Literate,55,10,2,2,60.5
26,Male,Drug Offense,Illiterate,84,14,4,2,79.9
18,Male,Burglary,Primary,25,11,3,0,50.3
58,Male,Weapons Offense,Secondary,80,8,0,1,42.4
31,Male,Theft,Secondary,40,8,1,0,31.3
64,Male,Public Order,Primary,5,12,1,1,33.3
33,Male,Theft,Secondary,41,9,0,1,35.7
64,Male,Arson,Secondary,120,15,5,4,86.1
37,Male,Drug Offense,Primary,62,21,9,4,100.0
36,Male,Vandalism,Secondary,18,7,0,0,25.6
49,Male,Burglary,Secondary,16,10,2,1,51.4
51,Female,Theft,Preparatory,23,11,1,2,44.8
26,Male,Vandalism,Preparatory,14,11,3,2,65.1
48,Female,Arson,Illiterate,44,10,1,1,57.0
18,Male,Theft,Illiterate,28,11,2,1,69.3
50,Male,Sexual Offense,Secondary,204,11,2,3,72.4
62,Male,Drug Offense,Preparatory,31,5,0,0,22.8
35,Male,Theft,Bachelor's,12,9,0,2,41.6
52,Male,Murder,Secondary,213,18,5,5,100.0
37,Male,Sexual Offense,Bachelor's,110,9,0,2,56.8
33,Male,Assault,Preparatory,101,12,3,0,70.4
21,Male,Kidnapping,Secondary,150,12,0,0,63.4
18,Male,Sexual Offense,Literate,184,14,6,0,89.6
51,Male,Vandalism,Primary,26,7,0,1,28.9
26,Male,Cybercrime,Secondary,13,12,2,3,62.1
19,Male,Assault,Preparatory,57,10,1,1,63.8
63,Female,Drug Offense,Preparatory,77,12,5,3,73.0
41,Male,Vandalism,Literate,13,15,0,0,41.5
34,Male,Cybercrime,Secondary,13,14,2,4,73.5
32,Male,Theft,Bachelor's,3,11,3,1,44.7
33,Male,Fraud,Bachelor's,34,8,0,0,29.3
20,Male,Weapons Offense,Secondary,77,16,6,2,81.0
32,Male,Fraud,Secondary,46,9,0,1,39.0
22,Male,Theft,Secondary,6,4,0,0,26.1
29,Male,Assault,Illiterate,75,12,3,2,80.3
22,Female,Cybercrime,Secondary,25,8,3,1,47.4
38,Male,Assault,Preparatory,61,10,1,3,66.6
54,Male,Kidnapping,Primary,214,7,0,1,56.5
55,Female,Public Order,Secondary,24,11,1,2,36.4
52,Male,Burglary,Illiterate,38,15,4,2,67.5
19,Male,Fraud,Bachelor's,13,8,0,1,37.2
39,Male,Drug Offense,Bachelor's,51,10,0,0,38.0
24,Male,Public Order,Preparatory,2,10,3,2,47.0
27,Male,Theft,Bachelor's,36,10,0,1,34.6
44,Male,Fraud,Postgraduate education,22,15,1,3,48.4
55,Male,Theft,Secondary,7,7,2,0,26.6
55,Male,Assault,Postgraduate education,54,7,1,0,31.2
36,Male,Robbery,Secondary,125,12,1,0,54.6
65,Male,Assault,Primary,49,7,0,1,43.8
26,Male,Murder,Literate,264,10,1,0,72.5
46,Male,Fraud,Preparatory,38,12,4,0,52.2
46,Male,Robbery,Literate,56,14,0,0,50.2
61,Male,Sexual Offense,Secondary,151,10,0,2,57.7
38,Male,Sexual Offense,Postgraduate education,197,10,2,1,55.2
50,Male,Robbery,Bachelor's,58,9,2,0,44.6
19,Female,Vandalism,Secondary,18,7,1,1,36.8
24,Male,Vandalism,Literate,3,7,2,1,53.0
21,Male,Public Order,Literate,13,9,1,2,56.1
41,Male,Weapons Offense,Illiterate,57,11,3,2,72.7
22,Male,Theft,Bachelor's,31,9,3,0,41.1
26,Male,Vandalism,Secondary,10,9,1,0,27.2
20,Female,Theft,Bachelor's,30,10,1,3,62.3
64,Male,Theft,Secondary,14,6,0,0,16.7
40,Male,Burglary,Primary,68,11,3,1,55.0
27,Male,Drug Offense,Primary,49,11,1,3,77.5
49,Male,Murder,Illiterate,323,8,2,0,72.4
42,Male,Burglary,Bachelor's,45,7,1,1,35.1
33,Male,Vandalism,Secondary,27,7,1,1,41.1
63,Male,Murder,Preparatory,469,9,1,1,68.3
50,Male,Robbery,Illiterate,112,12,5,2,82.3
32,Male,Vandalism,Primary,33,11,4,3,73.0
51,Male,Murder,Primary,261,7,1,1,59.8
24,Male,Burglary,Preparatory,62,7,0,1,42.6
65,Male,Public Order,Primary,13,7,1,1,25.1
40,Female,Public Order,Literate,8,13,5,2,72.7
55,Male,Kidnapping,Primary,271,9,1,1,64.4
19,Male,Fraud,Secondary,30,12,4,3,74.5
54,Female,Vandalism,Secondary,34,11,4,0,42.9
52,Male,Assault,Illiterate,53,14,5,3,83.0
56,Male,Assault,Illiterate,102,11,2,1,66.8
30,Male,Fraud,Literate,53,11,4,0,63.9
21,Male,Murder,Bachelor's,236,9,2,0,72.8
51,Male,Public Order,Preparatory,22,7,2,1,38.8
43,Male,Robbery,Primary,56,11,4,3,71.4
64,Female,Vandalism,Postgraduate education,23,10,1,3,38.8
29,Male,Murder,Bachelor's,362,9,3,2,84.0
32,Male,Vandalism,Preparatory,21,20,5,2,80.7
26,Male,Theft,Secondary,39,9,1,1,43.3
43,Male,Arson,Secondary,59,11,1,3,61.8
56,Male,Vandalism,Secondary,9,9,1,2,32.7
49,Male,Kidnapping,Primary,201,14,0,1,70.6
28,Male,Public Order,Bachelor's,22,11,3,3,59.3
58,Male,Robbery,Illiterate,62,4,0,0,41.9
33,Male,Fraud,Secondary,12,14,6,4,83.5
21,Male,Kidnapping,Postgraduate education,225,9,3,2,72.4
49,Female,Fraud,Preparatory,73,7,2,0,35.8
54,Male,Drug Offense,Literate,21,13,3,4,77.4
20,Male,Robbery,Bachelor's,45,4,1,0,35.6
39,Male,Fraud,Secondary,82,10,1,3,52.8
23,Male,Public Order,Bachelor's,23,19,7,6,100.0
19,Male,Drug Offense,Secondary,67,13,4,3,79.1
28,Male,Robbery,Postgraduate education,88,8,3,0,48.4
62,Male,Weapons Offense,Secondary,60,13,5,1,64.7
37,Male,Theft,Secondary,34,11,1,3,55.1
27,Male,Theft,Illiterate,45,8,3,1,55.9
58,Male,Burglary,Illiterate,22,12,1,0,49.9
58,Male,Theft,Bachelor's,22,7,1,0,21.0
43,Male,Cybercrime,Primary,47,10,3,3,59.5
52,Male,Fraud,Preparatory,35,12,0,2,44.0
46,Male,Assault,Primary,58,12,5,3,85.0
54,Male,Arson,Secondary,46,6,0,1,44.5
60,Male,Murder,Postgraduate education,296,7,0,0,42.2
53,Male,Fraud,Preparatory,80,12,5,3,65.4
61,Male,Assault,Bachelor's,84,7,1,1,37.1
37,Male,Weapons Offense,Secondary,88,6,2,1,45.2
54,Female,Vandalism,Secondary,12,10,4,1,41.5
25,Female,Assault,Bachelor's,45,7,2,0,45.3
31,Male,Theft,Preparatory,46,11,3,0,48.6
45,Male,Vandalism,Literate,19,10,1,3,53.9
38,Female,Weapons Offense,Illiterate,73,10,0,0,49.9
53,Male,Robbery,Primary,94,6,1,0,38.2
18,Male,Drug Offense,Preparatory,65,13,4,4,95.3
25,Male,Theft,Secondary,9,7,1,1,34.2
24,Male,Theft,Primary,37,9,0,2,53.8
40,Female,Robbery,Secondary,109,13,3,0,55.8
56,Male,Burglary,Preparatory,51,12,1,1,45.1
56,Male,Fraud,Preparatory,54,11,1,0,36.2
62,Male,Kidnapping,Bachelor's,215,16,5,4,94.4
19,Male,Vandalism,Primary,34,12,0,0,43.4
62,Male,Public Order,Primary,10,8,2,1,32.5
65,Male,Vandalism,Primary,29,8,0,2,31.2
56,Male,Burglary,Primary,64,15,4,3,74.1
44,Male,Arson,Bachelor's,43,12,3,2,66.1
50,Male,Theft,Secondary,28,8,3,2,41.8
26,Male,Assault,Secondary,46,14,0,3,67.7
30,Female,Burglary,Illiterate,14,16,0,3,69.9
47,Male,Fraud,Primary,59,8,0,0,36.1
47,Male,Drug Offense,Literate,15,8,3,0,53.4
33,Male,Drug Offense,Literate,72,13,0,4,82.4
55,Male,Fraud,Bachelor's,45,14,3,3,53.7
65,Male,Theft,Illiterate,6,8,0,1,36.2
28,Male,Arson,Primary,64,8,0,1,51.3
59,Male,Burglary,Secondary,44,6,1,0,18.9
19,Male,Public Order,Secondary,16,11,4,3,65.8
26,Male,Drug Offense,Illiterate,44,5,0,0,50.1
56,Male,Robbery,Postgraduate education,118,13,2,1,44.2
35,Male,Fraud,Primary,44,5,1,0,30.1
31,Male,Drug Offense,Bachelor's,62,11,2,3,63.7
55,Male,Assault,Secondary,71,11,3,1,52.2
53,Male,Drug Offense,Primary,25,6,0,1,41.9
48,Male,Public Order,Secondary,9,10,4,2,46.0
34,Male,Public Order,Secondary,7,12,2,0,40.1
27,Male,Burglary,Illiterate,66,13,0,0,49.1
56,Male,Robbery,Literate,39,14,4,2,74.2
59,Male,Robbery,Bachelor's,87,7,0,0,27.9
42,Male,Murder,Postgraduate education,277,10,2,3,79.3
39,Male,Burglary,Preparatory,62,12,1,2,45.2
48,Female,Drug Offense,Preparatory,33,6,1,1,40.5
60,Female,Burglary,Illiterate,20,11,4,2,61.3
65,Male,Vandalism,Secondary,14,12,2,3,50.7
61,Female,Drug Offense,Primary,40,10,3,3,63.9
65,Female,Assault,Bachelor's,71,9,1,1,35.6
34,Male,Assault,Literate,30,10,3,3,81.3
58,Male,Weapons Offense,Illiterate,48,10,2,2,64.3
50,Male,Drug Offense,Preparatory,64,18,7,6,100.0
21,Female,Theft,Postgraduate education,24,9,1,1,43.1
44,Female,Cybercrime,Postgraduate education,15,12,3,1,39.3
38,Male,Burglary,Illiterate,33,14,1,4,78.3
58,Female,Robbery,Illiterate,93,9,2,1,61.4
35,Male,Arson,Secondary,56,10,4,1,56.1
49,Male,Arson,Literate,91,11,2,2,74.7
58,Male,Assault,Preparatory,24,8,1,2,49.1
20,Male,Kidnapping,Bachelor's,202,17,7,2,100.0
51,Male,Drug Offense,Secondary,43,10,2,0,38.5
32,Male,Fraud,Literate,61,7,0,0,39.2
50,Male,Burglary,Bachelor's,31,15,1,4,49.8
36,Male,Assault,Preparatory,79,11,1,1,60.0
61,Female,Fraud,Bachelor's,57,8,0,1,32.4
30,Male,Weapons Offense,Secondary,26,6,1,0,43.5
32,Male,Public Order,Primary,1,17,0,5,74.5
55,Male,Theft,Secondary,5,9,2,0,25.9
42,Female,Burglary,Preparatory,15,7,0,1,41.2
56,Female,Drug Offense,Secondary,14,8,2,2,47.6
21,Male,Fraud,Preparatory,82,7,0,1,40.9
34,Male,Theft,Secondary,43,6,0,1,32.0
18,Male,Drug Offense,Secondary,46,5,1,0,40.2
57,Male,Theft,Bachelor's,9,11,1,2,37.8
50,Male,Theft,Literate,9,9,3,2,49.2
49,Male,Burglary,Primary,45,10,1,0,45.0
30,Male,Fraud,Literate,82,6,1,0,44.7
49,Female,Drug Offense,Preparatory,42,9,3,1,60.2
18,Male,Theft,Literate,39,7,0,1,43.4
60,Male,Weapons Offense,Secondary,33,8,2,1,48.2
64,Male,Weapons Offense,Secondary,82,13,3,1,52.8
36,Male,Theft,Secondary,5,9,1,2,47.3
36,Male,Drug Offense,Preparatory,26,8,1,0,35.3
24,Male,Cybercrime,Illiterate,14,12,4,2,74.4
60,Male,Robbery,Bachelor's,115,11,1,1,38.2
35,Female,Theft,Secondary,14,8,3,1,40.3
25,Male,Public Order,Primary,13,8,0,2,43.9
62,Male,Vandalism,Secondary,13,7,1,1,32.6
25,Male,Sexual Offense,Postgraduate education,136,8,0,1,52.6
24,Male,Drug Offense,Secondary,68,11,3,1,56.3
29,Male,Arson,Secondary,52,13,3,1,61.2
48,Female,Theft,Preparatory,5,7,0,1,33.8
22,Male,Robbery,Secondary,122,14,0,1,58.3
51,Male,Murder,Secondary,353,7,0,1,58.2
51,Male,Sexual Offense,Illiterate,159,10,2,3,81.4
48,Male,Drug Offense,Preparatory,83,12,1,2,58.2
57,Male,Drug Offense,Literate,72,13,3,4,85.1
49,Male,Theft,Preparatory,18,10,1,3,56.2
39,Female,Theft,Primary,44,8,3,1,50.3
42,Male,Burglary,Preparatory,63,11,4,2,59.5
54,Male,Vandalism,Preparatory,10,9,3,0,33.3
49,Male,Theft,Preparatory,5,12,5,3,66.8
53,Male,Vandalism,Secondary,22,11,2,0,19.5
50,Male,Drug Offense,Preparatory,55,10,4,2,66.3
41,Male,Vandalism,Bachelor's,24,9,0,2,37.2
53,Male,Drug Offense,Secondary,58,7,2,1,47.2
63,Male,Theft,Secondary,3,11,1,0,18.7
39,Male,Drug Offense,Secondary,82,8,0,1,48.5
51,Male,Theft,Bachelor's,34,9,0,2,35.8
26,Male,Kidnapping,Preparatory,185,5,1,0,52.7
57,Male,Theft,Bachelor's,16,13,0,3,49.4
47,Male,Burglary,Primary,60,9,1,2,52.4
44,Male,Drug Offense,Secondary,27,18,6,2,78.0
46,Male,Murder,Preparatory,435,8,3,2,81.2
18,Male,Theft,Bachelor's,40,3,0,0,23.7
48,Female,Vandalism,Bachelor's,14,16,2,5,67.1
64,Male,Theft,Secondary,41,13,5,2,52.6
38,Male,Fraud,Postgraduate education,43,10,0,0,27.6
35,Male,Fraud,Primary,29,8,2,0,44.1
26,Male,Sexual Offense,Secondary,172,12,3,1,79.8
62,Male,Robbery,Secondary,106,8,0,1,41.7
58,Male,Burglary,Secondary,55,13,0,3,48.5
40,Female,Theft,Secondary,14,14,0,2,46.5
50,Male,Drug Offense,Secondary,57,11,1,1,35.4
53,Male,Murder,Secondary,393,12,0,0,56.0
61,Male,Vandalism,Primary,30,7,0,1,25.8
18,Male,Theft,Literate,45,6,1,1,44.5
21,Male,Arson,Literate,72,12,1,3,89.2
61,Male,Vandalism,Secondary,21,14,4,2,59.5
31,Male,Theft,Secondary,9,8,2,2,43.0
57,Male,Kidnapping,Bachelor's,285,10,3,0,58.1
53,Male,Assault,Secondary,113,13,3,2,59.9
36,Male,Theft,Preparatory,29,7,2,1,35.5
61,Male,Murder,Illiterate,308,9,3,1,69.3
30,Male,Vandalism,Bachelor's,17,15,3,5,72.2
58,Male,Drug Offense,Secondary,81,11,4,3,64.0
65,Male,Arson,Postgraduate education,73,6,2,0,32.9
46,Male,Drug Offense,Primary,34,5,0,0,42.2
65,Male,Fraud,Preparatory,83,7,2,1,38.4
34,Male,Murder,Primary,349,8,3,1,72.5
47,Male,Theft,Literate,23,14,3,2,57.8
56,Male,Weapons Offense,Secondary,62,11,4,1,57.3
49,Male,Murder,Illiterate,342,13,1,2,88.0
51,Male,Burglary,Illiterate,44,12,4,2,66.0
28,Male,Assault,Illiterate,52,7,1,1,59.7
31,Male,Robbery,Primary,132,9,2,2,73.5
57,Male,Public Order,Bachelor's,21,6,0,0,12.2
18,Male,Fraud,Primary,43,4,0,0,34.4
20,Male,Robbery,Bachelor's,50,15,1,0,54.0
42,Male,Sexual Offense,Illiterate,228,15,3,0,85.1
41,Male,Assault,Preparatory,61,9,1,0,39.7
59,Male,Assault,Bachelor's,45,6,1,0,36.0
52,Male,Drug Offense,Primary,92,5,0,1,43.4
31,Male,Assault,Literate,92,6,2,1,50.7
62,Female,Kidnapping,Preparatory,138,6,2,1,53.5
65,Male,Theft,Secondary,5,11,4,0,32.6
23,Male,Burglary,Primary,16,11,3,2,71.1
54,Male,Weapons Offense,Preparatory,81,9,2,2,55.5
58,Male,Robbery,Preparatory,51,12,0,2,57.4
52,Male,Sexual Offense,Illiterate,107,12,5,2,91.6
62,Male,Fraud,Preparatory,49,9,2,2,43.7
61,Male,Theft,Secondary,31,4,0,0,12.9
42,Male,Drug Offense,Preparatory,80,9,0,1,48.0
32,Male,Fraud,Secondary,81,6,0,1,29.9
36,Female,Theft,Secondary,44,6,1,0,34.1
41,Female,Theft,Bachelor's,12,8,2,2,43.0
25,Male,Murder,Preparatory,460,8,0,0,68.6
23,Male,Kidnapping,Bachelor's,208,7,1,1,66.6
31,Male,Drug Offense,Preparatory,32,11,0,0,43.1
29,Male,Vandalism,Primary,14,11,1,3,59.9
60,Male,Vandalism,Bachelor's,32,6,0,1,31.9
59,Male,Robbery,Illiterate,48,11,0,1,54.2
30,Male,Assault,Primary,40,8,0,2,59.5
60,Male,Theft,Secondary,15,6,2,1,27.0
38,Male,Robbery,Secondary,124,6,0,1,47.9
55,Male,Murder,Secondary,399,8,1,2,63.1
28,Male,Burglary,Primary,59,11,0,3,66.8
59,Male,Vandalism,Literate,24,8,1,2,43.3
48,Male,Fraud,Primary,82,13,0,4,65.8
24,Male,Drug Offense,Bachelor's,29,11,0,3,63.8
52,Male,Kidnapping,Secondary,139,11,4,0,56.1
19,Male,Drug Offense,Secondary,86,11,0,0,48.1
43,Male,Burglary,Illiterate,28,11,1,0,52.5
52,Female,Assault,Secondary,43,12,2,3,62.9
41,Male,Cybercrime,Secondary,60,6,0,0,24.5
36,Male,Assault,Illiterate,70,9,3,0,57.8
50,Male,Burglary,Postgraduate education,51,9,3,2,46.6
61,Male,Assault,Preparatory,46,5,1,0,34.3
54,Female,Drug Offense,Postgraduate education,73,3,0,0,13.4
40,Male,Arson,Primary,69,18,6,5,100.0
41,Male,Drug Offense,Preparatory,58,7,0,0,35.0
42,Male,Assault,Illiterate,107,9,1,2,70.2
38,Male,Public Order,Secondary,9,8,1,0,28.4
65,Male,Murder,Literate,373,11,2,0,72.5
41,Male,Cybercrime,Illiterate,22,5,1,1,39.4
42,Female,Burglary,Preparatory,64,8,2,1,44.0
40,Male,Assault,Secondary,88,12,0,1,53.8
26,Male,Burglary,Preparatory,29,11,2,1,57.5
31,Male,Theft,Secondary,10,14,1,4,62.9
60,Male,Vandalism,Secondary,33,12,2,3,50.6
61,Male,Burglary,Literate,65,5,0,0,33.5
44,Male,Theft,Secondary,13,11,2,0,40.7
26,Male,Theft,Secondary,6,9,2,1,42.4
28,Male,Burglary,Bachelor's,50,10,3,0,53.7
54,Male,Cybercrime,Secondary,58,10,2,3,52.1
36,Female,Burglary,Secondary,42,16,5,4,78.3
48,Male,Vandalism,Secondary,14,11,1,2,43.3
57,Male,Robbery,Secondary,79,4,1,0,25.2
47,Male,Theft,Preparatory,11,8,3,0,40.6
24,Male,Assault,Bachelor's,111,6,0,0,42.6
44,Male,Drug Offense,Literate,90,9,1,1,55.5
56,Male,Vandalism,Preparatory,10,9,2,0,29.2
23,Male,Theft,Secondary,3,9,0,1,40.1
61,Male,Assault,Preparatory,29,14,3,4,84.0
62,Male,Burglary,Secondary,62,12,1,2,46.8
42,Male,Vandalism,Bachelor's,9,13,1,0,32.8
45,Male,Assault,Primary,34,15,0,4,78.8
36,Male,Murder,Primary,182,7,0,1,63.8
63,Male,Theft,Preparatory,36,6,1,0,28.0
18,Male,Burglary,Secondary,38,9,3,0,43.9
41,Male,Assault,Secondary,57,11,0,2,49.5
52,Male,Fraud,Primary,62,7,1,1,38.2
31,Male,Vandalism,Preparatory,26,13,4,2,62.6
53,Male,Burglary,Primary,34,12,1,2,52.8
63,Male,Theft,Bachelor's,10,10,1,1,30.5
65,Male,Vandalism,Bachelor's,9,11,1,0,24.9
31,Male,Vandalism,Secondary,6,14,1,0,44.9
28,Male,Drug Offense,Secondary,30,8,1,0,35.7
48,Female,Assault,Illiterate,52,9,3,2,73.0
41,Male,Theft,Preparatory,28,9,2,1,34.2
57,Male,Robbery,Postgraduate education,43,4,0,0,19.2
29,Male,Assault,Primary,108,8,2,1,63.7
51,Male,Theft,Secondary,36,8,1,2,39.0
62,Male,Burglary,Illiterate,27,13,4,4,87.3
59,Male,Theft,Postgraduate education,28,6,1,1,20.3
40,Male,Fraud,Primary,13,7,1,1,40.3
65,Male,Weapons Offense,Secondary,95,8,1,0,39.2
55,Male,Public Order,Primary,20,9,2,2,41.5
30,Male,Fraud,Illiterate,34,9,1,0,50.1
44,Male,Murder,Preparatory,354,11,4,1,82.0
25,Male,Public Order,Bachelor's,19,9,1,0,26.2
34,Male,Public Order,Secondary,8,8,0,2,41.5
39,Female,Assault,Preparatory,99,6,0,1,45.9
19,Male,Burglary,Preparatory,62,13,2,4,84.4
32,Male,Burglary,Primary,34,4,1,0,39.1
51,Male,Sexual Offense,Primary,169,11,3,0,60.5
23,Male,Kidnapping,Primary,261,7,1,0,65.4
29,Male,Fraud,Bachelor's,46,11,0,3,56.5
29,Female,Drug Offense,Bachelor's,75,7,1,1,42.3
65,Male,Kidnapping,Bachelor's,172,6,2,0,49.2
32,Male,Burglary,Secondary,21,8,0,2,41.3
24,Male,Theft,Bachelor's,34,5,1,1,36.5
57,Male,Vandalism,Bachelor's,33,9,3,0,23.9
41,Male,Assault,Postgraduate education,97,8,1,1,45.0
35,Male,Public Order,Bachelor's,9,10,1,0,23.1
43,Male,Murder,Illiterate,396,14,3,4,100.0
48,Female,Theft,Primary,46,15,3,1,59.8
29,Male,Theft,Preparatory,23,10,2,3,53.7
62,Male,Drug Offense,Preparatory,24,9,3,0,42.6
38,Male,Cybercrime,Primary,22,9,1,0,37.8
33,Male,Public Order,Primary,6,8,2,1,48.6
49,Male,Fraud,Secondary,58,9,0,1,42.1
43,Male,Burglary,Literate,48,9,1,1,52.0
61,Male,Theft,Primary,18,12,4,2,62.9
53,Male,Fraud,Literate,31,7,2,1,37.0
48,Male,Burglary,Preparatory,69,7,1,0,29.9
58,Male,Sexual Offense,Secondary,172,17,5,0,73.2
34,Male,Murder,Preparatory,263,15,4,5,100.0
21,Male,Burglary,Bachelor's,18,6,1,1,34.2
46,Male,Burglary,Preparatory,47,10,2,1,54.7
34,Male,Fraud,Primary,37,11,4,1,63.4
54,Male,Drug Offense,Literate,48,5,0,1,33.6
40,Male,Assault,Secondary,81,10,3,2,69.9
23,Male,Robbery,Secondary,54,14,6,2,79.3
28,Male,Weapons Offense,Preparatory,75,13,4,4,92.8
22,Male,Fraud,Primary,49,5,1,0,47.9
63,Male,Drug Offense,Primary,68,8,1,1,46.9
41,Male,Assault,Preparatory,45,10,0,1,48.1
29,Male,Theft,Primary,19,8,3,2,58.1
65,Male,Theft,Literate,9,11,1,0,38.2
24,Male,Cybercrime,Secondary,7,13,4,2,66.1
43,Male,Public Order,Literate,20,10,3,0,37.4
27,Male,Weapons Offense,Preparatory,53,6,0,1,45.2
33,Male,Assault,Literate,91,9,3,1,71.7
28,Male,Drug Offense,Bachelor's,53,6,2,0,41.3
48,Male,Cybercrime,Bachelor's,41,8,1,1,31.8
46,Male,Weapons Offense,Preparatory,82,14,5,0,69.1
58,Male,Cybercrime,Preparatory,46,11,2,1,38.4
58,Male,Weapons Offense,Preparatory,53,6,2,1,50.9
23,Male,Fraud,Primary,50,10,3,0,59.5
18,Male,Vandalism,Bachelor's,25,5,0,1,31.8
36,Male,Theft,Bachelor's,33,10,0,3,36.5
37,Male,Assault,Primary,53,12,0,0,46.0
18,Male,Burglary,Bachelor's,39,7,0,1,43.9
43,Male,Sexual Offense,Secondary,192,8,1,0,54.0
32,Male,Assault,Primary,102,14,6,3,98.4
62,Male,Robbery,Secondary,139,8,1,2,61.9
35,Male,Vandalism,Primary,21,12,1,2,49.7
25,Male,Drug Offense,Primary,91,5,0,1,45.6
49,Male,Theft,Illiterate,37,6,1,1,42.6
19,Male,Theft,Primary,48,7,1,1,46.4
46,Male,Burglary,Literate,43,12,4,1,66.8
31,Male,Robbery,Secondary,83,8,1,0,43.6
47,Male,Theft,Illiterate,12,9,0,2,50.9
21,Male,Fraud,Secondary,35,6,1,1,45.5
30,Female,Burglary,Preparatory,12,12,3,0,46.5
25,Female,Sexual Offense,Preparatory,209,7,2,1,65.7
33,Male,Theft,Preparatory,9,8,1,0,25.1
51,Male,Burglary,Preparatory,31,11,2,0,40.2
38,Male,Sexual Offense,Secondary,236,21,6,1,100.0
51,Male,Assault,Primary,70,5,0,0,36.7
21,Male,Burglary,Literate,52,7,0,1,48.3
45,Male,Burglary,Primary,19,9,1,1,41.9
43,Male,Theft,Illiterate,47,9,2,0,44.3
48,Male,Theft,Secondary,18,17,6,1,64.1
28,Male,Drug Offense,Primary,92,13,0,4,74.5
21,Male,Drug Offense,Secondary,25,16,1,1,58.9
26,Male,Robbery,Secondary,118,9,0,2,57.1
40,Male,Assault,Primary,112,14,0,3,71.4
42,Male,Theft,Bachelor's,34,12,1,0,36.5
63,Male,Robbery,Secondary,60,12,4,2,68.2
54,Male,Fraud,Secondary,47,8,2,1,39.8
56,Female,Murder,Illiterate,259,5,1,0,61.2
46,Male,Robbery,Preparatory,36,14,5,4,83.8
58,Male,Kidnapping,Bachelor's,278,10,2,1,53.2
41,Male,Burglary,Secondary,54,11,3,3,61.6
52,Male,Burglary,Secondary,61,13,1,0,35.0
53,Male,Robbery,Preparatory,77,10,3,3,62.8
25,Male,Drug Offense,Illiterate,28,7,0,0,51.4
29,Female,Burglary,Preparatory,18,13,3,4,76.8
20,Male,Vandalism,Secondary,36,8,0,1,43.2
57,Male,Burglary,Preparatory,50,11,2,0,43.8
63,Male,Weapons Offense,Primary,86,13,3,3,75.6
23,Male,Drug Offense,Preparatory,65,9,3,0,57.7
41,Male,Theft,Secondary,36,8,3,0,30.9
20,Male,Vandalism,Illiterate,16,11,2,0,57.0
51,Male,Sexual Offense,Preparatory,144,7,0,1,40.1
30,Male,Burglary,Secondary,23,17,4,0,59.5
53,Male,Fraud,Literate,57,9,0,0,36.7
61,Male,Drug Offense,Bachelor's,33,10,3,3,57.1
29,Male,Assault,Secondary,92,11,2,3,77.4
56,Male,Fraud,Primary,53,12,0,2,42.6
41,Male,Drug Offense,Bachelor's,53,13,0,0,44.8
56,Male,Murder,Preparatory,461,8,2,0,71.9
65,Male,Public Order,Preparatory,13,8,0,0,22.7
18,Male,Public Order,Secondary,17,12,2,2,53.7
26,Female,Robbery,Primary,64,10,2,3,72.4
31,Male,Theft,Bachelor's,47,14,4,1,55.6
35,Female,Assault,Secondary,97,12,1,3,71.5
27,Male,Assault,Literate,57,10,2,0,63.0
41,Female,Burglary,Primary,31,8,1,2,49.9
23,Male,Murder,Primary,219,8,1,2,81.1
64,Male,Assault,Preparatory,112,8,3,1,52.8
62,Male,Weapons Offense,Secondary,62,8,1,2,43.9
20,Male,Murder,Illiterate,208,7,2,0,67.3
39,Male,Vandalism,Preparatory,10,11,1,1,43.2
32,Male,Vandalism,Bachelor's,27,8,2,1,38.9
21,Male,Theft,Preparatory,12,13,2,2,66.7
38,Male,Burglary,Illiterate,58,10,0,3,56.9
43,Female,Arson,Secondary,47,7,1,0,35.8
32,Male,Vandalism,Literate,24,17,0,4,70.4
23,Male,Kidnapping,Secondary,187,4,0,0,48.6
23,Male,Assault,Secondary,41,5,0,0,35.4
48,Male,Assault,Secondary,49,11,0,2,52.4
53,Male,Kidnapping,Primary,138,9,2,2,71.2
35,Male,Robbery,Bachelor's,47,3,0,0,30.7
25,Male,Assault,Primary,65,10,4,2,86.3
40,Male,Theft,Primary,25,10,2,1,47.6
57,Male,Vandalism,Secondary,31,11,2,0,36.4
20,Female,Burglary,Secondary,21,10,0,2,44.6
64,Male,Theft,Illiterate,42,7,2,0,38.2
27,Male,Vandalism,Illiterate,10,12,5,1,69.7
37,Male,Theft,Primary,37,14,3,0,53.0
31,Male,Assault,Primary,85,10,1,1,54.4
57,Male,Theft,Secondary,4,8,3,1,36.1
42,Male,Drug Offense,Illiterate,33,7,1,0,59.0
21,Male,Vandalism,Secondary,6,12,4,2,57.4
47,Male,Theft,Preparatory,20,9,3,0,37.6
60,Male,Drug Offense,Bachelor's,14,9,1,0,28.5
36,Male,Drug Offense,Primary,60,8,2,2,60.4
50,Female,Theft,Primary,41,11,2,2,50.3
52,Male,Burglary,Postgraduate education,47,15,2,2,53.0
63,Male,Burglary,Preparatory,33,14,5,4,78.5
49,Male,Theft,Primary,25,17,3,5,83.6
40,Male,Burglary,Postgraduate education,44,12,3,1,46.7
35,Male,Drug Offense,Bachelor's,15,8,2,0,36.5
53,Female,Burglary,Primary,37,10,0,2,48.8
60,Male,Sexual Offense,Preparatory,154,8,2,1,61.6
44,Male,Theft,Postgraduate education,41,9,3,0,32.7
39,Male,Theft,Secondary,40,5,0,1,25.9
52,Male,Burglary,Literate,56,7,2,0,37.5
63,Female,Weapons Offense,Preparatory,42,14,3,4,73.8
59,Female,Weapons Offense,Primary,95,11,1,0,43.5
52,Female,Theft,Primary,12,12,3,3,63.8
64,Male,Robbery,Postgraduate education,88,7,2,1,42.2
37,Male,Weapons Offense,Bachelor's,59,6,0,0,32.5
27,Male,Theft,Primary,42,7,2,1,48.5
57,Male,Murder,Primary,298,11,1,1,74.3
32,Male,Fraud,Secondary,73,14,0,0,44.6
26,Male,Drug Offense,Secondary,59,6,0,1,40.7
29,Male,Assault,Literate,48,7,2,0,55.1
32,Male,Arson,Illiterate,70,11,0,2,72.5
44,Male,Drug Offense,Primary,38,16,2,1,64.3
22,Male,Public Order,Preparatory,20,10,0,1,45.7
49,Male,Cybercrime,Bachelor's,33,7,0,1,23.6
43,Male,Drug Offense,Bachelor's,52,7,2,1,40.2
43,Male,Kidnapping,Secondary,254,11,2,0,65.5
59,Female,Vandalism,Preparatory,31,5,1,0,26.5
47,Male,Theft,Postgraduate education,36,10,3,0,33.2
52,Male,Kidnapping,Secondary,252,6,1,1,50.0
58,Female,Burglary,Preparatory,68,3,0,0,20.1
37,Male,Robbery,Literate,73,5,0,1,42.5
57,Female,Drug Offense,Bachelor's,71,9,1,1,39.1
59,Male,Sexual Offense,Literate,235,10,1,2,69.6
26,Male,Robbery,Illiterate,94,9,1,2,66.9
55,Female,Cybercrime,Bachelor's,11,5,0,0,13.0
34,Male,Drug Offense,Secondary,32,14,4,4,92.3
63,Male,Theft,Secondary,43,6,1,1,31.1
41,Male,Sexual Offense,Secondary,226,8,0,2,67.1
57,Female,Fraud,Preparatory,33,7,2,1,34.1
39,Male,Drug Offense,Literate,30,8,0,0,42.9
29,Male,Theft,Primary,31,7,1,0,43.4
36,Male,Theft,Literate,15,18,2,5,84.6
18,Male,Burglary,Preparatory,66,7,1,0,42.2
49,Male,Theft,Bachelor's,18,9,3,0,32.2
31,Male,Assault,Preparatory,34,6,1,0,46.8
56,Male,Burglary,Secondary,51,12,1,0,32.1
58,Male,Vandalism,Illiterate,12,14,3,1,53.3
21,Male,Theft,Bachelor's,45,9,2,2,53.3
54,Male,Robbery,Bachelor's,42,9,0,2,48.4
24,Male,Burglary,Secondary,51,9,1,0,42.9
60,Male,Drug Offense,Secondary,34,14,1,2,49.5
47,Male,Fraud,Illiterate,50,6,1,1,53.1
38,Male,Fraud,Illiterate,66,14,1,2,60.8
53,Male,Assault,Literate,59,10,0,2,62.7
39,Male,Assault,Secondary,102,9,3,2,58.4
21,Male,Sexual Offense,Secondary,118,10,3,0,76.2
48,Male,Drug Offense,Secondary,48,9,3,0,42.2
45,Male,Robbery,Preparatory,115,11,4,3,76.1
40,Female,Drug Offense,Preparatory,92,12,2,1,59.3
49,Male,Burglary,Secondary,57,10,1,0,32.1
36,Female,Theft,Illiterate,43,12,0,2,52.7
25,Male,Burglary,Secondary,38,14,1,3,61.1
44,Male,Fraud,Secondary,39,11,1,0,32.2
18,Male,Sexual Offense,Primary,113,13,3,1,91.9
37,Male,Murder,Secondary,238,16,2,1,79.9
61,Male,Fraud,Secondary,15,6,2,0,20.0
29,Male,Vandalism,Bachelor's,33,12,2,3,60.6
48,Male,Drug Offense,Preparatory,92,4,0,0,34.2
47,Female,Assault,Primary,76,9,1,2,58.0
65,Male,Assault,Secondary,110,7,2,1,50.0
38,Male,Theft,Secondary,24,16,0,2,53.6
40,Male,Theft,Bachelor's,24,6,1,1,30.9
42,Male,Vandalism,Secondary,27,11,2,1,38.5
29,Male,Cybercrime,Secondary,51,9,3,0,36.5
38,Male,Robbery,Illiterate,66,12,1,3,77.7
41,Male,Public Order,Primary,10,7,2,1,37.7
29,Male,Vandalism,Secondary,8,7,1,1,37.7
46,Male,Vandalism,Bachelor's,12,10,0,1,31.2
30,Male,Assault,Bachelor's,63,12,1,2,54.5
38,Male,Cybercrime,Bachelor's,39,12,0,3,52.6
61,Female,Burglary,Illiterate,36,7,2,0,46.3
63,Male,Theft,Primary,5,7,0,0,26.1
61,Male,Cybercrime,Primary,8,11,1,1,42.9
24,Male,Drug Offense,Primary,85,16,7,5,100.0
37,Male,Burglary,Primary,30,14,3,3,69.7
35,Male,Arson,Secondary,70,8,0,1,46.5
27,Male,Theft,Bachelor's,38,15,6,3,75.4
50,Male,Murder,Secondary,318,5,0,1,51.0
27,Female,Vandalism,Secondary,13,13,4,0,51.8
22,Male,Cybercrime,Secondary,9,9,0,2,50.3
26,Male,Weapons Offense,Illiterate,73,9,1,0,56.4
21,Male,Fraud,Secondary,69,10,0,2,53.5
57,Male,Robbery,Primary,133,10,2,0,37.6
60,Male,Theft,Bachelor's,32,10,1,0,21.8
54,Male,Vandalism,Bachelor's,32,8,0,2,34.0
24,Male,Drug Offense,Secondary,71,10,3,1,58.9
48,Male,Burglary,Bachelor's,51,8,0,1,35.7
34,Female,Fraud,Secondary,54,10,0,0,28.1
38,Male,Theft,Preparatory,25,18,0,0,36.7
48,Male,Burglary,Secondary,50,12,4,0,48.7
54,Male,Theft,Secondary,9,7,2,0,26.3
38,Male,Theft,Primary,32,15,4,1,60.9
43,Male,Burglary,Primary,22,13,5,1,59.0
48,Male,Fraud,Secondary,67,8,1,1,37.1
45,Male,Fraud,Secondary,34,16,1,4,71.2
60,Male,Kidnapping,Secondary,244,12,4,3,87.7
25,Male,Assault,Secondary,80,10,3,2,64.5
29,Male,Fraud,Secondary,60,13,1,3,55.8
38,Male,Drug Offense,Illiterate,29,11,2,3,70.3
55,Female,Drug Offense,Illiterate,30,6,1,1,45.9
60,Male,Assault,Preparatory,97,11,4,2,65.2
46,Male,Drug Offense,Primary,84,14,3,1,67.6
61,Male,Weapons Offense,Preparatory,68,4,0,0,29.2
23,Male,Drug Offense,Preparatory,28,14,5,2,81.6
36,Male,Weapons Offense,Postgraduate education,24,14,1,1,48.1
63,Male,Public Order,Literate,10,10,3,1,52.5
19,Male,Sexual Offense,Preparatory,177,8,1,0,63.1
63,Male,Fraud,Secondary,34,11,1,3,49.6
48,Male,Murder,Bachelor's,364,11,4,1,70.4
44,Male,Public Order,Secondary,5,10,3,3,53.8
18,Male,Theft,Secondary,34,12,3,0,48.0
60,Male,Public Order,Illiterate,21,10,1,0,34.7
44,Male,Cybercrime,Secondary,33,13,3,3,61.8
57,Male,Assault,Secondary,81,10,3,2,50.9
42,Male,Burglary,Secondary,48,6,2,0,34.1
49,Male,Burglary,Preparatory,38,12,1,0,38.7
52,Male,Theft,Illiterate,33,12,2,2,55.1
63,Male,Murder,Postgraduate education,220,10,4,2,64.7
27,Male,Assault,Bachelor's,120,14,1,2,65.5
35,Male,Theft,Bachelor's,8,5,0,0,18.5
33,Male,Kidnapping,Postgraduate education,139,4,1,0,46.5
61,Male,Vandalism,Primary,6,14,4,2,66.6
39,Male,Theft,Preparatory,33,10,3,0,36.7
54,Male,Assault,Postgraduate education,61,5,1,1,31.9
36,Male,Sexual Offense,Secondary,173,8,1,2,59.7
64,Male,Robbery,Secondary,110,12,1,1,54.0
28,Male,Drug Offense,Primary,91,6,0,0,47.5
19,Male,Theft,Preparatory,20,15,5,4,87.5
34,Male,Robbery,Bachelor's,37,8,0,0,44.7
65,Male,Burglary,Secondary,21,10,0,2,44.6
60,Male,Vandalism,Primary,18,5,0,0,19.6
49,Male,Assault,Illiterate,34,3,0,0,32.1
27,Male,Vandalism,Bachelor's,29,12,4,1,56.9
42,Male,Assault,Secondary,50,5,1,0,35.3
54,Male,Fraud,Secondary,26,14,0,1,36.7
21,Male,Fraud,Primary,80,12,3,0,58.9
32,Male,Sexual Offense,Preparatory,133,10,1,3,80.7
51,Female,Theft,Bachelor's,31,10,1,3,47.8
42,Male,Public Order,Secondary,2,11,2,0,34.5
24,Female,Drug Offense,Bachelor's,67,10,2,2,65.0
57,Female,Vandalism,Primary,20,10,2,1,39.2
24,Male,Murder,Preparatory,303,11,0,3,93.0
64,Male,Arson,Preparatory,59,12,1,3,63.0
38,Male,Drug Offense,Bachelor's,13,8,1,0,26.2
44,Male,Theft,Preparatory,17,8,0,0,32.4
64,Male,Burglary,Illiterate,17,9,1,0,39.5
21,Female,Drug Offense,Bachelor's,88,12,5,1,71.8
58,Male,Public Order,Illiterate,20,9,1,1,34.2
26,Male,Arson,Secondary,59,7,1,1,45.3
25,Male,Burglary,Preparatory,71,11,0,1,48.9
22,Male,Weapons Offense,Primary,78,6,1,1,59.1
62,Female,Arson,Primary,56,10,3,1,55.3
22,Male,Theft,Preparatory,6,3,0,0,28.7
34,Female,Robbery,Preparatory,98,11,4,2,71.8
30,Male,Burglary,Preparatory,21,7,0,1,44.1
52,Male,Burglary,Secondary,70,17,7,1,69.4
46,Male,Theft,Illiterate,39,14,5,2,72.3
64,Male,Assault,Bachelor's,43,13,1,3,54.1
59,Male,Weapons Offense,Secondary,58,10,3,0,49.2
27,Male,Weapons Offense,Secondary,89,9,2,1,62.2
63,Female,Assault,Preparatory,117,5,1,1,43.3
22,Male,Theft,Bachelor's,33,8,2,1,44.4
25,Male,Weapons Offense,Primary,62,7,0,0,45.8
43,Male,Public Order,Secondary,12,6,0,1,30.1
52,Male,Fraud,Bachelor's,49,14,2,3,55.3
59,Male,Murder,Postgraduate education,277,10,4,2,71.1
37,Male,Cybercrime,Secondary,28,6,2,0,27.7
49,Male,Drug Offense,Secondary,29,9,1,0,40.7
20,Male,Sexual Offense,Secondary,221,7,0,0,66.3
42,Male,Murder,Primary,453,7,0,0,61.9
46,Female,Theft,Primary,24,8,0,0,32.4
64,Male,Theft,Secondary,45,6,0,0,31.2
51,Male,Drug Offense,Bachelor's,31,10,3,2,54.3
65,Male,Weapons Offense,Illiterate,42,9,0,0,49.9
49,Male,Assault,Bachelor's,29,14,4,0,62.7
33,Male,Theft,Literate,6,7,0,0,32.0
37,Male,Theft,Secondary,40,11,1,2,38.1
22,Male,Theft,Preparatory,42,6,1,1,51.6
32,Male,Burglary,Primary,65,13,4,3,78.8
65,Male,Robbery,Postgraduate education,109,14,5,0,55.0
52,Male,Vandalism,Secondary,5,10,1,0,26.3
55,Male,Theft,Primary,29,8,2,0,39.8
28,Male,Murder,Preparatory,477,12,5,3,100.0
20,Male,Vandalism,Secondary,27,11,0,2,49.8
28,Male,Assault,Illiterate,46,9,0,1,64.0
23,Male,Drug Offense,Primary,72,8,1,0,52.8
62,Male,Theft,Primary,31,7,1,1,32.2
44,Male,Burglary,Secondary,50,9,2,1,46.8
29,Male,Drug Offense,Illiterate,50,9,1,0,52.5
40,Male,Murder,Primary,451,13,1,1,84.9
24,Male,Cybercrime,Postgraduate education,38,12,3,2,56.6
32,Male,Drug Offense,Primary,18,11,4,0,68.4
30,Male,Theft,Bachelor's,33,9,2,2,53.1
49,Male,Drug Offense,Illiterate,94,5,0,1,52.1
41,Male,Assault,Primary,82,12,0,1,52.5
20,Male,Theft,Preparatory,13,9,1,1,45.7
19,Male,Theft,Bachelor's,31,10,1,0,39.5
55,Male,Fraud,Secondary,53,9,3,0,28.5
32,Male,Robbery,Illiterate,130,8,1,0,56.1
44,Male,Fraud,Primary,72,13,3,4,72.5
55,Male,Cybercrime,Literate,45,11,1,1,53.5
47,Male,Fraud,Preparatory,36,8,1,1,41.8
58,Male,Robbery,Primary,40,9,2,2,60.6
62,Male,Robbery,Literate,95,13,1,2,60.5
47,Male,Arson,Primary,73,9,1,1,58.4
56,Male,Vandalism,Bachelor's,13,13,2,3,48.8
54,Female,Vandalism,Illiterate,36,7,0,0,26.0
49,Male,Burglary,Preparatory,41,6,1,0,32.2
35,Male,Assault,Bachelor's,55,12,4,3,70.8
38,Male,Burglary,Bachelor's,72,11,4,0,50.0
27,Female,Cybercrime,Preparatory,8,10,0,1,38.3
20,Female,Kidnapping,Preparatory,228,16,2,0,77.2
51,Male,Vandalism,Secondary,9,12,2,0,31.0
46,Male,Theft,Secondary,47,10,3,0,40.0
64,Male,Burglary,Primary,27,6,1,0,29.0
59,Female,Theft,Secondary,13,11,4,2,49.7
63,Male,Murder,Secondary,412,11,4,2,80.3
47,Male,Cybercrime,Preparatory,56,10,3,3,57.0
41,Male,Sexual Offense,Illiterate,114,13,4,4,100.0
42,Female,Robbery,Illiterate,90,6,0,0,39.4
35,Male,Drug Offense,Secondary,38,11,3,1,54.6
61,Male,Cybercrime,Secondary,9,9,3,0,37.2
50,Female,Drug Offense,Bachelor's,26,7,2,1,35.9
42,Male,Drug Offense,Preparatory,34,5,1,1,40.4
59,Male,Theft,Secondary,16,9,3,2,45.1
26,Female,Burglary,Literate,42,6,2,0,50.5
65,Female,Murder,Bachelor's,287,10,3,1,66.6
65,Male,Robbery,Bachelor's,100,12,5,1,61.1
61,Male,Theft,Preparatory,31,10,0,0,31.1
49,Male,Vandalism,Preparatory,21,9,1,1,37.4
46,Male,Vandalism,Bachelor's,7,9,1,2,33.9
30,Female,Assault,Illiterate,46,11,1,1,71.0
36,Female,Theft,Literate,10,12,5,2,64.4
62,Male,Theft,Primary,43,10,3,1,50.0
19,Male,Public Order,Secondary,5,9,2,0,35.1
48,Male,Assault,Secondary,61,10,0,3,61.1
30,Male,Cybercrime,Primary,39,11,0,2,51.6
59,Male,Murder,Secondary,347,7,0,1,60.3
49,Male,Sexual Offense,Bachelor's,209,8,0,2,65.8
47,Male,Theft,Secondary,13,8,2,0,29.4
34,Male,Fraud,Primary,18,10,1,3,61.9
27,Male,Assault,Literate,44,14,5,3,89.4
63,Male,Burglary,Literate,57,9,1,2,55.2
62,Female,Vandalism,Literate,10,16,1,0,44.0
20,Female,Murder,Preparatory,369,9,2,2,91.5
29,Male,Sexual Offense,Secondary,184,9,1,2,73.0
27,Male,Assault,Literate,62,9,3,0,56.7
25,Female,Fraud,Preparatory,30,10,3,3,71.1
47,Female,Theft,Postgraduate education,37,3,0,0,19.8
50,Male,Sexual Offense,Preparatory,170,11,1,1,66.0
54,Male,Vandalism,Secondary,31,11,1,2,41.3
39,Male,Kidnapping,Bachelor's,155,9,0,1,49.3
61,Male,Robbery,Preparatory,143,11,3,2,70.6
32,Male,Theft,Illiterate,44,6,2,0,46.1
30,Male,Burglary,Bachelor's,29,10,2,0,38.1
30,Male,Assault,Preparatory,109,10,2,0,61.2
23,Female,Fraud,Preparatory,77,10,2,3,62.2
21,Female,Fraud,Literate,66,6,0,0,46.2
41,Male,Theft,Primary,22,12,3,1,50.3
46,Female,Theft,Secondary,31,9,2,0,34.2
65,Female,Vandalism,Primary,30,13,1,3,53.0
64,Female,Theft,Secondary,8,8,0,2,38.6
27,Male,Assault,Bachelor's,66,9,0,2,59.1
22,Female,Drug Offense,Preparatory,12,9,1,0,44.8
44,Male,Robbery,Literate,95,13,0,2,59.4
63,Male,Weapons Offense,Primary,72,12,2,2,59.2
36,Male,Theft,Bachelor's,40,7,1,0,21.5
37,Male,Kidnapping,Primary,120,10,0,0,52.8
27,Male,Public Order,Bachelor's,16,4,1,0,24.6
25,Male,Cybercrime,Preparatory,37,8,0,2,42.9
62,Male,Theft,Secondary,34,10,3,0,31.8
22,Male,Fraud,Preparatory,67,11,2,3,72.0
34,Male,Assault,Secondary,39,8,2,0,54.2
41,Male,Murder,Bachelor's,263,10,4,0,63.2
55,Male,Robbery,Bachelor's,53,16,5,5,87.7
40,Male,Robbery,Preparatory,81,10,4,3,72.8
21,Male,Assault,Bachelor's,89,9,3,1,62.2
30,Male,Burglary,Illiterate,60,10,3,1,63.8
28,Male,Cybercrime,Bachelor's,49,4,0,0,23.5
37,Male,Sexual Offense,Preparatory,232,9,1,2,74.7
55,Male,Theft,Literate,21,11,0,2,43.2
41,Male,Fraud,Bachelor's,32,9,1,0,31.2
24,Male,Assault,Bachelor's,95,15,4,5,98.3
57,Male,Public Order,Bachelor's,23,8,1,0,21.6
53,Male,Vandalism,Preparatory,7,9,2,2,38.7
25,Male,Weapons Offense,Preparatory,63,13,1,4,78.2
62,Male,Vandalism,Bachelor's,36,6,2,1,28.7
39,Male,Robbery,Secondary,51,4,1,0,33.1
32,Male,Sexual Offense,Secondary,174,17,1,5,100.0
26,Male,Public Order,Preparatory,4,12,2,0,42.8
22,Male,Assault,Preparatory,49,10,1,3,79.5
24,Male,Drug Offense,Secondary,72,15,4,0,71.7
25,Female,Theft,Primary,3,8,3,2,59.4
24,Male,Weapons Offense,Primary,49,11,3,0,62.9
29,Male,Theft,Literate,20,11,1,1,57.0
55,Male,Burglary,Preparatory,58,12,2,1,51.8
57,Male,Murder,Illiterate,476,13,4,4,100.0
18,Male,Sexual Offense,Postgraduate education,139,13,1,4,87.6
52,Male,Sexual Offense,Bachelor's,225,7,0,1,53.9
63,Male,Sexual Offense,Primary,123,13,2,1,67.0
29,Male,Public Order,Preparatory,17,9,1,2,48.3
32,Male,Arson,Primary,95,14,4,2,79.5
25,Male,Assault,Preparatory,60,10,2,3,76.7
53,Male,Theft,Preparatory,27,5,0,1,27.7
36,Male,Kidnapping,Secondary,233,10,2,2,73.7
32,Male,Robbery,Bachelor's,60,13,4,0,57.1
22,Female,Vandalism,Bachelor's,26,5,0,0,26.2
29,Male,Drug Offense,Secondary,62,10,1,2,58.9
46,Male,Drug Offense,Literate,62,8,2,1,56.7
43,Male,Public Order,Secondary,6,9,3,2,49.1
22,Male,Burglary,Primary,66,11,4,1,67.7
43,Male,Vandalism,Secondary,20,10,3,0,35.0
63,Male,Drug Offense,Secondary,94,9,1,1,37.5
43,Male,Drug Offense,Bachelor's,74,13,0,4,70.6
50,Male,Arson,Literate,68,8,0,2,53.1
49,Male,Drug Offense,Literate,24,9,1,1,49.9
65,Male,Theft,Secondary,14,6,1,1,24.3
42,Male,Robbery,Primary,115,12,4,2,82.6
24,Male,Drug Offense,Preparatory,75,14,0,0,48.5
47,Male,Drug Offense,Preparatory,45,12,0,0,45.0
52,Male,Vandalism,Secondary,5,10,1,2,39.0
45,Female,Theft,Preparatory,27,9,3,0,34.5
46,Male,Theft,Secondary,22,9,0,0,25.2
63,Male,Assault,Primary,73,13,5,1,73.5
49,Male,Murder,Preparatory,463,10,3,1,78.5
61,Male,Assault,Secondary,44,8,3,0,44.6
50,Male,Robbery,Secondary,84,11,2,2,59.7
57,Male,Arson,Primary,43,7,2,1,53.9
19,Male,Theft,Preparatory,40,10,2,0,46.5
19,Male,Drug Offense,Preparatory,66,14,0,4,74.7
40,Female,Fraud,Illiterate,43,6,1,1,49.9
33,Male,Robbery,Illiterate,124,10,2,3,84.1
22,Male,Theft,Literate,37,12,3,0,52.7
38,Male,Drug Offense,Preparatory,77,7,0,0,43.6
44,Male,Sexual Offense,Secondary,177,14,2,1,62.6
42,Male,Robbery,Illiterate,98,9,0,2,63.6
24,Male,Burglary,Preparatory,63,6,0,0,43.8
60,Male,Drug Offense,Preparatory,67,10,4,2,65.9
30,Male,Vandalism,Secondary,16,11,0,1,47.5
36,Male,Robbery,Secondary,138,10,2,3,63.0
32,Male,Public Order,Secondary,19,12,1,0,39.4
24,Male,Robbery,Secondary,103,9,3,2,76.2
48,Male,Fraud,Illiterate,50,6,1,1,39.3
50,Male,Assault,Preparatory,49,13,1,2,58.8
44,Male,Drug Offense,Preparatory,82,8,3,1,49.8
29,Female,Drug Offense,Preparatory,35,7,2,0,54.1
54,Male,Drug Offense,Bachelor's,71,9,2,1,47.0
35,Female,Assault,Secondary,79,8,0,1,50.7
54,Male,Theft,Primary,32,7,2,0,30.0
27,Male,Kidnapping,Secondary,231,8,1,1,60.3
44,Male,Vandalism,Illiterate,16,4,0,0,32.4
44,Male,Robbery,Literate,123,7,1,0,51.3
56,Male,Burglary,Literate,13,12,4,2,63.1
33,Male,Robbery,Preparatory,91,11,3,3,77.5
45,Male,Theft,Literate,11,10,3,2,59.5
19,Male,Vandalism,Secondary,14,8,2,2,55.0
59,Male,Public Order,Preparatory,1,10,4,3,54.4
21,Male,Theft,Secondary,7,8,3,2,58.5
44,Female,Drug Offense,Bachelor's,62,10,0,1,43.2
64,Male,Burglary,Secondary,44,11,4,0,42.7
25,Male,Vandalism,Bachelor's,36,6,0,0,28.7
34,Male,Theft,Secondary,23,17,3,1,58.3
39,Male,Kidnapping,Secondary,180,20,5,1,90.1
45,Male,Theft,Primary,20,11,4,0,43.9
46,Male,Cybercrime,Illiterate,40,11,3,1,60.9
41,Male,Theft,Secondary,33,10,1,1,35.4
61,Male,Robbery,Secondary,54,8,1,2,44.9
41,Male,Fraud,Primary,16,14,0,4,60.7
65,Male,Weapons Offense,Secondary,54,13,1,4,63.4
34,Male,Robbery,Bachelor's,82,4,1,0,34.2
61,Male,Cybercrime,Bachelor's,30,10,3,1,34.6
18,Female,Fraud,Postgraduate education,44,11,0,2,47.0
37,Male,Vandalism,Primary,16,7,2,0,37.7
28,Female,Drug Offense,Bachelor's,94,13,4,0,50.9
44,Male,Robbery,Illiterate,135,8,2,0,59.5
49,Male,Fraud,Bachelor's,66,6,1,1,23.7
24,Male,Sexual Offense,Preparatory,186,11,2,3,86.0
44,Male,Vandalism,Secondary,32,12,2,0,43.7
62,Male,Theft,Secondary,43,10,1,0,25.3
46,Male,Theft,Preparatory,43,7,2,1,40.2
37,Male,Theft,Literate,36,15,2,5,76.8
63,Female,Vandalism,Secondary,29,8,3,2,45.1
38,Male,Cybercrime,Literate,17,11,2,0,39.4
61,Male,Robbery,Primary,46,9,0,0,37.8
44,Male,Fraud,Preparatory,40,19,7,4,93.9
19,Female,Weapons Offense,Secondary,53,8,3,0,53.1
23,Female,Burglary,Secondary,22,9,2,2,67.2
21,Male,Assault,Primary,35,12,5,1,78.1
41,Male,Murder,Illiterate,449,11,1,0,74.5
45,Male,Weapons Offense,Bachelor's,87,6,1,1,39.7
25,Male,Burglary,Bachelor's,64,4,1,0,34.5
35,Male,Assault,Literate,50,13,4,4,91.4
56,Male,Vandalism,Secondary,15,12,5,2,57.5
44,Male,Vandalism,Illiterate,19,8,1,0,41.6
33,Male,Weapons Offense,Preparatory,82,14,4,4,88.8
23,Male,Theft,Primary,47,10,0,2,51.8
43,Male,Sexual Offense,Secondary,161,16,3,2,88.2
22,Male,Theft,Primary,18,10,2,0,50.2
48,Female,Public Order,Bachelor's,20,11,4,1,40.6
63,Male,Theft,Primary,42,14,0,0,39.2
42,Male,Fraud,Preparatory,83,10,3,0,47.9
20,Male,Robbery,Preparatory,79,9,3,2,76.4
47,Male,Robbery,Preparatory,54,10,2,2,55.7
34,Male,Theft,Literate,20,9,0,2,48.6
65,Male,Assault,Bachelor's,57,15,6,2,71.2
57,Male,Weapons Offense,Preparatory,79,13,2,0,58.6
28,Male,Public Order,Secondary,5,13,5,4,71.3
53,Male,Drug Offense,Secondary,18,11,1,2,50.1
30,Male,Burglary,Illiterate,28,8,0,1,53.1
28,Male,Assault,Postgraduate education,87,8,0,0,34.1
20,Male,Public Order,Secondary,15,10,0,0,39.3
49,Male,Sexual Offense,Literate,185,10,2,0,74.8
23,Male,Robbery,Bachelor's,131,11,4,1,63.9
50,Male,Murder,Secondary,288,8,2,0,52.5
55,Female,Theft,Secondary,14,10,3,0,28.0
44,Female,Burglary,Preparatory,18,8,1,1,45.2
39,Male,Drug Offense,Secondary,62,10,2,2,58.8
41,Male,Public Order,Bachelor's,5,7,1,0,22.3
19,Male,Vandalism,Secondary,32,12,0,3,57.3
58,Female,Drug Offense,Illiterate,17,12,4,0,64.2
59,Male,Assault,Bachelor's,117,10,1,0,47.3
54,Male,Cybercrime,Secondary,24,10,4,2,44.5
38,Male,Kidnapping,Secondary,274,15,1,0,72.2
42,Male,Burglary,Primary,61,10,3,2,62.5
43,Male,Vandalism,Literate,28,7,0,1,37.0
36,Male,Public Order,Literate,10,6,0,1,29.1
49,Male,Kidnapping,Bachelor's,295,12,5,0,63.4
56,Male,Drug Offense,Bachelor's,77,4,0,0,30.5
30,Male,Cybercrime,Preparatory,42,14,5,1,68.8
56,Male,Arson,Secondary,114,13,2,4,68.2
29,Male,Assault,Illiterate,67,9,0,0,54.9
47,Male,Drug Offense,Secondary,75,8,3,0,48.5
51,Male,Assault,Primary,79,7,2,0,46.6
23,Female,Assault,Literate,40,10,3,1,76.3
61,Female,Vandalism,Preparatory,21,11,1,2,44.3
54,Male,Theft,Illiterate,9,11,2,3,57.2
50,Male,Theft,Secondary,39,9,0,1,29.9
34,Male,Murder,Secondary,188,13,5,2,85.3
25,Male,Assault,Secondary,74,10,3,2,61.9
20,Male,Cybercrime,Primary,43,8,3,0,52.1
64,Male,Drug Offense,Secondary,45,13,2,2,53.5
39,Female,Cybercrime,Primary,17,12,2,0,44.8
23,Male,Drug Offense,Bachelor's,25,9,3,2,59.0
45,Male,Theft,Literate,13,13,4,3,72.9
59,Male,Sexual Offense,Bachelor's,220,8,2,2,72.3
37,Male,Public Order,Preparatory,22,9,2,1,41.5
62,Male,Vandalism,Illiterate,11,11,0,0,32.0
18,Male,Vandalism,Secondary,15,6,2,1,47.7
19,Male,Drug Offense,Secondary,67,13,3,3,80.4
58,Male,Assault,Illiterate,83,7,0,1,52.0
27,Male,Theft,Literate,12,15,0,4,73.8
65,Male,Public Order,Preparatory,15,13,3,1,49.9
55,Male,Robbery,Bachelor's,86,8,0,1,33.5
21,Male,Theft,Bachelor's,30,11,1,1,46.1
44,Male,Kidnapping,Secondary,261,11,0,1,62.9
36,Male,Fraud,Preparatory,74,12,1,3,57.4
32,Male,Assault,Preparatory,64,11,3,0,60.8
53,Male,Cybercrime,Preparatory,36,14,3,1,47.7
25,Male,Weapons Offense,Primary,79,13,3,4,86.6
19,Male,Sexual Offense,Preparatory,208,8,0,2,70.2
32,Male,Murder,Secondary,419,9,0,0,70.7
26,Female,Sexual Offense,Preparatory,202,8,1,0,60.5
61,Male,Fraud,Preparatory,32,5,0,1,29.2
57,Male,Sexual Offense,Illiterate,219,9,2,2,77.0
26,Male,Theft,Preparatory,29,6,0,0,30.1
49,Male,Burglary,Illiterate,13,13,5,3,81.3
40,Female,Fraud,Literate,76,11,3,3,61.2
20,Male,Robbery,Literate,65,16,1,2,75.1
25,Male,Assault,Postgraduate education,69,7,2,1,45.5
20,Male,Murder,Bachelor's,443,8,1,1,75.2
56,Male,Sexual Offense,Bachelor's,208,12,1,0,51.7
47,Female,Arson,Postgraduate education,114,15,2,0,50.3
57,Male,Weapons Offense,Bachelor's,29,9,3,1,45.8
50,Male,Drug Offense,Bachelor's,58,10,3,1,50.4
28,Male,Sexual Offense,Secondary,223,7,0,1,57.2
64,Female,Theft,Preparatory,11,13,2,0,37.4
25,Male,Assault,Preparatory,24,10,4,1,58.1
33,Male,Assault,Primary,45,9,2,0,56.1
23,Male,Sexual Offense,Preparatory,158,7,0,1,67.6
27,Male,Assault,Secondary,41,8,0,2,48.7
45,Male,Fraud,Preparatory,78,7,1,1,39.9
61,Male,Theft,Literate,3,12,3,0,45.3
63,Male,Weapons Offense,Illiterate,64,18,2,1,74.2
43,Female,Burglary,Illiterate,60,15,0,2,64.0
20,Male,Drug Offense,Bachelor's,19,10,2,3,66.9
58,Female,Vandalism,Bachelor's,21,10,2,1,31.3
44,Male,Drug Offense,Secondary,50,6,0,0,25.8
64,Male,Weapons Offense,Illiterate,59,9,3,1,56.2
51,Male,Theft,Preparatory,44,7,2,1,34.6
31,Female,Drug Offense,Secondary,68,8,0,0,38.2
62,Male,Vandalism,Secondary,15,10,4,1,44.2
37,Male,Assault,Preparatory,116,6,1,1,47.0
65,Female,Assault,Secondary,51,13,2,2,62.9
23,Male,Robbery,Primary,117,9,1,0,57.0
28,Male,Cybercrime,Preparatory,22,6,1,0,32.5
33,Male,Robbery,Preparatory,100,13,3,3,78.6
25,Male,Vandalism,Primary,35,9,3,2,54.2
40,Male,Arson,Bachelor's,93,7,2,0,35.6
37,Male,Theft,Primary,18,8,1,2,47.6
65,Female,Murder,Bachelor's,453,10,4,2,76.9
56,Male,Robbery,Secondary,140,13,5,4,86.2
63,Male,Theft,Preparatory,18,11,0,1,37.8
24,Male,Murder,Bachelor's,364,12,4,1,91.6
47,Male,Sexual Offense,Bachelor's,116,7,2,0,43.7
23,Male,Cybercrime,Preparatory,34,21,3,3,89.0
22,Male,Assault,Secondary,90,11,2,1,63.6
43,Female,Murder,Secondary,405,15,2,1,76.8
62,Female,Assault,Postgraduate education,44,11,1,1,46.7
27,Male,Assault,Preparatory,114,10,4,0,58.9
50,Male,Theft,Primary,33,11,0,2,46.5
20,Male,Weapons Offense,Preparatory,39,14,1,2,71.6
56,Male,Theft,Preparatory,21,12,4,0,47.4
20,Male,Theft,Primary,26,11,1,1,55.3
37,Male,Theft,Literate,40,7,2,0,41.1
44,Male,Cybercrime,Bachelor's,19,6,2,0,13.6
29,Male,Assault,Literate,68,8,1,2,71.2
22,Female,Fraud,Secondary,84,9,2,0,47.9
46,Female,Vandalism,Preparatory,11,10,0,1,39.1
26,Male,Assault,Preparatory,81,12,4,3,84.9
27,Male,Robbery,Secondary,121,15,5,5,100.0
57,Male,Burglary,Preparatory,46,9,1,1,33.9
20,Female,Cybercrime,Secondary,47,6,0,0,29.7
23,Male,Sexual Offense,Secondary,175,11,4,2,88.1
53,Male,Drug Offense,Illiterate,91,5,1,0,43.2
52,Male,Theft,Secondary,15,14,0,3,46.7
48,Male,Theft,Secondary,37,15,2,0,46.9
29,Female,Robbery,Primary,142,9,0,0,55.4
63,Male,Murder,Illiterate,453,9,0,2,86.7
56,Male,Murder,Preparatory,191,9,2,1,59.6
39,Male,Fraud,Bachelor's,52,7,2,1,34.8
42,Male,Theft,Illiterate,13,8,2,0,42.2
36,Male,Burglary,Illiterate,31,11,4,1,56.8
44,Male,Theft,Postgraduate education,14,6,1,1,29.0
19,Male,Robbery,Illiterate,54,17,1,4,95.8
44,Female,Burglary,Bachelor's,69,14,4,3,66.4
25,Male,Burglary,Secondary,27,4,0,0,32.4
49,Male,Assault,Bachelor's,58,8,3,1,57.1
21,Male,Murder,Illiterate,194,6,1,1,78.4
44,Male,Weapons Offense,Illiterate,94,7,2,1,58.0
55,Male,Burglary,Secondary,62,6,2,0,28.8
26,Male,Fraud,Illiterate,76,18,2,3,83.8
31,Male,Theft,Secondary,13,9,0,0,30.5
33,Male,Assault,Bachelor's,81,11,4,3,77.8
20,Male,Assault,Bachelor's,61,14,1,0,63.4
59,Female,Theft,Bachelor's,33,12,0,3,44.7
35,Male,Vandalism,Preparatory,25,15,6,5,83.6
58,Male,Vandalism,Primary,13,9,3,2,48.2
65,Male,Theft,Illiterate,47,12,0,1,38.7
25,Male,Sexual Offense,Postgraduate education,206,12,4,0,62.6
31,Male,Public Order,Primary,22,13,4,4,75.1
39,Male,Public Order,Secondary,9,14,1,3,49.0
33,Male,Robbery,Primary,112,10,1,1,60.0
39,Male,Sexual Offense,Secondary,96,6,0,0,46.5
56,Male,Weapons Offense,Secondary,76,8,1,2,50.4
53,Female,Sexual Offense,Secondary,233,12,4,3,82.8
23,Male,Drug Offense,Illiterate,15,14,5,4,100.0
60,Male,Theft,Postgraduate education,27,12,1,3,43.1
56,Male,Burglary,Secondary,56,9,0,2,48.0
18,Male,Fraud,Primary,13,5,0,0,32.4
32,Male,Arson,Secondary,81,6,0,1,45.8
30,Male,Drug Offense,Primary,40,12,3,0,52.6
32,Female,Public Order,Illiterate,16,14,6,4,93.5
63,Male,Burglary,Primary,64,5,0,0,35.5
58,Male,Cybercrime,Secondary,37,4,0,0,13.8
28,Male,Drug Offense,Secondary,89,7,2,0,47.9
54,Male,Murder,Secondary,245,10,1,3,74.9
34,Female,Vandalism,Bachelor's,20,15,0,3,48.9
30,Male,Theft,Postgraduate education,46,8,2,1,29.6
52,Male,Drug Offense,Bachelor's,12,6,1,1,34.1
45,Male,Weapons Offense,Illiterate,65,7,2,0,54.9
45,Male,Fraud,Literate,78,10,2,3,64.7
47,Male,Assault,Illiterate,116,10,0,0,55.0
32,Male,Weapons Offense,Preparatory,64,10,1,0,54.1
18,Male,Robbery,Bachelor's,139,6,1,0,46.6
19,Female,Burglary,Secondary,16,4,1,0,33.7
33,Male,Robbery,Illiterate,116,5,1,1,62.5
24,Male,Assault,Illiterate,104,18,4,4,100.0
39,Male,Burglary,Preparatory,33,8,2,2,51.2
21,Male,Assault,Primary,33,10,4,0,68.8
56,Male,Arson,Secondary,110,13,2,1,54.5
25,Male,Theft,Illiterate,23,10,1,2,53.8
62,Male,Theft,Bachelor's,31,10,0,1,20.7
21,Male,Drug Offense,Illiterate,19,11,4,2,77.1
53,Male,Vandalism,Preparatory,29,9,3,2,47.5
32,Male,Vandalism,Secondary,32,11,2,3,58.9
42,Male,Assault,Secondary,36,10,1,2,50.2
39,Male,Drug Offense,Illiterate,78,12,4,2,78.3
39,Male,Theft,Illiterate,48,8,3,1,48.0
22,Male,Vandalism,Bachelor's,11,5,1,0,36.4
58,Male,Fraud,Preparatory,68,8,1,1,34.0
29,Male,Vandalism,Illiterate,22,11,2,0,46.8
55,Male,Public Order,Secondary,10,8,2,2,34.3
55,Female,Arson,Literate,75,12,4,1,72.9
56,Male,Fraud,Illiterate,30,14,3,4,77.3
21,Male,Vandalism,Secondary,6,13,1,3,65.7
45,Male,Public Order,Secondary,7,12,3,3,55.0
22,Male,Drug Offense,Secondary,71,9,0,2,53.5
56,Male,Vandalism,Secondary,24,9,2,1,38.7
57,Male,Robbery,Literate,137,9,3,0,61.1
20,Male,Weapons Offense,Secondary,53,9,1,0,56.5
47,Male,Burglary,Secondary,72,10,3,3,62.4
39,Male,Fraud,Preparatory,12,7,1,1,34.6
41,Male,Fraud,Secondary,30,7,0,1,31.0
36,Male,Drug Offense,Bachelor's,58,12,0,3,56.0
20,Female,Burglary,Primary,26,13,5,0,64.3
34,Male,Robbery,Secondary,58,8,3,2,59.2
30,Male,Vandalism,Bachelor's,4,12,4,0,47.8
61,Male,Drug Offense,Bachelor's,55,8,3,1,39.9
31,Male,Burglary,Secondary,54,6,2,1,43.6
28,Female,Public Order,Postgraduate education,14,10,3,3,50.2
63,Male,Theft,Bachelor's,15,9,2,1,31.8
30,Male,Sexual Offense,Primary,205,13,3,1,78.4
58,Male,Theft,Secondary,15,10,3,1,40.0
52,Male,Theft,Primary,43,6,2,1,31.5
35,Female,Vandalism,Postgraduate education,34,5,1,0,15.7
31,Male,Vandalism,Secondary,7,13,2,4,65.7
28,Male,Arson,Secondary,101,11,1,3,62.7
41,Male,Assault,Primary,71,9,3,2,72.7
51,Male,Sexual Offense,Preparatory,164,9,1,1,68.9
55,Male,Weapons Offense,Secondary,28,15,3,4,76.9
31,Male,Burglary,Bachelor's,37,14,0,1,47.1
31,Male,Cybercrime,Secondary,59,9,0,0,35.7
41,Male,Theft,Secondary,21,10,0,3,42.5
46,Male,Burglary,Illiterate,44,7,1,0,42.8
57,Male,Assault,Preparatory,71,9,1,1,46.1
49,Male,Fraud,Literate,41,11,1,2,62.8
34,Male,Fraud,Illiterate,76,12,1,0,54.1
50,Male,Theft,Primary,17,15,5,0,56.4
24,Male,Fraud,Secondary,54,15,3,1,54.7
30,Male,Burglary,Secondary,61,7,2,0,34.2
61,Male,Burglary,Secondary,20,14,3,0,41.1
63,Male,Weapons Offense,Illiterate,62,16,3,0,66.2
36,Male,Vandalism,Preparatory,28,6,1,0,33.3
55,Male,Theft,Secondary,12,12,5,1,48.8
43,Male,Sexual Offense,Primary,155,9,3,1,69.9
51,Male,Murder,Preparatory,416,12,0,2,77.5
39,Male,Robbery,Primary,134,10,1,2,68.1
62,Male,Assault,Bachelor's,27,9,0,2,45.6
41,Male,Cybercrime,Primary,53,6,1,1,35.7
18,Male,Drug Offense,Primary,40,5,0,1,55.6
44,Male,Arson,Secondary,104,8,0,2,50.8
37,Male,Theft,Secondary,11,8,2,1,38.5
27,Female,Public Order,Secondary,20,11,3,1,51.1
56,Male,Fraud,Preparatory,62,11,3,2,55.3
22,Male,Burglary,Literate,48,10,1,0,60.5
46,Male,Robbery,Literate,122,11,2,2,72.5
53,Male,Vandalism,Secondary,4,8,3,0,22.4
29,Male,Weapons Offense,Preparatory,50,12,3,0,62.2
32,Male,Assault,Preparatory,71,11,3,3,81.4
51,Male,Robbery,Bachelor's,86,12,2,0,45.0
28,Female,Theft,Preparatory,7,11,3,2,54.6
42,Female,Cybercrime,Literate,19,9,3,0,46.1
37,Male,Sexual Offense,Preparatory,175,11,0,3,82.8
55,Male,Sexual Offense,Preparatory,147,15,5,2,82.5
18,Female,Assault,Bachelor's,101,11,2,2,72.1
33,Male,Weapons Offense,Bachelor's,82,5,0,1,43.9
47,Male,Kidnapping,Primary,236,14,5,4,100.0
40,Male,Sexual Offense,Primary,140,9,1,0,52.2
44,Male,Cybercrime,Secondary,35,6,1,1,40.4
42,Female,Burglary,Secondary,37,10,3,3,56.7
62,Female,Burglary,Bachelor's,29,8,1,1,34.1
58,Male,Drug Offense,Illiterate,39,12,2,2,64.7
49,Male,Arson,Literate,83,16,6,3,90.9
22,Male,Assault,Secondary,76,13,3,2,78.4
46,Male,Burglary,Illiterate,13,13,5,2,80.4
22,Male,Drug Offense,Preparatory,55,12,5,3,82.0
65,Male,Burglary,Illiterate,28,9,0,0,39.9
25,Male,Theft,Secondary,32,6,0,0,28.7
49,Male,Theft,Secondary,48,13,1,3,53.1
46,Male,Vandalism,Bachelor's,13,9,3,2,40.6
19,Male,Burglary,Literate,59,7,2,1,49.4
43,Male,Drug Offense,Illiterate,46,11,1,0,58.3
27,Male,Burglary,Secondary,69,10,4,3,70.2
61,Male,Assault,Illiterate,105,9,3,2,69.8
51,Male,Sexual Offense,Bachelor's,195,17,4,3,79.4
62,Male,Theft,Illiterate,27,13,1,1,50.1
30,Female,Fraud,Primary,23,13,3,1,67.3
19,Male,Public Order,Primary,7,9,0,0,39.1
61,Male,Burglary,Bachelor's,63,9,0,1,27.2
60,Male,Burglary,Preparatory,18,10,2,0,37.6
38,Male,Drug Offense,Secondary,81,16,0,3,69.1
43,Female,Theft,Primary,25,11,0,3,53.6
38,Male,Fraud,Primary,61,10,2,2,52.6
31,Male,Theft,Secondary,44,8,3,1,44.1
57,Male,Theft,Primary,22,4,0,0,30.8
56,Male,Public Order,Secondary,19,16,2,0,42.3
28,Male,Theft,Primary,43,7,1,0,36.1
62,Male,Weapons Offense,Secondary,41,14,6,3,86.4
39,Male,Arson,Secondary,97,14,5,2,75.0
22,Male,Drug Offense,Secondary,60,6,1,0,48.2
50,Male,Burglary,Secondary,12,14,5,2,56.8
32,Male,Arson,Literate,66,9,1,0,52.5
65,Male,Burglary,Illiterate,20,13,2,2,63.9
41,Male,Burglary,Preparatory,53,6,2,1,34.8
20,Male,Sexual Offense,Postgraduate education,209,10,2,2,86.5
65,Female,Theft,Primary,5,9,0,1,35.7
51,Male,Fraud,Secondary,15,7,2,1,41.9
32,Male,Robbery,Primary,105,8,2,2,66.5
21,Female,Drug Offense,Primary,40,12,1,2,57.6
56,Female,Assault,Primary,104,7,2,0,44.6
18,Male,Assault,Bachelor's,30,14,5,2,76.2
58,Female,Weapons Offense,Literate,46,7,2,0,51.2
55,Male,Vandalism,Primary,35,8,0,2,36.0
23,Male,Assault,Literate,49,6,1,1,56.8
33,Male,Drug Offense,Primary,85,10,4,3,74.0
46,Female,Burglary,Bachelor's,42,10,4,3,56.6
23,Female,Fraud,Preparatory,72,16,0,1,60.2
46,Male,Drug Offense,Preparatory,31,11,3,1,60.6
48,Male,Fraud,Bachelor's,50,10,1,0,34.2
56,Male,Murder,Literate,374,5,0,0,57.9
47,Male,Robbery,Secondary,97,14,4,1,69.6
22,Male,Sexual Offense,Primary,144,9,0,1,69.5
18,Male,Assault,Secondary,86,12,1,3,74.3
43,Female,Weapons Offense,Postgraduate education,71,9,2,1,55.0
42,Male,Drug Offense,Secondary,64,10,2,2,51.6
20,Female,Theft,Bachelor's,13,15,0,4,58.9
30,Male,Public Order,Secondary,24,7,0,1,30.8
40,Male,Assault,Secondary,113,12,0,0,39.3
21,Male,Weapons Offense,Secondary,55,13,2,2,73.7
48,Male,Vandalism,Secondary,4,11,2,1,43.2
62,Male,Theft,Secondary,46,8,0,2,35.5
27,Male,Drug Offense,Bachelor's,32,12,2,0,46.3
18,Male,Theft,Secondary,27,9,3,2,58.6
43,Male,Public Order,Illiterate,7,7,2,1,46.9
45,Male,Assault,Secondary,88,14,3,1,71.8
52,Male,Fraud,Primary,64,15,6,0,63.0
64,Male,Theft,Secondary,25,12,3,2,48.0
27,Male,Burglary,Secondary,56,10,4,1,57.6
37,Male,Burglary,Preparatory,18,12,0,1,44.6
22,Male,Fraud,Preparatory,48,10,1,2,56.7
64,Male,Burglary,Primary,20,8,0,2,42.4
30,Male,Assault,Literate,96,7,0,0,46.2
31,Male,Theft,Primary,15,10,0,3,54.7
34,Female,Cybercrime,Preparatory,45,10,2,1,50.8
24,Male,Burglary,Primary,36,8,0,2,56.6
25,Male,Fraud,Secondary,73,11,0,0,41.2
49,Male,Theft,Illiterate,3,10,4,1,56.3
60,Male,Public Order,Illiterate,17,8,3,1,48.1
18,Male,Assault,Postgraduate education,58,6,1,1,44.6
49,Male,Robbery,Preparatory,83,20,8,7,100.0
61,Female,Public Order,Secondary,12,12,3,0,42.9
60,Male,Drug Offense,Postgraduate education,54,6,0,1,23.4
24,Male,Cybercrime,Preparatory,59,9,1,0,43.7
26,Male,Theft,Preparatory,47,9,3,1,53.7
33,Male,Drug Offense,Secondary,72,6,2,1,43.8
50,Male,Burglary,Postgraduate education,72,4,1,0,24.1
38,Male,Fraud,Illiterate,53,5,1,0,38.4
61,Male,Drug Offense,Preparatory,90,6,0,0,23.0
23,Male,Weapons Offense,Bachelor's,84,10,4,3,83.8
60,Male,Weapons Offense,Secondary,61,9,2,1,48.1
56,Male,Theft,Preparatory,39,11,4,3,66.8
63,Male,Theft,Secondary,22,11,1,0,38.9
61,Female,Public Order,Preparatory,15,12,5,3,65.5
25,Male,Murder,Primary,267,16,4,1,88.0
60,Male,Theft,Postgraduate education,4,10,3,1,36.2
28,Female,Robbery,Preparatory,71,9,0,1,50.4
32,Male,Drug Offense,Bachelor's,27,13,2,4,70.3
60,Male,Assault,Secondary,35,8,1,2,44.9
62,Male,Burglary,Secondary,71,9,1,1,34.0
56,Male,Fraud,Bachelor's,60,7,1,1,34.7
59,Male,Murder,Bachelor's,299,12,3,3,75.4
32,Male,Robbery,Literate,79,12,1,0,60.8
65,Male,Burglary,Bachelor's,48,9,0,2,40.2
41,Male,Robbery,Preparatory,130,6,1,1,47.0
18,Male,Drug Offense,Primary,61,12,5,1,69.3
45,Male,Fraud,Secondary,28,9,2,1,37.5
51,Male,Drug Offense,Literate,13,9,0,1,39.0
52,Male,Robbery,Secondary,73,12,5,1,59.4
32,Male,Assault,Secondary,42,10,2,0,51.6
65,Male,Vandalism,Secondary,23,13,4,0,44.9
37,Male,Drug Offense,Primary,85,10,1,3,61.8
48,Male,Burglary,Primary,36,15,0,1,56.0
21,Female,Robbery,Bachelor's,62,16,6,3,87.1
64,Female,Burglary,Secondary,71,9,2,2,46.6
29,Male,Sexual Offense,Primary,136,13,0,2,79.2
19,Male,Robbery,Secondary,80,8,1,2,64.3
43,Male,Assault,Primary,113,11,2,3,77.8
30,Male,Murder,Illiterate,345,5,1,0,66.4
55,Male,Theft,Bachelor's,22,9,0,2,33.6
47,Male,Murder,Preparatory,427,10,1,2,73.1
36,Female,Burglary,Secondary,24,17,1,2,59.3
65,Male,Fraud,Bachelor's,25,7,0,1,30.6
61,Male,Vandalism,Preparatory,30,8,0,2,29.6
61,Male,Weapons Offense,Illiterate,84,11,2,0,61.9
29,Female,Theft,Preparatory,24,11,3,3,64.5
55,Male,Theft,Secondary,18,11,4,0,33.5
20,Male,Fraud,Primary,34,10,2,0,43.0
59,Male,Arson,Postgraduate education,120,14,2,2,50.5
23,Male,Cybercrime,Secondary,23,7,2,0,41.6
58,Male,Fraud,Literate,22,7,2,0,38.8
25,Male,Drug Offense,Preparatory,14,8,1,0,43.5
55,Male,Murder,Primary,228,6,0,1,62.5
55,Male,Assault,Secondary,79,9,1,0,41.1
37,Male,Theft,Illiterate,37,13,1,1,51.2
29,Male,Sexual Offense,Preparatory,233,13,4,1,86.3
51,Male,Assault,Secondary,115,11,3,3,60.7
59,Male,Arson,Postgraduate education,51,8,3,1,39.8
29,Male,Sexual Offense,Illiterate,210,12,0,2,88.1
38,Male,Theft,Primary,13,9,1,2,43.4
23,Male,Vandalism,Illiterate,10,8,2,0,53.9
50,Male,Public Order,Literate,22,11,1,3,54.3
18,Male,Theft,Bachelor's,21,7,0,1,35.4
60,Male,Theft,Preparatory,23,11,2,2,44.0
51,Female,Public Order,Secondary,17,10,1,0,29.2
31,Male,Drug Offense,Illiterate,16,7,2,0,46.3
30,Male,Vandalism,Primary,11,3,0,0,28.3
56,Male,Drug Offense,Primary,91,12,0,0,44.5
45,Male,Burglary,Preparatory,69,11,0,1,44.4
28,Male,Theft,Primary,30,16,2,3,75.1
62,Male,Burglary,Secondary,29,8,2,2,41.1
58,Male,Burglary,Preparatory,54,7,1,0,34.7
59,Male,Drug Offense,Preparatory,31,8,2,0,34.2
38,Female,Assault,Illiterate,101,10,3,2,80.8
33,Male,Theft,Literate,38,12,2,0,53.2
44,Male,Drug Offense,Preparatory,54,13,3,0,57.2
35,Male,Vandalism,Primary,9,9,0,0,37.5
42,Female,Burglary,Bachelor's,62,7,2,0,30.1
25,Male,Sexual Offense,Primary,221,9,3,2,84.6
24,Male,Sexual Offense,Bachelor's,237,11,0,1,73.7
35,Male,Cybercrime,Literate,54,14,6,4,87.7
42,Male,Vandalism,Secondary,28,6,0,0,30.7
48,Male,Burglary,Secondary,57,11,4,0,50.3
27,Male,Theft,Secondary,20,6,1,0,26.4
21,Female,Drug Offense,Preparatory,43,11,0,3,65.3
61,Male,Sexual Offense,Primary,186,9,1,1,68.6
47,Male,Robbery,Preparatory,127,9,3,2,57.3
32,Male,Vandalism,Bachelor's,29,13,4,3,68.4
38,Male,Drug Offense,Illiterate,42,2,0,0,40.2
23,Male,Theft,Secondary,38,9,0,1,41.1
49,Male,Theft,Bachelor's,46,14,5,3,68.6
50,Female,Theft,Preparatory,46,9,3,1,41.4
61,Female,Sexual Offense,Preparatory,144,6,0,1,56.5
65,Male,Assault,Preparatory,68,8,3,0,50.0
33,Female,Drug Offense,Bachelor's,79,5,0,0,41.5
61,Male,Drug Offense,Postgraduate education,79,13,1,3,50.7
32,Male,Fraud,Literate,57,10,4,1,60.7
21,Male,Fraud,Preparatory,26,16,7,3,85.6
39,Female,Burglary,Preparatory,61,15,0,5,73.8
25,Male,Assault,Primary,24,12,3,1,67.0
65,Male,Fraud,Bachelor's,77,12,4,0,36.6
20,Female,Cybercrime,Bachelor's,9,7,0,0,41.3
40,Male,Assault,Primary,37,10,4,1,61.7
18,Male,Sexual Offense,Preparatory,98,6,2,0,55.1
24,Male,Burglary,Preparatory,69,10,2,3,68.5
27,Male,Weapons Offense,Illiterate,56,11,0,2,64.1
32,Male,Fraud,Preparatory,35,10,0,2,52.3
52,Male,Theft,Preparatory,31,8,0,1,25.7
28,Male,Kidnapping,Illiterate,170,9,0,1,68.5
25,Male,Theft,Preparatory,24,9,0,2,49.4
20,Male,Burglary,Preparatory,54,10,2,3,75.3
35,Male,Assault,Preparatory,111,5,1,0,43.6
63,Male,Arson,Secondary,87,12,0,2,55.1
50,Male,Kidnapping,Bachelor's,153,12,2,0,54.5
25,Female,Vandalism,Literate,25,6,1,0,30.9
50,Male,Drug Offense,Illiterate,55,13,4,2,73.6
45,Female,Kidnapping,Preparatory,194,12,3,3,84.1
36,Male,Arson,Primary,55,6,1,1,55.9
64,Male,Burglary,Secondary,67,6,2,0,31.5
34,Female,Burglary,Bachelor's,24,9,3,0,43.1
48,Male,Vandalism,Secondary,35,7,1,0,28.8
57,Male,Public Order,Secondary,21,8,2,2,43.1
27,Male,Theft,Illiterate,15,11,0,1,59.4
27,Male,Drug Offense,Illiterate,18,4,1,0,43.4
42,Male,Robbery,Secondary,65,9,1,0,39.9
32,Male,Assault,Preparatory,106,9,0,0,50.2
21,Male,Robbery,Primary,80,11,0,1,55.4
63,Male,Robbery,Illiterate,41,12,3,2,62.4
18,Male,Kidnapping,Primary,240,6,2,1,73.9
35,Female,Theft,Primary,34,12,5,1,56.0
41,Male,Theft,Secondary,46,13,0,2,47.0
53,Male,Theft,Preparatory,26,10,0,3,40.4
65,Male,Assault,Preparatory,107,5,0,1,40.1
35,Male,Fraud,Bachelor's,28,10,3,1,49.6
58,Male,Theft,Secondary,44,16,4,3,72.9
30,Male,Assault,Illiterate,93,10,3,0,66.1
57,Male,Sexual Offense,Postgraduate education,147,8,3,0,47.9
52,Male,Theft,Primary,38,7,2,0,32.3
63,Male,Cybercrime,Bachelor's,41,9,3,2,38.6
40,Female,Assault,Secondary,79,12,1,3,66.3
22,Male,Assault,Bachelor's,26,10,2,0,56.2
28,Male,Sexual Offense,Literate,107,10,2,3,78.6
54,Male,Public Order,Primary,13,9,0,2,30.9
49,Male,Cybercrime,Postgraduate education,16,15,2,2,42.9
46,Male,Fraud,Secondary,63,12,4,2,57.9
56,Male,Burglary,Literate,25,12,1,2,49.5
55,Male,Cybercrime,Secondary,35,14,3,0,43.0
50,Male,Assault,Primary,52,12,4,0,63.6
36,Male,Murder,Literate,203,12,3,0,75.2
52,Male,Theft,Literate,20,12,1,2,52.7
26,Male,Vandalism,Secondary,18,14,1,0,40.3
31,Male,Theft,Primary,41,12,0,3,54.6
41,Male,Weapons Offense,Bachelor's,57,11,2,1,45.5
64,Male,Cybercrime,Primary,9,19,1,0,48.0
58,Male,Vandalism,Primary,20,8,0,2,32.6
29,Male,Theft,Secondary,40,6,2,0,35.5
24,Male,Drug Offense,Bachelor's,44,12,5,1,65.7
58,Male,Murder,Secondary,292,7,0,1,56.3
38,Male,Murder,Secondary,382,15,3,5,100.0
27,Male,Sexual Offense,Preparatory,133,13,2,4,92.0
48,Male,Burglary,Primary,67,13,1,0,55.1
29,Male,Assault,Secondary,106,12,0,0,47.5
36,Male,Burglary,Literate,37,17,6,2,83.8
61,Male,Theft,Illiterate,18,11,3,1,53.8
47,Female,Public Order,Literate,17,14,5,2,67.5
26,Male,Vandalism,Secondary,27,13,5,1,62.0
42,Male,Vandalism,Secondary,5,15,6,4,73.9
26,Male,Theft,Literate,43,10,3,0,46.9
56,Male,Public Order,Bachelor's,4,10,0,1,27.6
52,Male,Robbery,Secondary,61,7,1,0,34.4
26,Male,Murder,Preparatory,263,14,1,4,90.9
37,Male,Theft,Illiterate,47,5,0,1,36.4
35,Male,Theft,Bachelor's,9,9,1,1,36.0
52,Male,Assault,Bachelor's,42,6,1,0,33.7
18,Female,Theft,Preparatory,12,9,1,1,48.0
40,Male,Burglary,Bachelor's,36,10,0,2,46.1
61,Female,Vandalism,Literate,13,10,4,1,47.3
25,Male,Public Order,Primary,3,11,3,2,56.7
57,Male,Fraud,Bachelor's,22,11,3,2,50.8
20,Male,Burglary,Preparatory,50,15,6,3,88.2
29,Male,Theft,Secondary,22,6,1,0,30.3
57,Male,Fraud,Literate,75,12,0,2,51.3
60,Male,Robbery,Bachelor's,138,14,1,4,69.2
22,Male,Cybercrime,Postgraduate education,55,10,1,2,55.8
59,Male,Theft,Preparatory,33,10,0,1,34.5
22,Male,Assault,Secondary,42,8,2,0,54.9
23,Male,Theft,Secondary,25,11,3,0,41.1
38,Male,Assault,Postgraduate education,101,7,0,1,33.7
58,Male,Vandalism,Secondary,18,11,2,3,48.7
42,Male,Assault,Preparatory,92,12,5,1,75.2
52,Male,Fraud,Secondary,65,14,3,3,58.2
51,Male,Sexual Offense,Secondary,118,12,2,2,62.7
33,Male,Burglary,Bachelor's,35,11,2,2,52.9
53,Male,Theft,Literate,25,9,0,2,36.8
41,Male,Cybercrime,Secondary,24,9,0,2,39.3
47,Male,Vandalism,Postgraduate education,29,10,0,3,35.6
33,Male,Burglary,Secondary,19,9,1,1,36.6
62,Male,Fraud,Illiterate,66,13,2,2,60.8
41,Male,Theft,Secondary,33,12,4,2,58.7
56,Female,Theft,Preparatory,8,7,2,1,28.9
33,Male,Murder,Secondary,256,7,0,0,60.7
29,Male,Theft,Preparatory,22,11,1,0,49.6
48,Male,Robbery,Secondary,124,13,5,0,58.4
18,Male,Theft,Bachelor's,5,10,0,3,53.7
56,Male,Assault,Illiterate,78,11,0,1,58.7
61,Female,Assault,Secondary,57,6,2,0,33.1
54,Male,Sexual Offense,Preparatory,136,10,4,1,63.1
35,Female,Assault,Postgraduate education,40,16,2,5,80.3
65,Male,Drug Offense,Primary,35,9,1,0,41.5
65,Female,Drug Offense,Illiterate,71,14,4,3,81.9
48,Male,Drug Offense,Bachelor's,33,4,0,0,27.1
21,Male,Drug Offense,Primary,25,15,6,4,98.7
24,Male,Drug Offense,Bachelor's,15,6,2,1,50.5
33,Male,Murder,Illiterate,185,6,2,0,62.0
37,Male,Burglary,Bachelor's,27,16,0,0,42.1
35,Male,Murder,Illiterate,427,10,4,3,99.6
20,Male,Theft,Primary,25,8,1,0,39.5
36,Female,Assault,Primary,74,8,3,1,58.8
64,Male,Theft,Secondary,24,7,0,1,29.3
44,Female,Assault,Preparatory,43,10,1,3,64.0
19,Male,Fraud,Secondary,16,13,2,1,56.3
36,Male,Drug Offense,Illiterate,92,12,3,3,80.0
23,Female,Burglary,Primary,55,7,1,0,42.9
59,Male,Sexual Offense,Postgraduate education,224,15,1,2,68.9
51,Female,Drug Offense,Preparatory,55,10,2,0,44.3
46,Male,Robbery,Preparatory,91,8,3,0,49.4
20,Female,Arson,Preparatory,62,9,3,2,69.8
57,Male,Public Order,Secondary,16,9,1,1,30.0
24,Male,Theft,Bachelor's,38,11,4,3,63.1
23,Male,Assault,Literate,61,9,3,0,71.9
28,Male,Murder,Primary,216,12,0,1,73.2
29,Male,Assault,Postgraduate education,56,15,1,3,71.5
46,Male,Theft,Literate,39,10,2,0,38.8
49,Male,Vandalism,Preparatory,11,9,1,2,44.9
46,Male,Vandalism,Bachelor's,26,11,1,3,52.3
23,Male,Assault,Primary,111,9,1,1,73.9
20,Male,Drug Offense,Secondary,43,6,1,0,37.2
62,Male,Theft,Bachelor's,21,9,0,2,30.9
42,Male,Fraud,Illiterate,61,7,2,0,45.3
47,Male,Fraud,Preparatory,80,11,0,0,35.6
47,Male,Burglary,Literate,71,8,0,0,46.1
43,Male,Burglary,Primary,32,13,5,3,77.5
39,Female,Assault,Secondary,84,10,0,3,60.3
25,Male,Theft,Literate,33,7,0,0,43.7
27,Male,Robbery,Illiterate,112,10,1,2,76.9
42,Male,Vandalism,Secondary,33,8,1,1,34.1
31,Male,Cybercrime,Bachelor's,49,11,1,1,43.8
45,Male,Drug Offense,Illiterate,20,8,3,1,62.5
35,Male,Robbery,Secondary,89,10,1,3,60.3
51,Male,Cybercrime,Primary,9,14,2,3,58.7
23,Female,Assault,Postgraduate education,62,7,0,1,42.3
28,Male,Weapons Offense,Preparatory,92,14,0,1,65.8
62,Male,Public Order,Preparatory,23,11,1,0,38.7
54,Male,Theft,Secondary,41,8,0,0,19.0
30,Male,Drug Offense,Secondary,53,11,1,1,48.8
60,Female,Weapons Offense,Secondary,64,11,4,0,54.3
18,Male,Assault,Literate,64,13,3,1,72.9
25,Male,Drug Offense,Primary,12,10,4,2,66.1
46,Female,Vandalism,Secondary,9,12,0,3,43.7
20,Male,Public Order,Preparatory,18,10,4,3,67.0
28,Male,Burglary,Primary,24,8,2,1,51.1
61,Male,Theft,Secondary,4,12,4,1,47.8
37,Female,Assault,Bachelor's,113,11,3,2,63.6
49,Male,Assault,Preparatory,69,9,1,0,42.5
52,Male,Public Order,Primary,6,7,2,0,24.2
47,Male,Burglary,Secondary,46,11,4,3,68.8
45,Male,Vandalism,Secondary,30,6,1,0,31.0
58,Male,Drug Offense,Bachelor's,24,12,3,0,35.6
23,Male,Theft,Secondary,42,6,0,1,38.0
44,Male,Kidnapping,Secondary,259,11,1,3,80.9
24,Male,Assault,Secondary,109,8,3,2,69.5
36,Male,Burglary,Secondary,47,12,5,2,54.2
42,Male,Vandalism,Bachelor's,25,11,4,2,51.4
47,Male,Vandalism,Secondary,28,10,1,3,47.0
18,Female,Vandalism,Preparatory,20,10,0,1,44.5
60,Male,Vandalism,Secondary,29,10,1,1,39.1
61,Male,Weapons Offense,Preparatory,25,8,0,2,55.1
19,Male,Fraud,Secondary,52,9,1,1,46.6
39,Male,Murder,Preparatory,464,4,1,0,63.7
43,Male,Drug Offense,Bachelor's,85,7,2,0,32.5
45,Male,Drug Offense,Postgraduate education,34,12,4,1,53.9
43,Female,Assault,Preparatory,36,10,0,0,39.8
63,Male,Assault,Secondary,74,17,6,0,67.0
58,Female,Vandalism,Literate,23,10,3,1,44.4
31,Male,Theft,Illiterate,40,6,0,1,42.4
27,Male,Sexual Offense,Bachelor's,116,13,5,1,79.2
54,Male,Kidnapping,Literate,236,4,1,0,60.3
58,Male,Fraud,Primary,40,8,1,1,36.2
37,Male,Vandalism,Secondary,27,14,5,2,64.7
34,Male,Robbery,Bachelor's,116,9,2,0,47.8
19,Male,Murder,Literate,415,12,1,2,95.8
56,Male,Theft,Primary,14,8,1,2,39.6
23,Male,Vandalism,Bachelor's,16,14,1,1,51.4
43,Male,Vandalism,Preparatory,34,10,1,0,28.0
58,Male,Drug Offense,Preparatory,52,6,1,1,51.4
58,Female,Vandalism,Literate,3,11,0,1,35.0
29,Male,Drug Offense,Bachelor's,27,15,1,5,77.3
39,Female,Assault,Secondary,93,14,5,1,73.6
18,Male,Kidnapping,Bachelor's,169,11,1,1,63.2
56,Male,Theft,Preparatory,12,6,0,0,17.7
31,Male,Theft,Primary,23,11,2,2,60.5
26,Male,Sexual Offense,Bachelor's,164,10,2,2,71.1
35,Male,Public Order,Primary,18,10,2,2,53.9
59,Male,Kidnapping,Preparatory,251,5,1,1,51.3
43,Female,Burglary,Primary,66,14,4,1,54.9
63,Male,Fraud,Secondary,51,10,2,3,58.2
28,Male,Public Order,Preparatory,15,11,3,3,59.7
45,Male,Robbery,Primary,49,13,3,4,79.7
56,Male,Burglary,Primary,69,12,0,1,51.1
58,Male,Assault,Bachelor's,89,9,1,0,39.1
34,Male,Robbery,Bachelor's,118,8,2,0,42.6
51,Male,Theft,Literate,23,9,2,0,41.1
45,Male,Fraud,Illiterate,59,7,2,1,46.7
41,Male,Robbery,Illiterate,124,7,0,1,60.4
18,Male,Burglary,Secondary,32,12,3,2,64.1
32,Male,Fraud,Secondary,79,8,0,0,30.8
31,Male,Robbery,Secondary,139,15,3,0,69.4
60,Male,Cybercrime,Preparatory,54,10,3,1,47.1
45,Male,Robbery,Primary,138,9,2,0,56.4
49,Male,Public Order,Preparatory,4,13,1,1,47.6
46,Male,Robbery,Preparatory,109,7,0,1,51.8
19,Male,Drug Offense,Bachelor's,12,16,7,4,100.0
47,Male,Vandalism,Preparatory,36,7,2,0,32.2
20,Male,Theft,Preparatory,29,10,1,3,60.4
64,Male,Robbery,Primary,46,9,1,1,51.5
53,Male,Assault,Illiterate,62,13,3,0,58.6
62,Female,Assault,Secondary,39,6,2,0,38.8
41,Female,Theft,Primary,3,13,2,3,56.5
26,Male,Robbery,Secondary,91,11,4,1,63.1
32,Male,Burglary,Bachelor's,35,12,5,3,70.2
52,Female,Weapons Offense,Bachelor's,57,8,0,0,29.8
20,Male,Weapons Offense,Illiterate,66,4,1,0,56.3
62,Male,Vandalism,Primary,13,16,1,1,51.5
26,Male,Theft,Primary,12,10,4,0,57.5
55,Female,Public Order,Preparatory,15,12,0,1,38.0
60,Male,Assault,Secondary,108,11,3,0,45.6
49,Female,Robbery,Secondary,64,11,4,1,61.6
23,Male,Robbery,Illiterate,107,8,3,0,69.0
33,Male,Kidnapping,Primary,139,9,0,2,73.1
22,Female,Theft,Illiterate,16,7,2,0,47.0
47,Male,Burglary,Literate,25,3,0,0,33.7
55,Male,Assault,Primary,63,8,1,1,57.9
63,Male,Theft,Preparatory,11,8,3,2,45.1
32,Female,Fraud,Preparatory,77,9,0,2,51.0
30,Male,Burglary,Primary,22,10,2,1,59.7
61,Male,Cybercrime,Secondary,15,6,2,0,24.9
47,Female,Kidnapping,Primary,237,8,1,1,71.5
29,Male,Assault,Preparatory,69,10,4,0,60.3
34,Male,Murder,Primary,288,17,7,2,100.0
27,Male,Assault,Primary,80,15,2,0,58.3
35,Male,Theft,Preparatory,30,7,2,0,35.8
30,Male,Fraud,Secondary,79,8,1,2,44.5
56,Male,Assault,Secondary,106,11,1,1,46.3
33,Female,Burglary,Illiterate,14,6,1,0,43.6
54,Male,Theft,Literate,17,17,6,3,80.2
57,Male,Fraud,Preparatory,40,12,4,1,58.1
64,Male,Sexual Offense,Preparatory,139,2,0,0,39.4
31,Male,Robbery,Secondary,129,10,0,1,51.2
18,Male,Assault,Secondary,85,7,1,0,43.8
65,Male,Weapons Offense,Primary,64,17,6,5,89.2
61,Male,Burglary,Bachelor's,21,13,4,2,57.4
18,Male,Assault,Illiterate,57,17,1,4,100.0
22,Male,Arson,Illiterate,81,6,1,1,68.4
48,Male,Assault,Primary,38,13,4,3,78.8
20,Male,Murder,Postgraduate education,296,11,2,1,74.9
51,Male,Arson,Secondary,48,14,1,1,49.1
37,Male,Robbery,Preparatory,80,14,0,2,57.3
52,Male,Assault,Preparatory,25,17,4,4,85.2
40,Male,Robbery,Preparatory,120,11,3,2,71.8
56,Male,Robbery,Preparatory,117,13,1,1,55.1
19,Male,Fraud,Primary,30,7,1,1,46.2
40,Male,Burglary,Secondary,39,9,0,1,37.0
41,Male,Theft,Bachelor's,27,7,1,0,31.1
58,Male,Robbery,Secondary,105,13,2,1,53.6
46,Female,Cybercrime,Literate,49,11,3,2,54.0
40,Female,Fraud,Preparatory,47,8,0,2,47.7
37,Male,Murder,Secondary,242,9,0,1,60.5
45,Male,Murder,Secondary,357,7,2,0,58.2
36,Male,Theft,Bachelor's,12,9,0,0,22.9
47,Male,Assault,Primary,95,9,2,0,59.2
60,Male,Assault,Illiterate,61,10,1,0,49.5
18,Male,Burglary,Bachelor's,19,16,1,4,70.5
21,Male,Theft,Primary,3,12,4,1,62.1
21,Male,Fraud,Primary,76,7,2,0,53.5
60,Female,Murder,Bachelor's,318,10,1,3,72.5
27,Female,Burglary,Secondary,17,8,1,2,45.4
36,Male,Assault,Primary,110,9,0,1,43.1
58,Male,Fraud,Bachelor's,45,6,2,0,25.3
37,Male,Burglary,Preparatory,68,5,1,1,38.7
38,Male,Theft,Secondary,19,7,0,1,35.2
26,Male,Burglary,Primary,31,12,2,1,53.3
54,Female,Assault,Primary,79,14,0,3,65.2
24,Male,Assault,Primary,111,11,4,3,91.7
63,Male,Fraud,Preparatory,64,5,0,1,30.0
47,Male,Murder,Bachelor's,395,7,0,1,57.3
23,Male,Drug Offense,Primary,43,16,1,4,88.4
55,Male,Theft,Secondary,39,10,0,1,37.2
36,Male,Vandalism,Literate,3,8,3,2,56.3
47,Male,Cybercrime,Preparatory,9,6,2,0,24.2
23,Male,Vandalism,Secondary,24,14,3,3,74.7
56,Male,Robbery,Preparatory,78,9,3,2,57.3
21,Male,Murder,Preparatory,207,4,1,0,55.4
62,Male,Theft,Secondary,34,7,1,1,26.5
26,Male,Drug Offense,Bachelor's,50,13,2,1,55.3
58,Male,Public Order,Illiterate,16,11,1,0,41.7
57,Male,Theft,Illiterate,41,6,2,1,33.7
25,Male,Burglary,Literate,13,13,0,4,67.3
50,Male,Theft,Literate,28,6,0,0,29.3
48,Female,Vandalism,Bachelor's,19,9,0,1,28.6
57,Male,Vandalism,Secondary,30,8,3,2,46.8
27,Male,Burglary,Secondary,54,6,1,1,38.0
33,Male,Kidnapping,Secondary,241,5,0,0,53.5
48,Male,Drug Offense,Bachelor's,75,12,4,3,74.1
41,Male,Fraud,Secondary,25,10,4,0,42.0
47,Male,Assault,Illiterate,82,8,1,2,57.8
25,Male,Theft,Primary,44,6,2,1,48.1
59,Female,Drug Offense,Illiterate,57,6,2,1,52.3
26,Male,Sexual Offense,Primary,136,13,5,1,82.0
40,Male,Cybercrime,Primary,51,13,1,4,72.4
51,Male,Theft,Secondary,25,10,0,3,51.7
59,Male,Robbery,Secondary,136,8,3,2,51.5
26,Male,Arson,Primary,86,12,4,3,88.2
22,Female,Drug Offense,Preparatory,72,14,5,2,85.5
56,Male,Murder,Bachelor's,449,14,6,1,85.8
34,Male,Robbery,Bachelor's,80,13,5,4,85.1
55,Male,Fraud,Illiterate,32,4,1,0,29.6
32,Male,Theft,Bachelor's,33,6,0,0,23.8
38,Male,Public Order,Secondary,24,9,3,2,46.1
33,Male,Cybercrime,Secondary,30,4,0,0,24.4
44,Female,Theft,Primary,5,6,0,1,37.9
65,Male,Arson,Secondary,39,10,1,1,38.2
29,Male,Sexual Offense,Preparatory,238,7,0,0,56.1
30,Male,Assault,Secondary,52,13,5,3,83.9
30,Male,Assault,Preparatory,48,12,4,3,81.4
23,Male,Drug Offense,Secondary,38,10,1,0,48.0
20,Male,Cybercrime,Primary,32,9,3,2,65.0
54,Male,Theft,Primary,44,9,0,0,27.2
51,Male,Vandalism,Secondary,33,7,1,1,29.6
50,Male,Drug Offense,Secondary,29,11,4,0,51.0
22,Male,Drug Offense,Bachelor's,84,13,0,2,56.7
23,Male,Assault,Literate,87,8,0,2,70.7
32,Male,Murder,Illiterate,328,12,4,0,85.5
34,Male,Fraud,Bachelor's,32,8,0,1,39.3
36,Male,Murder,Bachelor's,436,6,1,0,55.4
37,Male,Theft,Secondary,10,10,3,0,36.1
55,Male,Weapons Offense,Primary,27,7,0,1,45.2
20,Male,Robbery,Primary,133,15,4,5,100.0
21,Male,Murder,Secondary,211,11,2,0,73.3
33,Male,Vandalism,Secondary,5,17,7,1,71.0
40,Female,Weapons Offense,Secondary,34,7,2,1,46.2
53,Male,Theft,Secondary,9,7,0,1,21.5
20,Male,Burglary,Primary,42,12,4,3,84.1
37,Male,Cybercrime,Primary,9,12,0,0,41.9
19,Male,Vandalism,Preparatory,27,12,0,3,58.1
61,Male,Theft,Preparatory,27,8,0,1,34.8
42,Male,Assault,Preparatory,41,3,0,0,32.0
25,Male,Cybercrime,Postgraduate education,29,10,4,2,48.5
40,Male,Assault,Illiterate,53,13,3,2,84.0
23,Male,Burglary,Secondary,68,13,1,1,54.6
52,Male,Public Order,Illiterate,24,13,1,1,43.6
33,Male,Theft,Literate,14,11,1,0,45.3
36,Male,Fraud,Secondary,43,6,0,1,35.2
36,Male,Fraud,Secondary,21,9,2,2,37.0
22,Male,Murder,Preparatory,362,16,6,4,100.0
32,Male,Robbery,Preparatory,106,6,2,1,60.9
36,Male,Burglary,Bachelor's,32,8,0,0,26.4
62,Male,Theft,Primary,29,11,4,1,58.0
63,Female,Assault,Illiterate,41,12,2,0,61.9
51,Male,Kidnapping,Primary,215,13,0,1,59.0
64,Male,Theft,Postgraduate education,47,14,3,3,49.3
46,Male,Assault,Literate,87,7,1,1,56.9
20,Male,Murder,Primary,223,9,2,2,86.3
21,Male,Drug Offense,Preparatory,60,8,2,2,59.8
42,Male,Burglary,Preparatory,54,12,2,1,48.2
45,Male,Drug Offense,Illiterate,56,7,1,1,53.7
19,Female,Arson,Primary,69,14,1,3,75.3
55,Male,Theft,Secondary,42,12,4,0,42.1
45,Male,Vandalism,Bachelor's,6,6,0,1,17.5
24,Male,Public Order,Bachelor's,10,14,1,2,50.2
52,Male,Murder,Secondary,445,12,2,3,87.0
34,Male,Fraud,Secondary,42,15,2,0,55.2
26,Female,Robbery,Secondary,71,8,3,2,59.1
23,Female,Arson,Primary,109,6,2,1,60.2
43,Male,Robbery,Primary,68,14,1,3,69.6
59,Male,Drug Offense,Literate,84,3,0,0,38.0
60,Male,Robbery,Literate,95,6,2,1,52.2
19,Male,Assault,Postgraduate education,85,9,0,1,54.2
58,Male,Burglary,Illiterate,72,7,2,0,47.2
23,Male,Drug Offense,Primary,20,9,0,0,47.6
46,Male,Arson,Primary,99,12,3,2,70.5
26,Male,Burglary,Bachelor's,53,11,4,0,44.9
21,Male,Drug Offense,Primary,76,5,1,1,55.7
46,Male,Theft,Secondary,6,8,2,2,42.5
63,Female,Public Order,Illiterate,12,7,2,1,40.4
52,Male,Drug Offense,Primary,21,14,2,4,77.7
50,Male,Assault,Primary,65,18,1,0,56.0
54,Male,Vandalism,Preparatory,30,8,1,1,31.4
36,Male,Robbery,Secondary,78,8,3,2,56.3
44,Female,Fraud,Bachelor's,49,10,1,3,53.4
57,Male,Fraud,Primary,31,9,1,2,46.3
55,Male,Drug Offense,Secondary,77,7,0,0,29.6
63,Male,Assault,Secondary,68,14,2,2,63.2
31,Male,Murder,Secondary,256,13,1,2,80.3
42,Male,Drug Offense,Bachelor's,40,11,0,1,47.4
54,Male,Murder,Secondary,394,9,1,1,65.5
52,Male,Vandalism,Preparatory,6,11,2,0,27.3
56,Male,Assault,Preparatory,58,8,2,1,46.9
30,Male,Robbery,Primary,67,9,3,1,62.2
41,Male,Robbery,Postgraduate education,124,13,0,1,46.0
33,Male,Public Order,Preparatory,3,7,2,0,42.6
40,Male,Theft,Preparatory,33,10,2,0,42.9
56,Male,Vandalism,Primary,11,8,0,2,34.2
52,Male,Weapons Offense,Secondary,41,15,4,1,56.9
56,Male,Robbery,Primary,46,13,3,1,57.9
44,Male,Public Order,Secondary,21,9,3,1,44.3
30,Female,Cybercrime,Illiterate,13,12,5,0,59.6
44,Male,Murder,Bachelor's,231,13,5,2,79.7
26,Male,Vandalism,Illiterate,13,14,4,0,60.7
22,Male,Cybercrime,Bachelor's,33,10,3,0,45.5
40,Male,Sexual Offense,Primary,171,8,2,1,71.9
25,Male,Vandalism,Primary,9,11,2,0,43.0
64,Male,Kidnapping,Primary,234,12,0,2,69.4
44,Male,Kidnapping,Preparatory,242,7,0,0,52.2
62,Male,Burglary,Secondary,70,6,2,1,35.7
50,Male,Cybercrime,Secondary,29,6,0,0,17.1
61,Male,Fraud,Preparatory,77,10,4,3,65.7
64,Male,Weapons Offense,Illiterate,62,13,5,1,74.9
49,Male,Murder,Bachelor's,476,9,1,0,68.2
50,Male,Assault,Primary,64,10,3,0,57.8
29,Female,Theft,Bachelor's,16,15,1,4,64.8
45,Male,Murder,Secondary,230,12,3,0,66.5
40,Male,Theft,Primary,31,9,1,1,43.1
32,Female,Robbery,Bachelor's,113,8,3,0,51.5
24,Female,Drug Offense,Literate,38,6,1,0,54.4
53,Male,Arson,Illiterate,41,6,0,0,37.8
52,Male,Burglary,Preparatory,64,12,1,2,55.8
19,Male,Robbery,Bachelor's,90,10,1,2,61.4
64,Male,Theft,Preparatory,10,12,5,1,50.8
63,Male,Vandalism,Preparatory,30,5,0,0,15.5
49,Male,Cybercrime,Postgraduate education,52,10,0,0,26.8
60,Male,Fraud,Illiterate,40,21,5,0,64.1
64,Male,Theft,Primary,32,5,1,1,32.0
58,Male,Drug Offense,Illiterate,52,10,3,2,64.9
20,Male,Weapons Offense,Secondary,64,11,2,2,67.3
30,Male,Drug Offense,Bachelor's,16,4,0,0,35.1
58,Male,Burglary,Secondary,67,11,1,1,41.2
32,Male,Robbery,Literate,140,11,2,3,80.8
29,Male,Robbery,Primary,47,7,1,0,43.6
51,Male,Kidnapping,Illiterate,137,15,4,4,94.2
49,Male,Burglary,Literate,38,15,1,0,40.6
62,Male,Fraud,Secondary,56,17,2,5,73.8
48,Male,Public Order,Bachelor's,8,8,2,1,31.0
36,Male,Assault,Secondary,100,9,1,1,53.9
40,Male,Robbery,Primary,132,12,5,1,68.4
36,Male,Assault,Primary,78,9,0,2,61.9
25,Male,Public Order,Secondary,12,19,4,1,61.3
62,Male,Theft,Bachelor's,34,11,4,0,34.6
56,Male,Burglary,Primary,44,8,2,2,46.6
31,Female,Vandalism,Illiterate,23,14,0,2,64.3
34,Male,Fraud,Secondary,66,13,0,1,50.5
43,Male,Theft,Preparatory,17,7,2,0,34.7
39,Male,Theft,Preparatory,17,7,1,0,36.1
54,Female,Assault,Secondary,38,9,3,2,56.3
57,Male,Theft,Preparatory,4,4,1,0,19.3
42,Male,Sexual Offense,Bachelor's,237,8,0,0,52.5
22,Male,Assault,Preparatory,49,9,0,0,52.1
28,Male,Fraud,Secondary,49,15,1,0,53.5
28,Female,Robbery,Primary,129,10,0,3,69.3
33,Female,Theft,Illiterate,36,18,2,2,80.6
24,Male,Vandalism,Illiterate,21,6,0,0,46.9
37,Male,Drug Offense,Secondary,16,12,5,1,53.4
35,Male,Vandalism,Preparatory,28,10,0,2,42.9
26,Male,Cybercrime,Bachelor's,10,20,2,7,94.8
22,Male,Sexual Offense,Secondary,101,5,0,1,56.7
18,Male,Murder,Bachelor's,228,9,0,2,71.3
65,Male,Fraud,Bachelor's,51,11,3,0,39.9
38,Male,Kidnapping,Primary,237,11,4,3,91.0
30,Male,Public Order,Secondary,13,9,3,2,41.7
36,Male,Burglary,Preparatory,29,7,1,1,39.7
48,Male,Sexual Offense,Preparatory,193,7,1,1,60.7
19,Female,Sexual Offense,Bachelor's,235,12,1,3,83.2
63,Male,Burglary,Postgraduate education,37,13,4,1,41.6
32,Male,Assault,Literate,63,7,1,1,56.9
39,Male,Drug Offense,Illiterate,83,8,0,2,54.8
28,Male,Weapons Offense,Secondary,34,7,2,0,42.4
27,Male,Vandalism,Preparatory,17,7,2,1,45.1
21,Male,Burglary,Primary,33,9,1,2,68.4
27,Male,Drug Offense,Secondary,12,13,1,1,54.2
35,Male,Arson,Secondary,105,7,2,1,48.6
49,Male,Drug Offense,Primary,73,7,2,1,49.6
50,Male,Kidnapping,Secondary,146,6,1,0,38.7
45,Male,Fraud,Secondary,32,11,3,2,55.2
51,Male,Burglary,Preparatory,19,11,2,0,40.9
20,Female,Assault,Secondary,91,7,1,1,50.0
49,Male,Cybercrime,Preparatory,6,8,2,1,38.1
36,Male,Public Order,Secondary,22,13,4,3,60.0
35,Male,Drug Offense,Preparatory,95,10,3,2,66.4
28,Male,Assault,Primary,102,15,6,5,100.0
63,Male,Drug Offense,Preparatory,38,8,1,0,33.3
39,Female,Sexual Offense,Bachelor's,130,9,3,2,68.3
28,Male,Vandalism,Illiterate,29,11,1,0,51.5
29,Male,Theft,Postgraduate education,22,13,4,3,58.0
62,Male,Sexual Offense,Preparatory,180,10,3,2,78.6
24,Male,Assault,Literate,68,8,0,0,52.6
58,Male,Burglary,Secondary,71,13,4,0,50.8
30,Male,Vandalism,Bachelor's,22,15,3,5,75.5
41,Male,Fraud,Primary,81,11,0,2,52.7
59,Male,Theft,Literate,16,13,2,4,66.0
35,Male,Murder,Literate,447,10,4,2,95.3
55,Male,Fraud,Secondary,47,7,1,1,40.3
65,Female,Drug Offense,Preparatory,33,7,2,0,39.3
18,Male,Public Order,Illiterate,20,5,1,0,40.4
27,Male,Assault,Illiterate,33,11,2,1,62.6
21,Male,Vandalism,Preparatory,33,9,0,2,54.1
38,Male,Arson,Primary,86,8,3,1,59.9
42,Male,Sexual Offense,Primary,229,8,0,1,64.2
38,Male,Cybercrime,Bachelor's,16,14,5,1,58.5
58,Male,Sexual Offense,Bachelor's,239,11,3,1,73.7
46,Male,Vandalism,Secondary,30,4,1,0,21.0
59,Male,Theft,Preparatory,32,10,1,2,41.2
60,Male,Assault,Secondary,48,12,1,1,52.8
42,Male,Weapons Offense,Postgraduate education,49,8,1,0,36.8
46,Male,Burglary,Secondary,33,5,1,1,30.3
24,Female,Weapons Offense,Preparatory,25,11,4,0,57.8
56,Male,Drug Offense,Secondary,62,9,2,0,38.8
20,Female,Sexual Offense,Primary,110,11,3,1,82.3
54,Male,Cybercrime,Bachelor's,44,8,0,1,29.1
58,Male,Burglary,Secondary,53,5,0,1,33.1
52,Male,Theft,Illiterate,48,8,0,0,30.6
27,Male,Burglary,Bachelor's,17,7,2,0,33.9
44,Male,Theft,Preparatory,48,9,2,1,45.1
21,Male,Vandalism,Primary,15,13,3,2,75.3
59,Male,Theft,Bachelor's,23,5,0,1,22.5
63,Male,Public Order,Secondary,12,9,2,0,28.1
51,Male,Drug Offense,Preparatory,19,3,0,0,23.4
22,Male,Arson,Literate,70,10,3,1,64.7
23,Male,Theft,Secondary,47,11,4,1,53.7
50,Male,Drug Offense,Bachelor's,12,15,4,0,45.5
37,Male,Fraud,Primary,84,6,0,0,33.1
62,Male,Weapons Offense,Illiterate,35,10,1,1,53.5
29,Male,Burglary,Secondary,13,7,2,1,39.5
28,Male,Burglary,Preparatory,17,16,6,4,91.2
64,Female,Robbery,Secondary,60,12,4,0,52.1
65,Male,Theft,Illiterate,48,7,1,1,42.0
36,Male,Theft,Primary,17,6,2,0,33.2
30,Male,Burglary,Postgraduate education,28,6,2,0,33.9
62,Male,Theft,Primary,26,9,3,1,46.2
40,Male,Assault,Bachelor's,111,8,2,0,51.3
28,Male,Vandalism,Preparatory,16,13,3,3,61.8
62,Male,Drug Offense,Secondary,48,16,1,2,60.8
31,Male,Public Order,Secondary,24,6,2,0,36.9
35,Male,Arson,Primary,95,9,0,1,51.4
34,Male,Theft,Secondary,14,6,0,0,32.9
48,Male,Murder,Preparatory,373,13,5,2,87.1
60,Male,Theft,Secondary,43,8,0,1,25.8
40,Male,Theft,Preparatory,24,17,2,5,78.0
39,Male,Theft,Bachelor's,22,12,0,0,34.0
28,Male,Burglary,Illiterate,63,4,0,0,37.8
57,Male,Murder,Preparatory,384,5,0,1,60.8
48,Male,Burglary,Preparatory,33,11,3,0,47.4
48,Male,Robbery,Postgraduate education,65,9,1,1,40.8
50,Male,Assault,Primary,97,11,3,3,70.5
43,Male,Burglary,Literate,31,8,1,0,40.0
56,Female,Weapons Offense,Primary,96,9,2,2,61.5
26,Male,Robbery,Bachelor's,47,10,0,2,52.9
37,Male,Theft,Primary,28,13,4,0,51.2
28,Male,Drug Offense,Primary,34,10,2,2,60.4
37,Male,Burglary,Bachelor's,39,12,2,2,54.5
23,Male,Theft,Secondary,26,8,0,2,38.3
18,Male,Fraud,Preparatory,62,9,0,2,52.6
62,Male,Assault,Preparatory,83,4,0,0,37.8
63,Male,Weapons Offense,Preparatory,64,9,3,0,42.1
26,Male,Robbery,Primary,122,10,1,0,56.2
64,Female,Drug Offense,Preparatory,56,5,0,1,36.4
49,Male,Public Order,Illiterate,20,9,1,0,47.7
29,Male,Fraud,Primary,12,8,3,0,47.5
57,Male,Fraud,Illiterate,41,11,3,0,53.1
26,Male,Theft,Primary,8,11,1,0,42.8
39,Male,Burglary,Literate,31,9,1,1,53.4
42,Male,Assault,Primary,77,10,4,1,66.1
29,Male,Drug Offense,Bachelor's,71,11,3,2,63.1
23,Male,Kidnapping,Secondary,223,11,0,1,68.9
18,Male,Theft,Preparatory,46,8,1,2,57.9
47,Male,Drug Offense,Secondary,66,11,4,1,61.6
21,Male,Burglary,Secondary,50,8,0,1,40.0
46,Male,Vandalism,Secondary,26,5,1,1,24.4
25,Male,Public Order,Preparatory,13,9,3,0,44.3
61,Male,Theft,Bachelor's,48,15,0,4,52.5
55,Male,Assault,Secondary,82,12,0,0,35.9
45,Male,Robbery,Literate,98,6,1,1,54.5
47,Male,Cybercrime,Secondary,22,7,1,0,25.2
45,Male,Robbery,Secondary,105,15,5,3,86.3
35,Male,Fraud,Illiterate,53,10,2,0,46.0
37,Male,Drug Offense,Primary,16,9,3,1,54.7
52,Male,Burglary,Illiterate,18,9,1,1,50.9
26,Male,Drug Offense,Preparatory,47,6,2,1,56.0
40,Female,Drug Offense,Primary,79,11,3,3,76.3
54,Male,Theft,Preparatory,12,11,1,2,52.0
56,Female,Drug Offense,Bachelor's,60,7,1,1,39.3
50,Female,Theft,Bachelor's,22,14,6,1,51.1
45,Male,Burglary,Secondary,58,8,2,0,30.2
59,Male,Theft,Bachelor's,10,13,1,0,36.6
30,Male,Public Order,Secondary,18,6,0,1,39.1
33,Male,Theft,Secondary,16,15,2,5,74.7
45,Male,Drug Offense,Primary,76,12,2,3,67.8
60,Male,Fraud,Primary,48,11,1,2,52.1
35,Male,Burglary,Secondary,54,20,5,2,72.7
26,Male,Assault,Secondary,105,9,0,0,50.3
38,Male,Burglary,Secondary,26,17,4,1,61.7
22,Male,Sexual Offense,Secondary,213,8,3,2,76.4
55,Male,Drug Offense,Secondary,72,10,4,2,56.4
53,Male,Fraud,Primary,68,9,3,1,41.7
27,Male,Kidnapping,Primary,298,6,0,1,68.1
28,Male,Burglary,Illiterate,66,21,3,1,77.0
54,Female,Drug Offense,Secondary,56,11,2,2,50.9
23,Male,Public Order,Preparatory,10,19,0,5,77.3
38,Male,Assault,Literate,98,9,0,0,50.2
28,Male,Murder,Preparatory,191,7,2,0,65.4
36,Male,Assault,Primary,92,10,3,1,65.3
26,Male,Weapons Offense,Literate,74,14,3,4,88.5
31,Male,Theft,Primary,13,11,0,1,48.1
65,Female,Murder,Primary,291,12,2,3,86.3
44,Female,Robbery,Secondary,116,10,2,2,53.8
24,Male,Drug Offense,Secondary,93,10,1,0,56.2
38,Male,Assault,Primary,75,8,1,1,50.3
49,Male,Robbery,Bachelor's,56,5,1,1,41.7
29,Male,Theft,Bachelor's,32,12,2,1,39.8
59,Male,Weapons Offense,Preparatory,77,10,1,1,50.7
44,Male,Drug Offense,Secondary,29,12,2,0,40.7
57,Male,Public Order,Secondary,24,9,1,0,27.9
44,Female,Robbery,Primary,108,9,3,1,64.5
58,Male,Theft,Preparatory,41,5,0,1,27.0
59,Male,Assault,Primary,44,14,2,3,68.1
47,Male,Cybercrime,Literate,51,14,6,3,82.7
30,Male,Robbery,Bachelor's,62,9,3,1,52.0
54,Male,Burglary,Secondary,27,8,2,2,38.0
29,Female,Assault,Literate,101,5,0,0,48.9
39,Female,Weapons Offense,Primary,32,11,1,1,54.2
18,Male,Drug Offense,Preparatory,78,16,7,3,95.4
48,Male,Theft,Preparatory,19,7,1,1,38.3
63,Male,Sexual Offense,Secondary,232,7,1,0,42.0
63,Male,Assault,Secondary,61,9,0,2,50.6
43,Male,Sexual Offense,Illiterate,198,7,1,1,69.2
63,Female,Drug Offense,Preparatory,27,18,2,5,85.8
24,Male,Robbery,Bachelor's,132,12,5,0,62.4
25,Male,Fraud,Secondary,30,6,2,0,33.3
33,Male,Burglary,Illiterate,53,8,1,1,61.6
62,Male,Cybercrime,Preparatory,21,8,1,1,31.5
34,Male,Drug Offense,Primary,69,12,5,2,83.0
62,Male,Robbery,Illiterate,53,12,1,3,70.7
27,Male,Theft,Bachelor's,39,6,2,0,31.4
41,Male,Robbery,Secondary,108,16,3,4,78.7
58,Male,Sexual Offense,Secondary,135,9,0,1,45.3
65,Male,Theft,Secondary,27,12,2,0,34.7
34,Male,Theft,Primary,22,5,1,1,34.0
27,Male,Burglary,Secondary,59,8,0,2,43.6
51,Male,Drug Offense,Literate,56,5,1,1,48.7
59,Male,Vandalism,Primary,26,10,3,3,57.3
42,Male,Assault,Literate,91,12,4,3,79.0
48,Male,Cybercrime,Illiterate,10,7,2,1,47.2
39,Male,Burglary,Literate,50,12,1,0,43.6
64,Male,Drug Offense,Primary,70,8,1,2,55.4
54,Female,Weapons Offense,Bachelor's,91,14,4,2,60.2
32,Male,Fraud,Illiterate,24,10,4,0,60.4
39,Male,Robbery,Postgraduate education,144,8,0,1,40.8
65,Male,Theft,Secondary,31,14,0,0,33.8
54,Male,Burglary,Secondary,23,9,3,0,43.7
62,Female,Vandalism,Primary,32,9,1,1,41.0
29,Male,Drug Offense,Secondary,23,11,0,1,46.7
65,Male,Vandalism,Illiterate,11,14,2,1,47.3
51,Male,Burglary,Primary,60,9,0,0,29.5
55,Male,Theft,Bachelor's,6,12,4,2,46.5
38,Male,Theft,Preparatory,31,10,0,2,46.5
23,Male,Theft,Secondary,41,13,1,1,50.9
49,Male,Theft,Preparatory,10,9,3,1,41.5
64,Female,Arson,Primary,117,11,1,2,56.0
57,Male,Public Order,Primary,14,15,2,0,39.1
56,Male,Drug Offense,Primary,73,10,0,1,40.2
50,Male,Drug Offense,Primary,80,11,0,1,45.7
33,Male,Drug Offense,Preparatory,92,11,0,2,58.6
46,Male,Arson,Primary,36,17,3,4,91.9
38,Female,Assault,Preparatory,46,12,4,1,66.0
22,Male,Drug Offense,Illiterate,68,12,4,2,91.5
39,Male,Assault,Primary,37,8,2,2,63.4
32,Male,Assault,Primary,91,8,2,1,63.6
48,Male,Robbery,Secondary,109,8,0,2,51.5
61,Male,Theft,Secondary,13,8,1,1,23.0
28,Male,Theft,Bachelor's,33,9,1,0,32.4
59,Male,Fraud,Secondary,41,9,1,1,36.1
34,Male,Vandalism,Primary,12,7,2,0,38.7
37,Male,Fraud,Secondary,69,14,3,0,42.5
37,Male,Fraud,Preparatory,63,7,1,0,37.4
21,Female,Fraud,Secondary,70,10,0,1,53.7
35,Male,Sexual Offense,Primary,161,9,0,2,65.0
36,Male,Theft,Preparatory,27,10,0,3,45.2
38,Male,Kidnapping,Secondary,278,12,2,1,66.6
50,Male,Robbery,Illiterate,56,10,2,0,53.9
38,Male,Weapons Offense,Secondary,29,14,6,0,71.1
60,Male,Public Order,Secondary,8,9,1,0,22.0
35,Female,Murder,Illiterate,208,7,2,1,76.8
58,Male,Assault,Preparatory,60,12,5,1,73.2
25,Male,Cybercrime,Illiterate,55,14,3,4,85.1
64,Male,Theft,Literate,22,12,2,1,41.9
54,Male,Theft,Primary,39,14,2,3,61.3
52,Male,Robbery,Preparatory,73,14,4,1,64.1
62,Male,Arson,Illiterate,76,3,0,0,40.3
41,Female,Assault,Bachelor's,47,12,0,2,54.9
38,Male,Assault,Primary,110,15,4,0,73.5
63,Male,Drug Offense,Bachelor's,29,15,4,3,71.2
25,Male,Assault,Secondary,30,13,1,3,76.8
51,Male,Public Order,Preparatory,19,8,2,2,42.9
45,Female,Public Order,Bachelor's,11,17,7,3,72.3
52,Male,Murder,Secondary,218,12,2,2,75.1
54,Male,Murder,Literate,261,11,3,2,90.4
50,Male,Theft,Bachelor's,42,14,3,1,38.6
59,Female,Arson,Secondary,91,9,3,2,57.9
35,Male,Cybercrime,Postgraduate education,15,11,1,2,36.3
59,Male,Burglary,Secondary,41,11,0,1,35.4
51,Male,Kidnapping,Bachelor's,125,6,2,1,48.3
43,Male,Theft,Bachelor's,4,7,0,0,17.3
18,Male,Assault,Primary,52,10,3,3,81.3
55,Male,Robbery,Preparatory,121,9,1,2,47.2
30,Male,Murder,Primary,475,14,6,1,100.0
27,Male,Theft,Primary,9,11,3,2,66.8
19,Male,Weapons Offense,Illiterate,40,15,4,1,76.7
52,Male,Theft,Bachelor's,17,8,2,0,24.2
60,Male,Robbery,Preparatory,70,10,3,3,62.7
32,Female,Burglary,Primary,20,9,2,1,53.4
46,Male,Weapons Offense,Illiterate,50,8,3,0,57.8
42,Male,Assault,Primary,72,12,2,2,66.6
55,Male,Theft,Literate,40,11,1,1,47.1
64,Male,Burglary,Primary,72,14,6,0,59.5
49,Male,Fraud,Postgraduate education,65,9,0,2,33.8
30,Male,Theft,Preparatory,33,10,1,3,61.7
34,Male,Weapons Offense,Illiterate,72,9,2,1,66.9
44,Male,Vandalism,Primary,22,11,0,0,34.4
22,Male,Vandalism,Primary,8,12,1,2,58.9
59,Male,Fraud,Preparatory,47,8,2,1,35.5
64,Male,Robbery,Literate,67,5,0,1,40.2
29,Male,Theft,Literate,47,9,0,1,40.5
48,Male,Theft,Secondary,45,12,0,3,48.9
36,Male,Fraud,Literate,34,16,5,2,73.6
29,Female,Public Order,Secondary,22,9,2,1,40.0
29,Male,Weapons Offense,Secondary,27,6,2,0,51.6
49,Male,Fraud,Preparatory,45,16,5,3,78.7
57,Male,Vandalism,Primary,33,9,3,2,49.8
20,Male,Theft,Preparatory,37,7,1,1,43.2
42,Male,Sexual Offense,Literate,121,11,0,2,71.1
18,Male,Burglary,Preparatory,16,13,4,4,78.7
25,Female,Assault,Preparatory,92,12,0,3,70.1
46,Male,Drug Offense,Secondary,51,7,0,0,35.2
48,Male,Weapons Offense,Literate,93,7,1,1,53.2
41,Female,Drug Offense,Illiterate,75,6,0,1,55.5
65,Male,Murder,Literate,443,8,1,1,77.9
26,Male,Theft,Secondary,9,11,4,0,47.0
63,Male,Cybercrime,Literate,20,9,3,2,43.5
34,Male,Drug Offense,Primary,71,14,1,3,71.0
60,Male,Assault,Postgraduate education,58,6,1,0,26.6
26,Male,Fraud,Literate,16,7,1,1,51.4
65,Female,Fraud,Illiterate,37,6,2,1,40.2
29,Male,Drug Offense,Bachelor's,42,9,3,2,56.8
28,Male,Theft,Preparatory,25,14,0,2,54.0
30,Male,Vandalism,Secondary,31,8,2,2,43.7
31,Male,Robbery,Preparatory,131,6,0,1,44.9
35,Male,Assault,Primary,47,6,1,0,45.1
34,Male,Cybercrime,Secondary,35,5,0,1,22.8
60,Male,Vandalism,Secondary,19,8,3,1,39.3
22,Male,Assault,Illiterate,93,14,4,4,100.0
26,Male,Public Order,Bachelor's,4,11,4,0,43.8
53,Male,Theft,Primary,31,11,4,0,41.0
45,Male,Weapons Offense,Postgraduate education,88,9,1,2,44.7
29,Male,Weapons Offense,Postgraduate education,48,5,1,1,41.7
27,Male,Burglary,Illiterate,58,10,2,3,68.9
65,Male,Drug Offense,Literate,79,8,0,0,41.6
51,Male,Assault,Preparatory,112,14,2,1,65.7
51,Male,Theft,Secondary,43,10,1,2,43.1
58,Male,Burglary,Bachelor's,57,7,0,0,29.1
27,Male,Public Order,Preparatory,7,10,0,1,41.7
35,Male,Public Order,Preparatory,13,7,1,0,27.3
51,Female,Cybercrime,Preparatory,14,12,5,3,64.6
64,Female,Theft,Primary,38,7,0,0,26.5
60,Male,Weapons Offense,Secondary,32,14,0,3,64.5
21,Male,Theft,Preparatory,13,6,2,0,38.6
33,Male,Theft,Preparatory,40,7,1,0,34.4
30,Male,Fraud,Primary,47,10,2,2,56.5
26,Female,Theft,Secondary,46,12,4,0,43.3
27,Male,Theft,Primary,23,8,0,1,47.0
18,Male,Assault,Preparatory,104,10,2,1,68.1
56,Male,Drug Offense,Primary,27,13,5,0,59.4
52,Male,Assault,Illiterate,120,5,0,1,50.4
64,Male,Robbery,Postgraduate education,84,12,5,0,52.8
34,Male,Assault,Secondary,114,5,1,1,47.5
62,Male,Assault,Primary,90,14,4,1,64.6
24,Male,Kidnapping,Bachelor's,212,10,3,3,83.7
33,Male,Drug Offense,Bachelor's,67,9,0,2,58.5
44,Male,Theft,Secondary,20,12,0,1,38.4
34,Male,Robbery,Secondary,68,9,1,0,42.2
40,Male,Theft,Secondary,18,6,1,1,45.3
55,Male,Drug Offense,Secondary,25,6,0,1,26.7
63,Male,Drug Offense,Secondary,89,9,1,1,44.4
51,Female,Drug Offense,Illiterate,25,13,2,1,54.3
55,Male,Drug Offense,Illiterate,24,9,1,2,63.1
25,Female,Burglary,Secondary,57,12,4,0,57.5
56,Male,Fraud,Secondary,56,11,4,1,52.8
59,Male,Vandalism,Secondary,36,10,4,2,49.1
20,Female,Vandalism,Secondary,30,8,2,0,41.0
60,Female,Burglary,Primary,52,6,0,1,30.0
39,Male,Weapons Offense,Secondary,82,6,0,0,42.0
34,Male,Drug Offense,Primary,43,9,3,2,61.5
35,Male,Theft,Preparatory,43,7,0,1,26.4
34,Male,Burglary,Secondary,67,6,2,1,46.5
53,Male,Kidnapping,Secondary,164,9,0,1,47.2
49,Male,Robbery,Secondary,130,13,4,1,60.7
32,Male,Robbery,Bachelor's,47,11,0,1,43.6
58,Male,Drug Offense,Secondary,60,9,2,2,45.2
30,Male,Sexual Offense,Primary,208,10,4,3,93.8
41,Male,Public Order,Primary,4,8,1,1,44.6
30,Male,Weapons Offense,Secondary,95,5,1,1,45.1
36,Male,Assault,Preparatory,113,14,5,1,72.1
22,Male,Theft,Secondary,45,7,1,1,39.5
43,Male,Theft,Primary,25,16,2,1,56.4
43,Male,Fraud,Bachelor's,49,5,0,1,13.7
57,Male,Theft,Postgraduate education,31,8,3,0,22.3
20,Male,Theft,Postgraduate education,4,6,2,0,27.3
49,Male,Sexual Offense,Primary,153,10,0,2,67.9
46,Male,Burglary,Illiterate,27,5,1,0,42.6
19,Male,Assault,Preparatory,95,9,2,0,51.0
53,Female,Burglary,Primary,45,14,6,0,46.9
55,Male,Murder,Bachelor's,378,12,3,0,65.0
65,Male,Vandalism,Preparatory,19,11,4,0,39.1
45,Male,Weapons Offense,Bachelor's,64,7,1,1,41.1
52,Male,Public Order,Literate,23,8,0,0,28.0
33,Male,Murder,Illiterate,439,6,0,0,76.2
63,Male,Robbery,Secondary,113,10,3,2,62.4
32,Male,Sexual Offense,Secondary,237,10,2,1,59.2
32,Male,Murder,Illiterate,404,5,0,0,70.4
49,Male,Theft,Postgraduate education,4,16,7,5,80.6
53,Male,Drug Offense,Bachelor's,73,9,2,1,38.2
63,Male,Drug Offense,Illiterate,47,10,2,2,64.7
54,Male,Cybercrime,Illiterate,44,9,3,2,52.8
49,Male,Arson,Literate,86,13,4,0,61.5
31,Male,Robbery,Secondary,74,9,2,1,57.2
39,Male,Vandalism,Preparatory,29,8,1,0,35.1
27,Male,Public Order,Secondary,1,6,0,1,27.8
57,Male,Arson,Secondary,45,10,0,0,33.5
57,Male,Fraud,Literate,36,12,1,1,45.4
33,Female,Arson,Postgraduate education,59,7,1,0,36.4
19,Male,Assault,Literate,35,7,1,1,64.6
24,Female,Murder,Bachelor's,378,12,5,0,86.6
44,Male,Assault,Bachelor's,47,5,0,0,27.4
24,Male,Burglary,Preparatory,28,7,0,0,41.1
49,Male,Robbery,Primary,80,7,1,1,53.0
59,Male,Robbery,Secondary,103,12,4,0,53.3
34,Male,Drug Offense,Postgraduate education,19,9,1,1,44.8
61,Male,Burglary,Postgraduate education,45,10,3,2,36.8
18,Male,Fraud,Illiterate,84,9,2,1,61.6
54,Male,Theft,Literate,43,15,6,2,76.9
57,Male,Assault,Postgraduate education,36,3,0,0,14.6
61,Female,Drug Offense,Secondary,68,9,2,2,49.6
63,Male,Arson,Preparatory,92,8,3,0,48.3
19,Male,Weapons Offense,Bachelor's,39,9,2,2,55.6
37,Female,Theft,Secondary,40,13,3,1,48.6
51,Male,Theft,Primary,12,14,4,1,51.2
57,Female,Weapons Offense,Bachelor's,94,12,0,1,44.8
42,Male,Weapons Offense,Secondary,32,8,3,0,48.8
39,Male,Theft,Postgraduate education,34,8,3,2,41.4
30,Male,Theft,Illiterate,33,5,1,0,44.9
60,Male,Vandalism,Illiterate,36,11,0,1,44.4
23,Male,Robbery,Preparatory,109,11,3,0,69.2
62,Male,Fraud,Secondary,37,11,4,2,49.5
36,Male,Assault,Primary,104,13,0,0,54.5
45,Male,Fraud,Preparatory,74,10,1,0,37.6
24,Male,Assault,Preparatory,87,7,1,1,50.0
36,Male,Sexual Offense,Preparatory,106,9,1,1,52.4
30,Female,Robbery,Secondary,109,9,2,0,46.7
52,Male,Robbery,Illiterate,39,10,2,3,69.4
21,Female,Fraud,Primary,80,10,2,2,63.9
21,Male,Drug Offense,Preparatory,77,14,3,1,77.3
51,Male,Assault,Secondary,29,9,1,0,43.5
31,Male,Weapons Offense,Bachelor's,64,14,4,2,70.8
22,Male,Assault,Secondary,102,10,2,1,64.1
18,Male,Fraud,Bachelor's,26,6,0,1,27.7
36,Male,Burglary,Secondary,65,12,4,3,71.4
39,Female,Public Order,Bachelor's,12,7,1,1,30.4
43,Male,Theft,Primary,45,8,2,1,39.1
34,Female,Assault,Secondary,104,11,1,3,74.0
37,Male,Cybercrime,Secondary,23,8,1,0,25.3
44,Male,Fraud,Preparatory,47,4,1,0,28.6
30,Male,Assault,Secondary,104,9,0,2,53.0
62,Male,Sexual Offense,Preparatory,153,9,0,1,65.4
22,Male,Theft,Bachelor's,34,10,4,3,66.1
22,Male,Robbery,Bachelor's,68,9,1,2,61.4
61,Male,Sexual Offense,Primary,169,11,4,1,78.4
36,Male,Robbery,Secondary,86,8,1,2,50.7
30,Female,Murder,Preparatory,245,9,0,1,64.7
51,Female,Assault,Literate,53,13,2,3,67.8
20,Male,Burglary,Secondary,63,10,0,3,68.3
22,Male,Drug Offense,Preparatory,30,12,1,0,49.7
46,Male,Theft,Bachelor's,15,8,0,0,20.4
31,Male,Theft,Illiterate,12,9,3,0,49.3
39,Male,Burglary,Literate,41,10,1,1,54.1
30,Female,Theft,Preparatory,21,10,2,2,59.4
50,Male,Burglary,Primary,54,7,1,0,32.7
64,Male,Cybercrime,Illiterate,21,13,2,3,63.3
56,Male,Murder,Literate,342,5,0,0,53.8
21,Male,Theft,Preparatory,4,11,1,1,54.6
57,Male,Sexual Offense,Primary,105,7,2,0,53.0
27,Female,Drug Offense,Illiterate,12,21,2,3,88.6
54,Male,Fraud,Secondary,40,9,3,1,42.6
58,Male,Murder,Illiterate,423,14,4,0,83.9
54,Male,Robbery,Secondary,93,12,4,1,55.9
65,Male,Assault,Primary,105,10,1,1,58.6
47,Male,Cybercrime,Preparatory,29,10,1,2,53.6
32,Male,Drug Offense,Literate,61,11,4,0,72.6
34,Female,Fraud,Illiterate,50,9,3,2,65.8
27,Male,Fraud,Bachelor's,41,5,1,1,34.0
43,Male,Drug Offense,Primary,63,10,0,0,42.5
44,Female,Assault,Preparatory,73,10,2,0,59.6
47,Male,Robbery,Preparatory,128,9,3,0,55.9
51,Male,Burglary,Primary,24,13,4,1,63.2
64,Male,Drug Offense,Bachelor's,82,5,0,1,31.5
44,Male,Robbery,Preparatory,96,12,1,1,55.6
24,Male,Assault,Bachelor's,103,6,2,0,50.3
44,Male,Burglary,Secondary,22,7,0,1,29.3
60,Male,Assault,Primary,80,10,0,2,54.8
19,Male,Fraud,Secondary,46,8,1,2,51.9
65,Male,Arson,Secondary,109,8,1,0,35.2
30,Male,Robbery,Primary,130,7,2,0,53.0
26,Male,Assault,Secondary,102,14,1,1,59.6
51,Male,Cybercrime,Secondary,56,10,1,3,48.3
22,Male,Theft,Bachelor's,6,6,0,1,35.2
39,Male,Robbery,Bachelor's,61,10,1,0,45.1
65,Male,Burglary,Bachelor's,35,16,2,4,60.1
57,Female,Murder,Bachelor's,423,14,0,0,60.3
39,Male,Robbery,Literate,107,6,0,1,52.6
28,Female,Theft,Preparatory,37,13,4,0,55.7
57,Male,Murder,Secondary,323,8,3,2,72.7
62,Male,Burglary,Literate,72,7,2,0,39.7
27,Female,Theft,Illiterate,27,10,0,3,66.3
48,Male,Burglary,Illiterate,56,12,3,3,69.4
41,Female,Murder,Primary,190,6,1,0,63.8
49,Female,Murder,Bachelor's,223,10,4,0,56.3
41,Male,Theft,Primary,28,11,2,2,51.7
27,Male,Weapons Offense,Postgraduate education,49,14,6,1,60.7
58,Male,Sexual Offense,Bachelor's,117,13,3,2,70.5
40,Male,Vandalism,Illiterate,29,10,4,2,62.9
28,Male,Burglary,Preparatory,45,13,3,3,74.3
19,Male,Weapons Offense,Illiterate,54,7,1,1,69.1
62,Male,Assault,Preparatory,29,9,2,2,58.5
35,Male,Arson,Preparatory,46,9,1,1,56.0
39,Male,Theft,Postgraduate education,42,6,2,0,20.6
18,Male,Theft,Preparatory,33,11,4,1,62.4
42,Male,Sexual Offense,Primary,192,8,2,2,75.0
39,Male,Assault,Postgraduate education,78,12,5,2,65.8
44,Male,Theft,Primary,19,12,0,2,54.2
53,Male,Robbery,Illiterate,93,9,0,0,42.9
60,Male,Drug Offense,Primary,77,8,2,0,40.6
25,Male,Theft,Secondary,18,9,2,2,51.2
22,Male,Theft,Secondary,18,12,0,0,45.1
23,Male,Theft,Illiterate,24,8,2,1,56.2
57,Male,Murder,Postgraduate education,415,15,4,3,92.9
58,Female,Vandalism,Literate,10,10,3,1,53.2
21,Male,Burglary,Secondary,17,15,3,4,74.1
29,Male,Public Order,Illiterate,22,8,2,1,52.3
32,Male,Sexual Offense,Preparatory,231,8,1,1,59.9
30,Male,Burglary,Postgraduate education,50,10,4,2,51.0
63,Male,Robbery,Secondary,43,13,4,0,51.0
46,Male,Theft,Literate,15,10,4,2,64.5
34,Male,Murder,Postgraduate education,243,8,1,1,71.8
62,Male,Burglary,Bachelor's,60,6,1,0,35.7
32,Male,Drug Offense,Secondary,88,8,1,1,49.6
44,Male,Robbery,Preparatory,141,9,2,2,61.2
40,Male,Assault,Secondary,111,8,3,0,48.9
34,Male,Burglary,Illiterate,43,9,3,1,63.6
40,Female,Theft,Secondary,30,8,3,2,45.0
23,Male,Cybercrime,Preparatory,53,11,3,3,72.2
61,Male,Murder,Bachelor's,365,5,0,1,53.6
62,Male,Drug Offense,Illiterate,45,9,2,1,49.2
64,Male,Assault,Secondary,85,6,1,1,41.8
41,Male,Arson,Primary,60,10,0,2,56.0
32,Male,Theft,Primary,32,10,3,0,40.2
47,Male,Vandalism,Bachelor's,28,14,2,4,62.6
47,Male,Assault,Literate,118,11,3,2,78.5
42,Male,Theft,Literate,23,7,0,0,30.0
42,Female,Drug Offense,Preparatory,13,13,3,4,77.3
45,Male,Drug Offense,Literate,87,9,3,2,69.9
29,Male,Theft,Preparatory,20,8,3,0,37.0
39,Male,Assault,Literate,94,12,0,1,59.1
35,Male,Assault,Secondary,79,14,5,3,82.6
45,Female,Theft,Postgraduate education,6,10,0,0,22.0
40,Female,Theft,Primary,33,13,0,0,42.6
56,Male,Burglary,Bachelor's,63,9,2,2,45.4
31,Male,Theft,Primary,13,12,1,0,40.4
39,Male,Drug Offense,Preparatory,27,9,3,0,51.8
56,Male,Robbery,Secondary,139,6,1,0,35.3
62,Male,Fraud,Postgraduate education,20,9,3,1,35.7
19,Male,Fraud,Primary,53,12,0,0,51.8
62,Male,Cybercrime,Primary,36,9,0,1,36.9
35,Male,Murder,Primary,279,4,0,0,57.8
26,Female,Vandalism,Secondary,17,7,1,0,24.3
63,Male,Burglary,Secondary,43,7,1,1,38.2
54,Male,Theft,Preparatory,9,9,2,2,46.0
42,Male,Drug Offense,Illiterate,74,12,2,2,63.4
47,Male,Cybercrime,Bachelor's,23,3,0,0,20.6
22,Male,Arson,Secondary,71,14,3,3,82.2
63,Male,Vandalism,Illiterate,18,10,1,0,40.9
32,Male,Robbery,Bachelor's,97,11,3,1,56.9
53,Male,Robbery,Primary,76,11,0,3,60.2
56,Female,Burglary,Secondary,24,14,6,0,61.5
56,Male,Robbery,Illiterate,60,5,1,0,45.8
51,Male,Robbery,Secondary,90,12,2,3,61.9
62,Male,Theft,Primary,12,7,2,1,40.2
36,Male,Drug Offense,Secondary,22,7,2,1,38.5
41,Male,Weapons Offense,Literate,72,10,1,0,49.2
53,Male,Assault,Primary,59,3,0,0,31.6
47,Male,Sexual Offense,Preparatory,137,11,0,2,68.5
55,Male,Public Order,Literate,11,12,4,2,55.5
53,Male,Theft,Bachelor's,27,11,0,0,24.1
53,Male,Assault,Primary,46,8,3,2,54.4
38,Male,Arson,Secondary,77,12,4,1,54.2
54,Male,Theft,Preparatory,48,15,4,3,68.7
63,Male,Theft,Illiterate,12,11,3,1,46.6
24,Male,Weapons Offense,Primary,70,10,0,2,66.3
40,Male,Fraud,Secondary,75,13,0,3,55.4
43,Male,Assault,Secondary,74,14,4,1,70.1
62,Male,Vandalism,Secondary,31,5,1,1,25.0
28,Male,Weapons Offense,Primary,54,7,0,1,48.6
21,Male,Murder,Illiterate,295,10,1,2,97.0
48,Male,Burglary,Primary,21,9,0,2,41.7
26,Male,Robbery,Secondary,121,10,4,3,72.2
43,Male,Arson,Preparatory,89,8,0,0,39.5
53,Male,Burglary,Illiterate,26,12,1,0,41.7
55,Male,Fraud,Illiterate,59,10,4,1,57.8
50,Female,Burglary,Primary,46,16,0,5,75.2
18,Female,Kidnapping,Primary,262,13,3,2,92.6
41,Male,Theft,Primary,41,7,0,1,35.3
34,Male,Robbery,Primary,51,6,1,0,42.8
59,Male,Theft,Secondary,44,9,0,1,30.9
60,Male,Fraud,Primary,17,9,0,0,29.6
42,Male,Kidnapping,Bachelor's,171,8,1,0,43.6
54,Male,Robbery,Secondary,63,7,2,0,42.5
55,Male,Fraud,Illiterate,41,7,0,1,40.6
54,Female,Vandalism,Primary,4,12,2,1,42.3
37,Male,Vandalism,Bachelor's,16,13,0,3,43.1
49,Female,Fraud,Primary,62,8,2,1,44.9
56,Male,Weapons Offense,Preparatory,60,11,0,1,52.6
60,Male,Burglary,Secondary,68,10,1,1,39.8
18,Male,Drug Offense,Bachelor's,47,9,1,0,45.8
18,Male,Fraud,Secondary,32,7,0,1,37.2
24,Male,Burglary,Primary,39,10,3,0,57.4
65,Female,Theft,Preparatory,4,13,5,4,70.8
37,Male,Cybercrime,Primary,22,7,1,0,36.0
47,Female,Cybercrime,Secondary,19,9,1,2,47.3
25,Female,Kidnapping,Secondary,127,7,0,1,55.8
48,Male,Theft,Secondary,32,13,5,4,74.3
55,Male,Robbery,Illiterate,108,11,4,0,63.0
48,Male,Sexual Offense,Primary,197,8,1,0,54.4
61,Male,Theft,Preparatory,32,10,2,0,39.9
44,Male,Theft,Bachelor's,45,11,1,2,43.1
22,Female,Cybercrime,Secondary,52,14,5,2,68.3
48,Male,Robbery,Secondary,60,8,1,0,38.8
33,Male,Vandalism,Postgraduate education,5,6,1,0,18.6
54,Male,Assault,Bachelor's,86,5,0,1,42.9
32,Male,Kidnapping,Primary,142,15,0,2,78.3
56,Male,Vandalism,Secondary,26,9,2,0,33.4
60,Female,Sexual Offense,Secondary,178,10,3,1,59.2
65,Male,Fraud,Secondary,59,8,0,2,46.2
47,Female,Arson,Literate,99,9,3,1,74.0
61,Male,Fraud,Preparatory,44,7,2,1,37.0
26,Male,Fraud,Preparatory,81,15,0,3,68.8
61,Male,Theft,Preparatory,43,11,4,3,57.9
27,Male,Murder,Bachelor's,261,11,3,2,75.3
54,Male,Vandalism,Primary,28,14,3,2,58.4
23,Male,Cybercrime,Postgraduate education,40,12,0,1,46.3
20,Male,Murder,Primary,461,14,6,2,100.0
60,Female,Kidnapping,Secondary,205,10,0,3,59.3
49,Male,Kidnapping,Secondary,260,13,4,4,88.8
43,Male,Vandalism,Primary,25,9,2,0,40.0
65,Male,Arson,Literate,117,14,1,3,70.2
59,Male,Vandalism,Bachelor's,15,9,0,1,29.9
63,Male,Vandalism,Preparatory,9,10,1,0,27.4
49,Male,Theft,Bachelor's,18,13,2,0,38.4
43,Male,Burglary,Secondary,72,13,1,2,57.5
30,Male,Theft,Literate,14,10,3,0,51.4
61,Male,Burglary,Bachelor's,39,11,4,1,54.2
40,Male,Theft,Secondary,24,12,0,1,37.7
42,Male,Robbery,Secondary,97,8,0,1,49.9
58,Male,Theft,Preparatory,5,8,0,0,24.4
49,Male,Theft,Secondary,27,7,1,0,31.0
52,Male,Assault,Secondary,68,8,3,2,52.8
61,Male,Theft,Illiterate,34,9,2,0,38.9
23,Male,Murder,Illiterate,228,9,3,0,82.3
47,Male,Robbery,Secondary,96,9,0,1,42.1
20,Male,Murder,Secondary,411,10,1,2,82.8
31,Male,Theft,Secondary,40,9,0,1,38.5
61,Male,Weapons Offense,Preparatory,88,9,0,0,47.1
29,Male,Sexual Offense,Preparatory,233,10,2,1,76.5
59,Male,Burglary,Literate,45,5,1,1,36.2
49,Male,Assault,Bachelor's,29,11,3,0,50.1
36,Male,Assault,Secondary,33,12,5,0,50.2
30,Male,Burglary,Preparatory,59,10,0,1,54.6
59,Female,Arson,Illiterate,59,8,2,0,49.7
32,Male,Drug Offense,Bachelor's,41,12,2,3,70.3
63,Male,Sexual Offense,Bachelor's,121,10,3,0,52.1
28,Male,Kidnapping,Bachelor's,264,7,1,0,49.7
19,Male,Fraud,Secondary,14,10,0,3,52.5
63,Male,Sexual Offense,Secondary,123,16,1,5,85.0
44,Male,Robbery,Secondary,90,7,2,0,45.7
22,Male,Robbery,Bachelor's,81,7,2,0,44.4
48,Male,Weapons Offense,Bachelor's,41,7,0,0,32.8
25,Male,Theft,Primary,15,9,3,2,54.0
46,Male,Murder,Secondary,424,10,1,2,78.4
22,Female,Drug Offense,Secondary,26,12,0,0,45.7
53,Male,Burglary,Primary,59,8,1,1,45.9
62,Male,Fraud,Preparatory,13,5,0,1,25.8
25,Male,Robbery,Preparatory,74,10,2,3,76.3
26,Male,Burglary,Preparatory,25,12,0,0,43.1
30,Male,Assault,Primary,46,8,0,1,46.9
42,Male,Drug Offense,Bachelor's,21,10,0,2,39.4
27,Male,Vandalism,Literate,7,9,1,1,47.6
48,Male,Public Order,Secondary,8,12,3,1,41.7
58,Male,Vandalism,Preparatory,17,7,2,0,38.8
34,Male,Arson,Illiterate,77,11,1,0,57.8
43,Male,Drug Offense,Bachelor's,62,8,1,2,45.8
46,Male,Cybercrime,Secondary,14,13,3,2,63.2
48,Male,Vandalism,Bachelor's,13,5,0,1,21.8
33,Male,Robbery,Secondary,91,9,2,0,53.4
56,Male,Theft,Illiterate,12,11,0,1,44.3
59,Male,Robbery,Primary,119,9,0,0,45.8
39,Male,Assault,Primary,63,9,1,2,60.7
48,Male,Fraud,Bachelor's,83,5,0,1,31.1
61,Male,Drug Offense,Secondary,72,16,7,1,68.0
39,Male,Assault,Primary,90,11,2,3,68.9
57,Male,Burglary,Primary,29,8,2,1,38.4
36,Male,Burglary,Bachelor's,32,13,2,2,51.8
33,Male,Fraud,Primary,54,14,0,4,76.8
51,Male,Robbery,Secondary,121,13,2,1,60.9
60,Male,Drug Offense,Secondary,49,18,5,2,79.0
30,Male,Fraud,Secondary,53,8,3,0,44.1
31,Male,Murder,Literate,329,12,5,3,100.0
58,Male,Drug Offense,Secondary,55,7,1,1,40.2
29,Female,Vandalism,Preparatory,28,11,2,3,63.6
48,Male,Weapons Offense,Preparatory,67,7,0,1,38.7
27,Male,Theft,Literate,27,8,3,2,60.1
53,Female,Theft,Primary,19,15,4,2,67.6
49,Male,Public Order,Secondary,9,4,0,0,13.0
50,Male,Burglary,Illiterate,39,12,0,3,55.6
58,Female,Drug Offense,Preparatory,61,9,1,1,41.6
38,Male,Burglary,Preparatory,63,14,3,2,60.3
21,Male,Theft,Literate,37,16,3,5,90.9
35,Male,Theft,Secondary,30,14,5,2,62.1
31,Male,Drug Offense,Illiterate,26,14,1,3,71.0
39,Female,Sexual Offense,Primary,157,7,2,0,59.1
32,Male,Drug Offense,Secondary,82,14,4,4,91.4
40,Male,Theft,Secondary,23,15,0,2,44.6
32,Male,Public Order,Preparatory,18,8,3,1,41.0
57,Male,Burglary,Secondary,51,7,1,1,34.2
35,Male,Theft,Primary,29,10,3,0,37.0
32,Male,Drug Offense,Bachelor's,40,5,1,1,43.4
35,Male,Burglary,Primary,49,9,0,0,38.1
56,Male,Assault,Primary,34,10,0,0,42.9
44,Male,Assault,Secondary,73,9,1,2,59.5
57,Male,Theft,Secondary,16,8,1,1,35.0
61,Male,Vandalism,Preparatory,23,10,3,0,35.5
19,Male,Drug Offense,Bachelor's,89,8,1,1,47.0
31,Male,Sexual Offense,Secondary,192,13,1,3,82.6
28,Male,Burglary,Primary,37,13,5,4,84.1
35,Male,Robbery,Primary,112,12,0,3,72.4
48,Female,Drug Offense,Secondary,94,7,1,1,37.3
62,Male,Sexual Offense,Illiterate,184,15,4,3,97.6
41,Male,Assault,Secondary,78,14,6,0,64.2
23,Male,Fraud,Primary,45,17,7,5,100.0
48,Male,Burglary,Secondary,45,11,1,1,50.8
56,Male,Burglary,Illiterate,36,12,2,3,65.3
41,Male,Burglary,Secondary,22,20,1,6,86.7
23,Male,Murder,Primary,448,4,1,0,72.9
34,Male,Robbery,Bachelor's,71,12,5,1,69.6
29,Male,Robbery,Preparatory,65,9,0,0,44.1
23,Male,Murder,Secondary,270,13,1,0,73.4
36,Male,Weapons Offense,Bachelor's,54,11,2,2,54.0
19,Male,Burglary,Secondary,16,18,7,3,88.3
24,Male,Vandalism,Preparatory,32,12,3,2,57.9
53,Male,Sexual Offense,Literate,143,11,4,0,64.8
33,Male,Robbery,Literate,70,12,3,1,71.1
50,Male,Assault,Bachelor's,74,11,0,0,43.5
26,Male,Assault,Bachelor's,54,13,0,2,57.8
56,Male,Murder,Primary,305,9,1,1,68.0
47,Male,Theft,Primary,43,8,0,1,40.5
56,Male,Theft,Preparatory,3,14,2,0,32.6
36,Male,Vandalism,Secondary,28,13,0,3,48.2
53,Male,Fraud,Preparatory,78,14,4,4,70.5
40,Male,Murder,Bachelor's,387,10,2,2,69.6
34,Male,Fraud,Preparatory,75,6,2,1,43.6
26,Male,Burglary,Secondary,35,11,0,0,36.0
37,Male,Weapons Offense,Preparatory,62,10,2,2,66.6
41,Male,Assault,Secondary,51,6,2,0,41.0
45,Male,Arson,Preparatory,111,8,3,0,52.9
65,Male,Vandalism,Preparatory,12,12,3,3,59.3
19,Female,Weapons Offense,Primary,75,10,1,1,71.8
47,Male,Fraud,Primary,28,6,0,1,36.8
44,Female,Burglary,Literate,52,8,0,1,46.6
24,Male,Theft,Preparatory,27,18,4,2,75.8
59,Female,Theft,Primary,35,12,5,1,57.4
53,Male,Weapons Offense,Bachelor's,85,11,3,2,50.3
22,Male,Burglary,Bachelor's,22,4,1,0,29.6
18,Female,Theft,Secondary,20,10,3,2,52.6
21,Male,Burglary,Preparatory,13,9,3,0,53.5
46,Male,Vandalism,Preparatory,23,8,1,1,39.1
36,Male,Vandalism,Secondary,31,7,1,1,38.5
49,Male,Assault,Secondary,94,12,1,3,71.7
64,Male,Assault,Postgraduate education,43,8,1,0,28.9
42,Male,Sexual Offense,Secondary,164,10,2,2,72.5
27,Male,Weapons Offense,Illiterate,73,16,3,5,100.0
35,Male,Theft,Primary,11,5,1,1,40.4
30,Male,Burglary,Secondary,68,6,1,0,29.9
27,Male,Murder,Postgraduate education,287,9,3,1,70.1
18,Female,Burglary,Illiterate,58,7,2,1,60.0
48,Male,Burglary,Bachelor's,22,11,3,1,43.0
61,Male,Theft,Preparatory,24,12,3,0,37.8
57,Male,Fraud,Preparatory,45,4,0,0,12.5
54,Male,Cybercrime,Secondary,27,9,0,0,30.9
58,Male,Assault,Secondary,115,3,0,0,26.1
55,Male,Robbery,Secondary,67,7,1,0,34.1
32,Male,Assault,Primary,89,12,2,0,60.2
37,Male,Sexual Offense,Preparatory,172,11,2,1,75.4
34,Male,Theft,Primary,17,11,4,1,56.1
33,Male,Theft,Illiterate,37,8,1,0,48.4
50,Male,Kidnapping,Preparatory,204,10,4,1,72.9
37,Male,Burglary,Preparatory,71,13,1,4,66.3
60,Male,Robbery,Bachelor's,91,6,2,0,31.2
43,Male,Theft,Preparatory,4,15,0,2,53.6
39,Female,Theft,Primary,34,12,2,1,44.8
43,Male,Fraud,Bachelor's,48,8,2,2,49.9
33,Male,Burglary,Literate,32,8,2,1,61.4
55,Male,Theft,Illiterate,3,15,0,5,67.8
27,Male,Assault,Illiterate,113,11,1,2,74.2
59,Male,Theft,Preparatory,5,7,1,0,25.7
26,Male,Vandalism,Secondary,25,7,1,1,39.4
60,Male,Theft,Bachelor's,24,16,6,5,71.7
24,Male,Murder,Postgraduate education,180,8,3,0,57.0
30,Male,Cybercrime,Bachelor's,37,9,1,0,31.1
24,Male,Robbery,Bachelor's,45,10,3,0,53.4
57,Male,Theft,Secondary,19,12,2,0,32.8
28,Male,Sexual Offense,Illiterate,153,9,1,1,66.6
62,Male,Fraud,Primary,32,14,0,3,61.1
62,Male,Assault,Bachelor's,63,9,2,1,49.5
36,Male,Vandalism,Preparatory,18,9,0,0,28.9
37,Male,Burglary,Preparatory,57,8,0,1,38.0
27,Male,Theft,Bachelor's,12,15,6,1,55.9
24,Female,Theft,Secondary,21,6,0,0,37.6
39,Male,Murder,Secondary,402,10,2,0,68.8
44,Male,Drug Offense,Bachelor's,82,11,1,2,52.0
64,Male,Weapons Offense,Primary,84,6,1,0,45.8
59,Male,Theft,Primary,7,15,5,5,81.5
21,Male,Vandalism,Primary,14,9,2,2,64.5
49,Male,Public Order,Secondary,11,7,0,1,26.1
46,Male,Robbery,Postgraduate education,90,8,0,0,28.7
60,Male,Weapons Offense,Secondary,47,10,2,3,57.2
18,Male,Burglary,Primary,17,12,0,3,72.7
49,Female,Robbery,Illiterate,53,12,0,1,62.5
33,Male,Assault,Primary,49,9,0,0,44.1
64,Male,Theft,Illiterate,26,7,2,1,47.8
63,Male,Drug Offense,Primary,25,12,3,2,67.1
48,Male,Public Order,Primary,5,7,0,0,28.7
39,Male,Vandalism,Secondary,20,15,5,0,52.2
51,Male,Assault,Secondary,102,6,0,0,28.3
30,Male,Weapons Offense,Secondary,82,6,0,0,43.2
64,Male,Robbery,Postgraduate education,94,11,3,1,49.9
20,Male,Theft,Secondary,7,13,5,1,71.9
48,Male,Fraud,Preparatory,41,9,3,2,53.0
38,Male,Burglary,Primary,69,9,1,2,51.6
59,Male,Vandalism,Secondary,19,12,3,1,48.3
43,Male,Assault,Illiterate,81,6,2,0,51.0
33,Male,Assault,Bachelor's,59,9,0,1,40.0
52,Male,Murder,Preparatory,436,6,2,1,65.1
64,Male,Drug Offense,Primary,88,8,3,0,41.0
60,Male,Public Order,Primary,22,9,1,0,28.6
53,Male,Theft,Primary,27,7,0,1,40.6
53,Male,Burglary,Secondary,12,10,0,1,30.5
61,Male,Robbery,Primary,97,6,0,0,34.8
19,Male,Weapons Offense,Secondary,45,18,5,5,99.3
60,Male,Burglary,Literate,39,12,2,1,53.5
31,Male,Fraud,Secondary,48,10,3,1,55.4
37,Female,Sexual Offense,Secondary,115,9,3,1,68.3
27,Female,Vandalism,Illiterate,18,10,0,2,56.0
22,Male,Vandalism,Bachelor's,14,17,7,0,65.0
25,Male,Robbery,Preparatory,142,7,1,0,47.9
52,Male,Theft,Secondary,20,9,1,2,34.0
23,Male,Theft,Literate,15,7,1,0,38.2
52,Female,Sexual Offense,Bachelor's,118,12,1,0,47.3
22,Male,Fraud,Preparatory,80,14,0,0,54.4
30,Male,Weapons Offense,Secondary,27,10,2,0,55.8
39,Male,Vandalism,Preparatory,35,13,5,2,69.0
43,Male,Burglary,Secondary,61,9,0,0,30.3
55,Male,Theft,Postgraduate education,17,10,0,0,15.4
60,Female,Vandalism,Secondary,32,7,1,1,25.5
42,Male,Fraud,Bachelor's,16,8,3,0,31.4
46,Male,Murder,Illiterate,370,11,2,2,91.3
59,Male,Kidnapping,Illiterate,200,11,0,1,70.2
47,Male,Vandalism,Secondary,10,11,0,1,34.8
55,Male,Assault,Postgraduate education,116,5,1,1,44.5
39,Male,Vandalism,Secondary,23,13,5,2,55.0
33,Male,Vandalism,Primary,9,14,0,2,60.1
21,Female,Drug Offense,Postgraduate education,45,9,3,0,48.5
42,Female,Robbery,Bachelor's,45,14,1,0,45.0
51,Male,Assault,Secondary,76,11,1,2,60.4
19,Male,Robbery,Primary,47,10,2,0,57.8
26,Female,Drug Offense,Bachelor's,58,10,1,1,45.3
25,Male,Robbery,Primary,51,14,3,1,72.9
29,Male,Murder,Illiterate,205,5,0,0,64.7
35,Male,Arson,Secondary,46,9,1,1,50.1
63,Male,Murder,Secondary,332,7,2,1,61.6
53,Male,Theft,Preparatory,5,8,3,0,35.9
37,Female,Assault,Secondary,58,10,2,0,44.8
65,Male,Theft,Bachelor's,40,11,4,2,53.6
18,Male,Assault,Preparatory,70,8,3,1,62.0
43,Male,Robbery,Secondary,107,8,1,1,44.7
33,Male,Burglary,Secondary,48,7,2,0,49.0
62,Male,Drug Offense,Illiterate,39,3,0,0,38.0
64,Male,Burglary,Bachelor's,67,11,4,3,71.2
61,Male,Public Order,Illiterate,17,14,1,2,54.7
35,Male,Sexual Offense,Bachelor's,222,7,1,0,48.4
53,Male,Assault,Secondary,73,7,2,1,50.9
30,Male,Robbery,Literate,111,10,4,1,72.1
44,Female,Robbery,Primary,51,10,4,0,61.6
63,Male,Drug Offense,Preparatory,26,8,1,0,39.1
43,Male,Kidnapping,Secondary,267,12,2,1,66.2
29,Male,Murder,Postgraduate education,307,5,1,1,50.5
26,Male,Burglary,Primary,14,12,1,3,61.6
64,Male,Fraud,Postgraduate education,47,8,0,0,22.2
25,Male,Drug Offense,Secondary,13,10,4,3,71.1
44,Male,Burglary,Literate,58,12,4,2,68.2
59,Male,Cybercrime,Primary,32,10,0,3,49.2
42,Male,Drug Offense,Preparatory,37,19,0,2,64.5
58,Male,Fraud,Primary,43,12,5,0,52.2
49,Male,Robbery,Illiterate,36,9,0,2,58.9
45,Male,Theft,Bachelor's,6,10,4,3,54.5
65,Male,Robbery,Preparatory,72,7,0,1,39.3
27,Male,Burglary,Secondary,42,5,0,0,30.3
51,Male,Assault,Primary,52,6,0,0,40.0
46,Male,Cybercrime,Bachelor's,30,11,0,1,37.5
35,Male,Burglary,Bachelor's,13,17,1,0,41.8
33,Male,Fraud,Postgraduate education,82,15,0,2,54.2
50,Male,Theft,Primary,26,8,0,1,37.5
51,Male,Theft,Bachelor's,36,10,4,2,45.3
37,Male,Theft,Secondary,9,4,1,0,31.6
33,Female,Burglary,Primary,54,5,1,0,41.0
53,Male,Murder,Bachelor's,273,7,2,0,54.3
58,Male,Assault,Literate,26,10,1,2,66.0
38,Male,Arson,Preparatory,79,11,3,1,62.2
18,Male,Burglary,Secondary,58,12,1,0,57.6
45,Male,Vandalism,Secondary,28,11,4,0,47.1
60,Male,Drug Offense,Secondary,24,8,2,2,40.6
42,Male,Burglary,Primary,14,11,2,3,52.2
39,Male,Arson,Preparatory,99,13,1,1,55.2
32,Male,Murder,Secondary,232,12,3,3,88.0
54,Female,Burglary,Bachelor's,25,11,3,1,39.4
47,Male,Public Order,Illiterate,22,2,0,0,19.4
53,Male,Theft,Secondary,16,10,3,1,38.4
41,Male,Burglary,Bachelor's,38,9,0,0,30.3
25,Female,Drug Offense,Bachelor's,38,5,1,1,39.4
23,Male,Burglary,Literate,63,6,1,0,48.0
34,Male,Assault,Secondary,54,12,5,3,85.0
20,Male,Robbery,Literate,132,12,4,2,88.1
62,Male,Weapons Offense,Preparatory,51,16,2,0,58.6
44,Female,Theft,Preparatory,17,5,1,1,34.8
54,Male,Assault,Primary,69,14,3,1,64.9
46,Male,Burglary,Secondary,52,8,1,2,56.0
54,Male,Robbery,Literate,56,5,1,1,39.4
32,Male,Kidnapping,Primary,173,10,3,1,77.1
30,Male,Assault,Secondary,52,9,3,2,64.1
57,Male,Theft,Bachelor's,16,10,1,3,41.3
41,Male,Cybercrime,Primary,49,10,3,3,68.8
45,Male,Theft,Bachelor's,33,12,5,1,49.0
42,Male,Fraud,Preparatory,65,8,3,0,33.8
24,Male,Theft,Illiterate,29,12,1,2,58.2
24,Male,Sexual Offense,Literate,229,14,5,1,94.3
63,Male,Drug Offense,Bachelor's,87,10,4,1,44.9
55,Female,Cybercrime,Literate,44,7,1,1,45.1
52,Male,Burglary,Preparatory,23,12,0,1,37.4
57,Male,Assault,Primary,101,11,3,0,52.1
31,Female,Vandalism,Bachelor's,15,10,4,0,39.5
43,Male,Arson,Preparatory,47,11,3,3,71.4
55,Male,Sexual Offense,Bachelor's,154,16,3,2,75.9
65,Male,Weapons Offense,Literate,85,12,3,0,59.4
43,Female,Murder,Secondary,249,10,0,3,80.5
21,Male,Assault,Primary,40,12,3,1,76.4
33,Female,Assault,Secondary,33,10,0,2,56.8
33,Male,Theft,Preparatory,8,8,0,2,46.5
34,Male,Murder,Bachelor's,202,10,2,1,64.2
45,Male,Vandalism,Literate,17,2,0,0,26.0
62,Male,Assault,Secondary,33,8,2,1,47.9
45,Male,Murder,Secondary,344,12,2,1,76.0
47,Male,Robbery,Bachelor's,39,15,3,4,75.9
20,Male,Vandalism,Secondary,4,10,4,0,46.2
64,Male,Robbery,Secondary,139,10,3,2,56.3
58,Male,Theft,Primary,9,7,0,1,24.9
46,Male,Assault,Preparatory,104,11,4,0,64.0
65,Female,Theft,Literate,25,11,2,0,44.6
38,Male,Theft,Bachelor's,44,8,1,1,32.9
36,Male,Robbery,Illiterate,140,8,3,2,74.2
27,Male,Murder,Preparatory,431,9,2,2,83.4
51,Female,Theft,Literate,21,4,1,0,29.0
50,Male,Theft,Preparatory,5,14,2,1,42.9
50,Male,Theft,Secondary,3,8,3,1,42.7
60,Male,Burglary,Primary,33,10,3,2,52.3
23,Male,Assault,Preparatory,75,8,3,0,57.2
42,Male,Burglary,Literate,29,3,0,0,27.8
50,Male,Robbery,Secondary,82,9,3,1,48.9
37,Male,Vandalism,Preparatory,5,7,0,1,34.4
53,Male,Drug Offense,Illiterate,38,9,0,1,49.3
33,Male,Vandalism,Secondary,25,6,0,1,32.2
19,Male,Arson,Bachelor's,103,7,0,1,52.3
29,Male,Theft,Secondary,10,16,5,4,81.2
43,Male,Assault,Bachelor's,91,13,4,2,64.4
65,Male,Drug Offense,Primary,94,11,2,0,51.9
29,Male,Assault,Bachelor's,55,12,3,2,69.9
51,Male,Sexual Offense,Primary,112,10,4,1,65.7
43,Male,Theft,Illiterate,47,10,2,2,55.8
43,Male,Robbery,Literate,109,18,5,5,99.4
59,Male,Kidnapping,Preparatory,160,11,2,0,53.8
19,Male,Fraud,Secondary,59,9,2,1,52.3
64,Male,Assault,Primary,63,8,3,2,55.0
34,Male,Cybercrime,Bachelor's,24,14,1,2,55.8
58,Male,Fraud,Secondary,49,9,1,2,44.6
20,Male,Vandalism,Secondary,26,7,1,0,34.7
39,Male,Burglary,Primary,67,11,1,3,51.5
64,Male,Theft,Preparatory,29,7,0,1,28.2
35,Male,Assault,Bachelor's,91,10,1,3,57.5
50,Female,Theft,Primary,9,11,2,2,47.1
41,Male,Sexual Offense,Preparatory,166,15,4,5,100.0
39,Male,Theft,Secondary,47,13,3,0,43.1
21,Male,Robbery,Primary,117,9,2,2,79.7
21,Female,Robbery,Primary,63,11,0,3,65.0
31,Female,Vandalism,Primary,36,10,4,3,68.2
34,Male,Cybercrime,Literate,52,7,1,0,39.1
32,Male,Vandalism,Illiterate,32,11,0,1,48.8
51,Male,Cybercrime,Literate,9,9,3,0,39.7
56,Female,Burglary,Illiterate,55,11,1,0,56.7
30,Male,Theft,Secondary,17,9,0,1,33.4
20,Female,Vandalism,Secondary,8,13,5,1,58.8
57,Male,Assault,Postgraduate education,73,7,0,1,29.4
24,Male,Assault,Preparatory,94,9,3,2,77.1
64,Male,Cybercrime,Illiterate,17,8,0,1,36.1
31,Male,Public Order,Illiterate,4,8,0,1,42.5
39,Male,Theft,Literate,41,6,2,1,41.2
51,Female,Burglary,Preparatory,42,12,2,1,49.6
58,Male,Robbery,Primary,112,6,0,1,40.1
25,Female,Weapons Offense,Bachelor's,51,7,1,0,39.7
43,Male,Vandalism,Literate,6,9,2,1,41.9
22,Male,Theft,Literate,36,10,1,3,70.3
58,Male,Robbery,Preparatory,64,7,1,0,38.0
32,Male,Assault,Bachelor's,99,9,1,1,55.3
26,Male,Fraud,Literate,32,6,2,1,48.3
31,Male,Assault,Illiterate,81,6,0,1,57.6
35,Male,Fraud,Illiterate,16,13,0,1,42.0
62,Male,Kidnapping,Literate,257,11,0,3,75.5
44,Female,Theft,Preparatory,4,13,1,3,47.8
39,Male,Weapons Offense,Preparatory,29,4,1,0,31.7
51,Male,Theft,Literate,4,10,1,0,34.6
20,Female,Cybercrime,Illiterate,19,4,1,0,44.9
41,Male,Cybercrime,Illiterate,54,10,0,3,61.5
19,Male,Drug Offense,Illiterate,39,7,1,1,58.0
24,Female,Arson,Primary,79,9,3,2,77.5
40,Male,Assault,Secondary,79,8,2,0,39.0
54,Male,Drug Offense,Preparatory,83,14,1,0,52.2
59,Female,Drug Offense,Postgraduate education,45,5,1,1,26.9
36,Male,Theft,Primary,38,6,2,0,24.2
18,Male,Public Order,Secondary,11,11,4,3,74.2
37,Male,Cybercrime,Bachelor's,53,13,5,1,61.1
51,Male,Theft,Primary,26,6,0,0,25.1
57,Male,Theft,Secondary,31,8,1,0,22.3
62,Male,Drug Offense,Illiterate,59,6,1,1,47.7
54,Male,Theft,Primary,39,3,0,0,24.8
29,Female,Sexual Offense,Preparatory,161,7,2,0,62.8
55,Male,Fraud,Secondary,65,12,0,0,26.8
57,Male,Fraud,Secondary,49,10,2,0,40.7
53,Male,Arson,Secondary,94,8,3,0,44.2
23,Female,Robbery,Preparatory,82,5,1,0,43.2
55,Male,Public Order,Primary,11,4,0,0,10.4
54,Male,Theft,Preparatory,22,5,0,0,25.0
54,Male,Public Order,Primary,6,15,1,4,64.6
30,Male,Vandalism,Secondary,17,11,2,3,54.7
36,Male,Arson,Preparatory,108,15,0,3,66.7
53,Female,Theft,Secondary,4,11,1,0,28.2
53,Male,Fraud,Literate,65,10,0,3,54.0
19,Male,Burglary,Primary,47,14,0,4,76.6
64,Male,Drug Offense,Primary,96,10,3,0,50.2
56,Female,Drug Offense,Bachelor's,78,9,2,0,33.0
26,Male,Murder,Illiterate,325,9,0,1,75.4
18,Female,Public Order,Bachelor's,4,9,1,1,44.3
27,Female,Murder,Preparatory,195,10,3,3,97.0
53,Male,Vandalism,Preparatory,25,14,5,4,76.3
52,Male,Assault,Primary,94,10,1,2,65.6
42,Male,Fraud,Secondary,39,8,3,1,43.2
18,Male,Vandalism,Illiterate,12,14,3,2,70.3
30,Male,Robbery,Primary,132,11,0,3,69.0
25,Male,Burglary,Primary,46,12,5,3,67.8
27,Male,Vandalism,Primary,35,11,3,0,47.6
35,Male,Theft,Illiterate,13,10,3,3,63.9
48,Male,Theft,Secondary,35,11,2,2,50.1
45,Male,Weapons Offense,Preparatory,31,7,2,1,43.9
25,Male,Arson,Preparatory,45,12,3,0,57.9
23,Male,Vandalism,Primary,4,8,0,1,42.9
21,Female,Fraud,Illiterate,47,11,2,0,57.4
23,Male,Drug Offense,Bachelor's,53,13,1,4,76.0
21,Male,Arson,Bachelor's,102,12,0,0,49.3
30,Female,Weapons Offense,Secondary,42,5,0,0,37.4
21,Male,Burglary,Primary,13,8,2,0,53.9
49,Male,Drug Offense,Preparatory,19,8,1,1,44.5
63,Female,Cybercrime,Secondary,54,7,2,0,30.9
44,Male,Drug Offense,Primary,83,16,7,0,83.8
23,Male,Assault,Secondary,84,10,2,1,66.2
42,Female,Public Order,Secondary,20,10,3,1,44.0
22,Male,Robbery,Preparatory,103,13,0,3,82.0
61,Male,Theft,Primary,15,12,2,0,43.3
47,Male,Weapons Offense,Bachelor's,64,8,3,0,48.1
40,Male,Burglary,Primary,37,11,4,0,45.9
24,Male,Weapons Offense,Preparatory,50,11,3,1,63.2
28,Male,Theft,Literate,27,14,2,3,68.9
25,Male,Assault,Bachelor's,109,13,0,4,78.9
38,Male,Assault,Secondary,68,8,0,0,42.6
42,Male,Burglary,Illiterate,54,12,0,0,50.0
52,Male,Robbery,Illiterate,57,9,0,1,54.3
55,Male,Theft,Preparatory,35,6,1,1,33.0
20,Female,Theft,Primary,6,10,2,0,49.4
33,Male,Drug Offense,Bachelor's,62,15,1,2,56.9
48,Male,Weapons Offense,Bachelor's,87,16,5,1,68.8
60,Male,Weapons Offense,Illiterate,44,7,0,1,51.4
58,Male,Assault,Bachelor's,92,8,3,0,41.8
29,Male,Burglary,Preparatory,38,11,0,0,41.0
28,Male,Fraud,Bachelor's,68,11,0,0,43.3
32,Male,Cybercrime,Primary,58,10,0,0,41.7
52,Male,Theft,Preparatory,37,17,7,2,69.9
61,Female,Fraud,Primary,69,15,6,0,59.7
65,Male,Vandalism,Secondary,30,9,0,1,34.7
43,Male,Public Order,Preparatory,23,11,0,3,41.6
21,Male,Weapons Offense,Primary,75,11,1,1,67.1
51,Male,Theft,Secondary,26,6,1,1,21.6
18,Male,Theft,Secondary,13,16,1,2,63.2
29,Male,Fraud,Secondary,23,11,1,0,40.7
43,Male,Drug Offense,Illiterate,54,12,1,0,53.3
52,Female,Weapons Offense,Secondary,75,15,1,3,66.0
54,Male,Theft,Secondary,14,8,1,2,33.8
22,Female,Theft,Secondary,32,11,1,2,58.6
56,Female,Murder,Preparatory,317,10,3,3,87.6
33,Male,Drug Offense,Primary,81,5,0,1,48.8
19,Female,Theft,Bachelor's,24,6,1,0,26.8
20,Female,Sexual Offense,Primary,234,12,2,3,92.0
45,Female,Drug Offense,Secondary,76,15,6,0,65.8
36,Male,Robbery,Secondary,144,8,0,2,54.2
65,Male,Murder,Illiterate,223,11,0,0,65.2
36,Male,Drug Offense,Preparatory,16,9,1,2,52.0
62,Male,Theft,Bachelor's,18,13,3,4,60.4
52,Male,Fraud,Primary,35,7,2,0,32.2
19,Female,Assault,Preparatory,33,8,0,0,42.7
57,Male,Drug Offense,Postgraduate education,75,13,1,3,51.2
57,Male,Fraud,Literate,67,9,0,0,36.6
50,Male,Vandalism,Bachelor's,11,7,0,0,16.2
38,Male,Burglary,Postgraduate education,14,10,0,0,20.0
59,Male,Drug Offense,Illiterate,94,6,2,0,38.5
29,Male,Vandalism,Preparatory,20,10,0,0,32.8
19,Male,Cybercrime,Secondary,30,3,0,0,29.8
42,Male,Robbery,Preparatory,40,11,3,2,63.8
19,Male,Burglary,Bachelor's,23,5,0,1,35.1
65,Male,Fraud,Primary,79,9,1,0,41.7
43,Male,Fraud,Literate,49,12,1,3,66.2
29,Male,Drug Offense,Literate,80,11,4,2,78.9
65,Male,Robbery,Preparatory,64,8,1,0,40.7
30,Male,Weapons Offense,Secondary,37,11,2,1,70.6
39,Male,Robbery,Secondary,77,8,0,2,51.4
29,Male,Robbery,Postgraduate education,97,5,1,0,41.0
29,Female,Fraud,Literate,33,11,0,1,53.9
43,Female,Burglary,Secondary,33,17,3,4,71.1
51,Male,Drug Offense,Literate,76,13,2,4,78.1
24,Male,Fraud,Preparatory,74,14,3,3,78.5
51,Male,Fraud,Bachelor's,53,12,4,1,47.7
19,Male,Arson,Secondary,72,7,2,1,54.4
34,Male,Burglary,Secondary,19,7,1,1,38.9
61,Female,Vandalism,Illiterate,10,12,4,3,73.3
48,Male,Burglary,Primary,65,9,0,2,48.1
63,Male,Burglary,Secondary,17,6,2,0,28.5
41,Male,Robbery,Primary,94,9,2,2,66.5
24,Male,Robbery,Literate,129,16,6,2,96.5
29,Male,Cybercrime,Secondary,36,13,4,4,77.5
64,Male,Assault,Primary,78,11,4,3,83.0
46,Male,Theft,Bachelor's,20,8,2,2,50.3
27,Male,Drug Offense,Literate,23,12,4,3,79.5
20,Male,Burglary,Preparatory,45,10,1,0,51.6
25,Male,Assault,Secondary,101,10,2,1,53.0
64,Male,Arson,Illiterate,82,5,1,0,43.9
26,Male,Assault,Secondary,68,13,5,3,78.3
43,Male,Theft,Primary,30,11,1,3,57.9
44,Male,Robbery,Secondary,100,7,2,0,44.3
44,Male,Assault,Preparatory,62,8,3,0,50.3
28,Male,Sexual Offense,Preparatory,167,8,0,0,52.1
52,Male,Kidnapping,Preparatory,213,11,4,0,69.7
38,Male,Vandalism,Primary,35,9,2,0,46.6
26,Male,Drug Offense,Literate,22,13,4,4,87.1
62,Male,Robbery,Literate,144,12,3,0,53.6
18,Female,Theft,Secondary,26,8,0,2,47.2
58,Male,Drug Offense,Primary,42,6,1,1,41.6
26,Male,Vandalism,Postgraduate education,10,9,1,0,28.6
38,Male,Theft,Illiterate,24,14,6,0,63.9
48,Male,Burglary,Secondary,47,10,3,3,61.1
65,Male,Theft,Primary,36,9,3,2,52.8
51,Male,Fraud,Secondary,74,11,2,3,51.1
27,Male,Vandalism,Postgraduate education,17,19,3,2,59.7
45,Male,Drug Offense,Preparatory,49,11,3,0,50.1
59,Male,Kidnapping,Literate,251,13,1,3,83.7
65,Male,Weapons Offense,Primary,32,12,0,1,48.6
51,Male,Vandalism,Secondary,9,3,0,0,10.1
65,Male,Vandalism,Literate,12,14,2,4,74.1
59,Male,Robbery,Illiterate,84,12,3,0,62.6
65,Male,Theft,Primary,19,24,0,3,67.2
49,Male,Sexual Offense,Preparatory,102,8,3,0,57.3
52,Male,Assault,Preparatory,35,7,1,0,42.1
60,Male,Vandalism,Bachelor's,33,13,3,2,46.7
47,Male,Kidnapping,Preparatory,280,17,2,2,80.7
35,Male,Fraud,Bachelor's,16,8,1,0,16.9
38,Male,Theft,Secondary,45,12,4,0,41.4
65,Male,Cybercrime,Secondary,52,9,0,1,32.7
24,Male,Murder,Primary,405,14,6,4,100.0
25,Male,Burglary,Preparatory,25,10,2,2,58.2
30,Male,Sexual Offense,Primary,240,12,1,2,79.6
59,Male,Burglary,Bachelor's,13,17,5,4,74.2
38,Male,Theft,Bachelor's,42,13,2,3,51.7
31,Male,Cybercrime,Bachelor's,52,6,0,1,29.9
45,Male,Drug Offense,Secondary,93,18,2,0,57.9
37,Male,Murder,Primary,265,11,2,2,81.9
38,Male,Sexual Offense,Primary,234,11,1,0,68.8
31,Male,Weapons Offense,Primary,39,10,1,0,50.5
49,Male,Assault,Secondary,87,9,0,1,46.3
32,Male,Fraud,Primary,14,6,0,1,37.7
54,Male,Cybercrime,Secondary,55,7,1,1,34.5
49,Male,Sexual Offense,Primary,210,6,0,0,53.4
56,Male,Cybercrime,Preparatory,17,9,2,0,39.2
54,Male,Theft,Illiterate,18,7,1,0,31.5
60,Female,Assault,Preparatory,87,10,4,0,63.3
64,Male,Assault,Bachelor's,65,13,0,2,49.8
26,Male,Murder,Bachelor's,304,12,4,2,78.5
26,Male,Vandalism,Secondary,9,5,0,0,24.6
26,Male,Fraud,Secondary,18,15,0,4,74.4
53,Male,Theft,Illiterate,38,12,0,3,53.6
49,Male,Weapons Offense,Bachelor's,90,10,3,1,55.5
50,Male,Murder,Primary,287,7,2,0,61.6
62,Male,Sexual Offense,Preparatory,227,5,1,0,47.2
40,Male,Drug Offense,Preparatory,19,13,2,1,56.4
20,Male,Robbery,Primary,85,12,5,2,88.2
59,Male,Murder,Secondary,344,7,1,1,61.6
25,Male,Fraud,Bachelor's,38,11,3,3,61.0
64,Male,Weapons Offense,Illiterate,43,8,3,1,59.2
59,Male,Arson,Secondary,111,18,5,4,89.3
65,Male,Theft,Primary,33,11,2,0,35.2
35,Male,Kidnapping,Primary,276,12,3,1,78.1
30,Female,Murder,Postgraduate education,222,6,0,1,51.7
31,Male,Assault,Secondary,38,5,1,0,37.7
27,Male,Drug Offense,Secondary,26,8,0,1,46.3
31,Male,Cybercrime,Bachelor's,35,10,3,0,41.2
44,Male,Drug Offense,Illiterate,89,1,0,0,41.8
65,Male,Theft,Preparatory,9,13,2,2,51.6
26,Female,Theft,Secondary,5,17,1,3,62.3
46,Male,Fraud,Secondary,79,18,4,1,66.8
46,Female,Burglary,Secondary,58,19,1,0,57.2
31,Male,Murder,Preparatory,352,13,0,2,88.8
31,Male,Drug Offense,Preparatory,50,8,0,2,58.2
51,Male,Arson,Primary,48,8,3,1,56.1
23,Male,Vandalism,Secondary,36,12,5,1,58.3
26,Female,Vandalism,Secondary,23,9,3,2,52.5
26,Male,Robbery,Literate,143,7,0,0,49.1
55,Male,Vandalism,Postgraduate education,25,6,0,0,13.7
64,Male,Vandalism,Secondary,3,10,2,3,46.3
31,Male,Murder,Primary,478,12,3,0,91.3
49,Male,Arson,Primary,94,8,2,1,58.7
25,Male,Burglary,Bachelor's,47,7,2,1,41.9
38,Male,Fraud,Secondary,28,6,0,1,32.7
31,Male,Burglary,Illiterate,59,8,2,1,56.5
27,Male,Public Order,Bachelor's,14,7,0,1,29.8
25,Male,Burglary,Primary,43,12,4,2,70.1
35,Male,Drug Offense,Illiterate,22,7,1,0,45.3
45,Male,Drug Offense,Preparatory,28,15,5,1,65.7
26,Male,Assault,Bachelor's,37,17,3,4,89.6
39,Male,Public Order,Literate,22,13,2,4,72.8
58,Male,Burglary,Secondary,30,9,1,2,47.0
20,Male,Theft,Secondary,28,11,3,0,47.8
49,Male,Arson,Preparatory,90,10,4,2,71.9
37,Male,Fraud,Secondary,56,14,3,4,76.1
41,Male,Vandalism,Bachelor's,19,8,3,2,42.0
48,Male,Theft,Secondary,32,7,2,0,29.1
45,Male,Theft,Illiterate,10,4,0,0,27.5
50,Male,Burglary,Secondary,59,8,1,0,28.3
44,Male,Theft,Preparatory,8,8,0,2,43.5
49,Male,Assault,Secondary,90,7,1,0,41.9
24,Male,Drug Offense,Preparatory,30,13,3,2,73.8
55,Male,Sexual Offense,Postgraduate education,111,8,3,1,53.5
47,Male,Assault,Preparatory,37,10,3,2,67.0
33,Male,Sexual Offense,Primary,108,6,1,0,58.7
36,Male,Assault,Primary,62,14,5,1,79.5
30,Male,Burglary,Secondary,13,12,5,1,57.1
19,Male,Burglary,Preparatory,45,10,3,3,65.0
61,Male,Assault,Preparatory,56,10,0,2,52.7
49,Male,Theft,Illiterate,15,8,0,2,51.3
60,Male,Arson,Secondary,56,11,4,0,52.1
46,Female,Vandalism,Bachelor's,30,9,2,0,39.6
27,Male,Murder,Preparatory,250,19,1,3,100.0
62,Male,Theft,Illiterate,20,12,2,1,52.0
43,Male,Theft,Postgraduate education,43,9,0,0,19.1
55,Male,Theft,Literate,31,9,2,2,53.3
55,Male,Assault,Bachelor's,28,15,2,3,62.0
19,Male,Robbery,Primary,134,13,3,3,82.0
53,Male,Sexual Offense,Secondary,165,12,5,1,73.1
54,Male,Burglary,Postgraduate education,16,14,2,2,49.8
38,Male,Theft,Secondary,35,13,2,4,61.6
20,Male,Robbery,Bachelor's,141,13,2,3,75.0
49,Female,Fraud,Secondary,75,7,2,1,40.2
58,Male,Theft,Preparatory,31,14,3,0,47.1
61,Male,Fraud,Secondary,49,9,2,0,32.2
24,Male,Fraud,Illiterate,39,9,2,0,50.6
49,Male,Theft,Preparatory,20,13,0,1,40.4
33,Male,Burglary,Primary,23,8,2,0,43.1
31,Male,Public Order,Secondary,20,8,1,0,27.9
36,Male,Weapons Offense,Postgraduate education,81,7,1,0,34.3
18,Male,Vandalism,Primary,30,11,0,2,57.8
60,Male,Burglary,Illiterate,41,8,3,0,50.8
52,Male,Theft,Preparatory,13,5,0,0,19.4
60,Male,Theft,Secondary,43,8,2,1,39.7
34,Male,Weapons Offense,Bachelor's,34,13,1,3,65.8
33,Male,Sexual Offense,Secondary,227,11,0,3,84.3
56,Male,Public Order,Secondary,5,14,6,1,55.1
25,Male,Assault,Illiterate,92,11,2,0,65.7
50,Male,Public Order,Bachelor's,17,14,3,2,44.4
19,Male,Vandalism,Postgraduate education,28,6,0,1,17.6
34,Male,Theft,Secondary,31,6,1,0,31.4
40,Male,Kidnapping,Primary,232,9,1,0,52.8
50,Male,Weapons Offense,Preparatory,31,12,4,3,72.9
19,Male,Theft,Preparatory,33,12,4,1,64.3
60,Male,Vandalism,Bachelor's,27,4,0,0,10.0
54,Male,Drug Offense,Illiterate,94,11,2,0,54.0
60,Male,Theft,Bachelor's,46,3,0,0,12.2
55,Male,Burglary,Secondary,47,9,2,1,37.4
50,Male,Sexual Offense,Preparatory,218,8,3,1,57.4
60,Male,Robbery,Secondary,65,6,1,0,32.0
63,Male,Weapons Offense,Illiterate,78,6,2,1,55.0
25,Male,Theft,Bachelor's,44,7,2,1,34.5
33,Male,Robbery,Bachelor's,124,11,1,2,57.9
53,Male,Robbery,Preparatory,49,11,1,3,57.6
47,Male,Vandalism,Secondary,28,5,0,1,32.7
29,Male,Theft,Secondary,29,10,0,1,43.7
62,Male,Vandalism,Preparatory,18,11,3,2,55.6
64,Male,Drug Offense,Illiterate,69,10,2,0,53.5
50,Male,Theft,Illiterate,38,10,1,1,47.7
39,Male,Theft,Postgraduate education,25,11,1,2,42.8
55,Male,Vandalism,Preparatory,11,10,2,0,31.3
18,Male,Murder,Secondary,293,3,0,0,60.9
35,Male,Assault,Preparatory,102,10,0,0,43.4
20,Female,Theft,Primary,33,9,3,1,59.5
27,Female,Arson,Preparatory,109,12,5,0,63.8
22,Male,Drug Offense,Illiterate,50,16,2,0,72.1
22,Male,Vandalism,Secondary,18,11,1,1,46.3
40,Male,Public Order,Secondary,6,12,3,0,43.4
31,Male,Theft,Primary,29,9,2,2,54.4
18,Male,Public Order,Illiterate,9,12,5,1,67.4
38,Male,Theft,Primary,47,13,2,2,52.5
19,Female,Fraud,Bachelor's,50,9,3,2,64.6
49,Male,Theft,Illiterate,23,8,3,2,57.8
59,Male,Burglary,Primary,13,8,3,0,35.8
54,Male,Vandalism,Preparatory,33,18,6,0,60.8
65,Male,Assault,Secondary,100,5,0,1,40.4
52,Male,Murder,Illiterate,457,11,0,1,82.3
64,Male,Fraud,Bachelor's,30,13,2,2,42.1
24,Male,Assault,Preparatory,37,6,2,1,53.5
32,Male,Drug Offense,Bachelor's,92,9,3,0,47.7
42,Female,Murder,Secondary,455,10,1,2,77.5
57,Male,Burglary,Postgraduate education,37,8,2,0,28.4
62,Male,Assault,Bachelor's,72,8,3,2,54.0
54,Male,Cybercrime,Illiterate,27,17,4,4,84.2
55,Male,Robbery,Secondary,50,12,1,2,53.7
25,Male,Sexual Offense,Secondary,110,15,6,4,100.0
61,Male,Public Order,Primary,13,7,1,1,32.7
62,Male,Theft,Preparatory,30,9,2,1,36.1
61,Male,Burglary,Secondary,60,15,6,1,62.7
53,Male,Burglary,Primary,38,5,0,1,40.2
63,Male,Theft,Secondary,23,7,1,0,23.5
41,Male,Fraud,Illiterate,15,11,1,1,54.7
56,Male,Murder,Secondary,332,6,0,0,52.7
51,Female,Burglary,Illiterate,70,8,3,2,60.7
42,Female,Drug Offense,Primary,83,16,7,0,71.8
57,Male,Assault,Illiterate,79,8,3,1,60.9
34,Male,Vandalism,Bachelor's,23,10,2,2,47.5
45,Male,Assault,Preparatory,92,10,1,0,49.2
19,Male,Vandalism,Primary,23,3,0,0,39.0
32,Male,Assault,Secondary,78,6,1,1,53.9
26,Male,Vandalism,Primary,28,15,3,2,63.7
42,Male,Vandalism,Primary,29,10,4,3,62.1
39,Male,Theft,Preparatory,24,11,3,1,42.6
56,Male,Burglary,Illiterate,56,16,3,4,90.2
61,Male,Vandalism,Literate,12,5,0,1,31.7
36,Male,Arson,Preparatory,97,8,2,0,46.0
62,Male,Robbery,Literate,76,11,0,0,44.2
57,Male,Theft,Illiterate,20,6,2,0,35.5
63,Female,Theft,Bachelor's,35,7,0,0,16.8
34,Male,Assault,Preparatory,31,9,3,0,57.0
18,Male,Public Order,Illiterate,16,13,5,1,78.2
55,Male,Fraud,Secondary,83,11,2,1,47.6
26,Male,Theft,Secondary,25,11,4,2,47.7
46,Female,Cybercrime,Bachelor's,23,6,1,1,33.3
46,Male,Sexual Offense,Secondary,138,17,7,4,100.0
58,Male,Theft,Secondary,13,9,2,0,27.6
21,Male,Burglary,Secondary,68,11,2,0,53.5
48,Male,Assault,Secondary,117,18,4,1,59.6
42,Male,Assault,Preparatory,68,9,1,1,61.2
58,Male,Public Order,Bachelor's,6,14,4,2,46.7
37,Male,Drug Offense,Secondary,41,11,0,1,47.6
50,Male,Burglary,Secondary,72,11,0,3,45.4
35,Male,Drug Offense,Preparatory,51,9,2,0,44.8
59,Male,Drug Offense,Primary,30,6,2,0,40.1
30,Male,Theft,Literate,15,12,0,1,57.4
27,Female,Public Order,Primary,18,7,0,1,34.3
57,Male,Kidnapping,Preparatory,278,14,5,4,95.7
64,Male,Theft,Preparatory,28,9,1,2,44.0
31,Male,Robbery,Secondary,131,6,0,0,39.2
28,Male,Theft,Bachelor's,38,9,2,2,44.2
52,Male,Burglary,Illiterate,42,6,2,0,43.4
40,Male,Drug Offense,Illiterate,20,5,0,1,49.7
56,Male,Public Order,Bachelor's,9,9,1,2,28.5
39,Male,Burglary,Preparatory,62,11,3,1,53.5
32,Male,Murder,Bachelor's,316,13,4,1,81.4
57,Female,Robbery,Primary,75,13,1,1,55.0
18,Male,Weapons Offense,Secondary,37,5,0,1,42.9
50,Male,Cybercrime,Preparatory,38,14,6,4,76.8
36,Male,Theft,Preparatory,14,12,5,2,60.5
35,Male,Weapons Offense,Bachelor's,57,10,0,3,55.2
34,Male,Vandalism,Primary,26,11,4,2,60.1
62,Male,Drug Offense,Primary,82,6,2,1,48.6
24,Male,Drug Offense,Secondary,53,7,1,1,44.9
33,Male,Theft,Preparatory,35,8,0,1,41.9
50,Male,Cybercrime,Secondary,57,14,3,2,47.3
57,Male,Assault,Secondary,89,18,4,2,80.0
27,Female,Arson,Secondary,75,12,1,0,46.9
38,Male,Sexual Offense,Bachelor's,122,11,3,1,65.4
35,Male,Drug Offense,Primary,41,9,3,2,51.2
20,Male,Cybercrime,Postgraduate education,40,13,1,0,44.3
65,Female,Sexual Offense,Literate,129,13,2,4,90.8
31,Male,Drug Offense,Secondary,32,10,3,0,47.2
51,Male,Murder,Literate,237,6,1,1,66.8
59,Male,Assault,Preparatory,44,8,0,1,34.3
54,Male,Burglary,Bachelor's,71,10,2,1,40.2
21,Male,Murder,Primary,254,15,6,0,96.7
25,Male,Theft,Primary,14,14,5,1,68.7
18,Male,Sexual Offense,Preparatory,207,8,2,0,66.2
42,Male,Weapons Offense,Preparatory,95,9,1,0,44.4
61,Male,Fraud,Illiterate,22,9,1,0,39.4
36,Male,Fraud,Illiterate,19,11,3,1,62.3
64,Male,Murder,Bachelor's,304,7,2,0,44.2
59,Female,Murder,Secondary,427,13,2,1,75.0
35,Male,Arson,Bachelor's,118,11,0,0,39.6
26,Male,Robbery,Bachelor's,111,11,0,0,41.7
38,Male,Vandalism,Illiterate,15,14,1,4,69.1
64,Male,Theft,Bachelor's,28,20,3,6,81.2
29,Male,Vandalism,Primary,24,8,3,1,49.3
65,Male,Assault,Illiterate,26,6,2,1,57.4
62,Male,Assault,Bachelor's,73,6,2,1,39.3
45,Male,Theft,Bachelor's,28,9,1,2,43.3
41,Male,Theft,Illiterate,17,15,2,3,66.2
36,Male,Assault,Primary,75,14,4,1,78.5
57,Male,Weapons Offense,Primary,84,12,0,3,61.7
20,Male,Theft,Secondary,15,11,3,0,44.2
45,Male,Burglary,Secondary,36,9,2,2,55.1
52,Male,Murder,Preparatory,378,12,2,0,66.1
56,Male,Theft,Primary,30,3,0,0,18.4
53,Male,Cybercrime,Secondary,36,4,0,0,18.4
51,Female,Drug Offense,Preparatory,90,11,2,2,52.3
22,Male,Fraud,Secondary,35,14,1,2,67.6
41,Male,Theft,Preparatory,27,10,2,2,49.5
19,Male,Burglary,Illiterate,17,14,2,1,71.7
26,Male,Sexual Offense,Postgraduate education,212,6,2,1,59.1
58,Male,Murder,Bachelor's,374,8,3,1,62.5
18,Male,Theft,Bachelor's,39,8,1,0,37.3
41,Female,Weapons Offense,Secondary,70,10,0,3,55.7
39,Male,Public Order,Literate,16,5,1,1,36.7
47,Male,Theft,Secondary,34,6,2,0,32.7
36,Male,Burglary,Illiterate,46,8,0,1,46.0
61,Male,Drug Offense,Literate,23,10,3,0,47.9
56,Male,Fraud,Literate,46,12,4,2,57.6
29,Male,Drug Offense,Preparatory,77,5,0,1,43.8
55,Male,Theft,Secondary,19,17,7,0,59.5
64,Male,Robbery,Literate,141,9,3,0,54.3
53,Male,Robbery,Preparatory,142,10,2,2,57.6
20,Male,Arson,Literate,109,7,0,0,49.8
27,Male,Cybercrime,Preparatory,6,12,2,2,46.9
63,Male,Weapons Offense,Illiterate,75,11,1,0,54.0
32,Female,Cybercrime,Preparatory,9,14,5,4,85.7
47,Male,Vandalism,Primary,33,15,3,1,50.0
29,Male,Weapons Offense,Secondary,59,6,2,0,40.8
18,Male,Assault,Secondary,90,10,2,2,72.3
29,Male,Robbery,Preparatory,47,12,3,0,64.2
26,Female,Theft,Bachelor's,37,11,3,1,40.2
41,Male,Theft,Secondary,38,14,5,4,69.1
59,Male,Weapons Offense,Illiterate,71,9,1,1,57.7
18,Male,Vandalism,Bachelor's,9,14,6,0,60.9
60,Male,Burglary,Illiterate,68,13,3,4,78.7
20,Male,Burglary,Secondary,62,17,4,0,64.1
46,Male,Murder,Primary,196,23,7,6,100.0
47,Male,Assault,Primary,25,11,2,1,64.9
18,Female,Burglary,Secondary,53,9,3,1,49.2
23,Female,Murder,Primary,347,10,2,3,97.6
62,Male,Vandalism,Literate,36,9,2,0,37.7
47,Male,Murder,Primary,391,7,0,1,57.8
40,Male,Burglary,Bachelor's,61,8,0,2,39.0
25,Male,Kidnapping,Bachelor's,251,12,0,0,46.3
27,Female,Burglary,Primary,46,9,2,0,47.6
23,Male,Arson,Secondary,40,12,0,0,47.4
34,Male,Theft,Secondary,45,10,3,1,47.8
57,Male,Drug Offense,Illiterate,49,18,4,0,63.2
31,Female,Vandalism,Secondary,31,10,4,0,43.5
34,Male,Cybercrime,Primary,15,15,1,5,73.3
44,Male,Fraud,Primary,81,8,1,0,38.6
45,Male,Assault,Primary,94,7,2,0,51.7
32,Female,Public Order,Bachelor's,18,9,1,1,38.4
50,Male,Robbery,Literate,138,12,5,0,67.9
32,Male,Public Order,Bachelor's,10,9,0,1,33.0
43,Female,Murder,Primary,207,6,1,0,63.6
46,Male,Weapons Offense,Secondary,74,8,0,1,47.5
41,Male,Robbery,Illiterate,86,7,0,1,47.1
28,Male,Burglary,Bachelor's,50,10,0,1,40.9
20,Male,Robbery,Secondary,49,10,4,3,79.2
20,Male,Sexual Offense,Secondary,122,8,1,1,57.0
32,Male,Theft,Literate,35,9,1,0,45.2
42,Male,Public Order,Illiterate,11,10,3,1,51.8
36,Male,Assault,Preparatory,111,7,1,1,55.2
62,Male,Drug Offense,Preparatory,91,8,3,2,58.3
41,Female,Robbery,Bachelor's,70,8,2,2,48.1
62,Female,Drug Offense,Postgraduate education,22,11,3,3,52.8
60,Male,Assault,Primary,96,12,1,0,47.9
40,Female,Theft,Literate,29,7,2,0,32.2
62,Female,Theft,Literate,16,8,2,0,39.5
64,Female,Weapons Offense,Primary,57,16,4,4,91.6
46,Male,Drug Offense,Illiterate,48,9,3,2,74.1
20,Female,Assault,Secondary,114,5,1,0,51.0
30,Male,Assault,Secondary,69,7,1,1,50.5
63,Male,Drug Offense,Secondary,41,6,2,1,30.3
60,Male,Theft,Illiterate,28,6,1,0,32.1
36,Female,Drug Offense,Postgraduate education,13,10,2,1,40.7
31,Male,Murder,Illiterate,358,10,0,3,93.0
26,Female,Cybercrime,Preparatory,38,8,2,1,43.0
57,Male,Arson,Illiterate,105,10,2,0,51.9
37,Male,Weapons Offense,Bachelor's,67,14,4,2,67.4
57,Male,Burglary,Secondary,34,6,0,0,29.6
33,Female,Drug Offense,Primary,17,4,1,0,42.8
41,Male,Theft,Preparatory,34,14,4,4,77.8
54,Female,Theft,Illiterate,39,7,1,1,37.6
45,Female,Weapons Offense,Secondary,33,7,0,1,37.5
52,Male,Assault,Primary,113,5,0,0,36.7
33,Female,Assault,Secondary,40,13,3,0,55.8
63,Female,Burglary,Primary,66,10,2,2,52.3
36,Male,Sexual Offense,Postgraduate education,153,11,0,2,57.0
19,Male,Assault,Preparatory,44,10,1,2,71.5
39,Male,Burglary,Secondary,65,6,1,0,34.4
18,Male,Burglary,Preparatory,28,12,1,2,56.3
26,Female,Burglary,Literate,46,10,2,0,50.4
34,Male,Theft,Primary,39,9,3,1,52.1
62,Male,Burglary,Primary,33,14,4,0,45.8
24,Male,Kidnapping,Illiterate,130,7,0,0,60.5
59,Female,Assault,Secondary,69,7,0,0,36.5
33,Male,Arson,Secondary,88,11,0,1,57.6
50,Male,Theft,Bachelor's,10,12,2,2,44.7
23,Male,Assault,Secondary,102,15,5,1,77.7
18,Male,Drug Offense,Bachelor's,70,14,5,3,85.3
39,Male,Public Order,Secondary,18,10,4,0,34.0
46,Male,Murder,Primary,267,6,1,0,60.7
55,Male,Arson,Primary,86,4,1,0,47.0
20,Male,Vandalism,Preparatory,14,12,0,2,52.8
18,Female,Theft,Preparatory,36,7,2,0,45.0
29,Male,Assault,Preparatory,27,12,2,2,71.2
62,Male,Theft,Preparatory,8,7,1,0,30.2
40,Male,Burglary,Secondary,12,9,3,0,46.9
29,Male,Sexual Offense,Literate,139,9,3,1,70.1
22,Male,Weapons Offense,Secondary,90,10,3,0,54.3
54,Female,Sexual Offense,Secondary,240,13,1,4,85.8
24,Male,Arson,Preparatory,63,4,0,0,44.8
52,Male,Murder,Illiterate,340,17,3,5,100.0
54,Male,Sexual Offense,Preparatory,120,14,5,2,81.9
42,Male,Theft,Illiterate,24,11,1,1,59.5
33,Male,Arson,Secondary,63,13,5,1,71.1
22,Male,Fraud,Bachelor's,77,21,3,6,96.9
55,Male,Burglary,Preparatory,33,17,0,1,48.9
37,Male,Drug Offense,Postgraduate education,29,11,4,2,57.6
28,Male,Assault,Illiterate,46,4,1,0,48.3
53,Male,Robbery,Literate,143,14,1,1,57.8
32,Male,Weapons Offense,Illiterate,35,7,2,1,57.6
35,Male,Public Order,Secondary,24,14,3,2,56.6
26,Female,Cybercrime,Secondary,10,9,1,1,44.4
44,Female,Public Order,Secondary,23,9,2,1,31.9
30,Male,Drug Offense,Secondary,13,9,0,2,56.6
26,Male,Burglary,Illiterate,71,11,2,3,77.3
63,Male,Burglary,Literate,57,16,6,3,83.0
46,Male,Vandalism,Literate,9,7,0,0,33.7
33,Male,Burglary,Bachelor's,60,13,0,3,63.1
26,Male,Fraud,Bachelor's,64,9,1,1,45.5
34,Male,Theft,Postgraduate education,6,15,2,5,69.8
40,Male,Drug Offense,Bachelor's,68,10,2,3,62.5
47,Male,Fraud,Secondary,80,11,2,0,44.3
32,Male,Theft,Illiterate,13,9,2,1,52.1
56,Male,Drug Offense,Secondary,21,11,3,3,56.9
48,Male,Cybercrime,Illiterate,16,13,3,4,80.2
55,Male,Assault,Literate,27,8,2,1,51.9
34,Male,Public Order,Secondary,9,8,1,2,45.7
22,Male,Fraud,Literate,22,13,4,4,90.0
30,Female,Fraud,Illiterate,19,9,3,1,56.8
41,Male,Cybercrime,Postgraduate education,32,13,3,0,39.0
43,Male,Arson,Bachelor's,85,10,1,1,45.3
32,Male,Weapons Offense,Illiterate,89,11,2,1,70.1
43,Male,Theft,Secondary,19,6,2,0,27.9
37,Male,Assault,Preparatory,49,11,4,0,63.3
61,Male,Arson,Secondary,108,12,4,1,57.2
44,Male,Robbery,Secondary,57,12,1,3,66.7
47,Male,Vandalism,Preparatory,30,15,6,3,71.0
25,Male,Public Order,Primary,14,8,2,0,40.5
60,Male,Vandalism,Primary,23,9,3,1,47.6
35,Male,Theft,Preparatory,35,8,3,2,53.0
58,Female,Theft,Secondary,41,11,1,1,39.9
61,Male,Kidnapping,Bachelor's,157,10,2,3,62.1
58,Male,Robbery,Bachelor's,46,8,2,2,43.9
60,Male,Drug Offense,Primary,37,12,2,1,59.2
53,Male,Burglary,Literate,30,8,2,2,49.2
47,Female,Burglary,Preparatory,15,14,0,0,42.2
41,Male,Burglary,Primary,24,7,0,0,31.4
20,Male,Burglary,Illiterate,65,5,1,0,47.9
41,Male,Assault,Preparatory,71,16,3,3,76.1
64,Male,Cybercrime,Secondary,30,8,1,2,43.3
62,Male,Robbery,Primary,94,8,1,1,44.6
43,Male,Cybercrime,Secondary,23,9,3,1,47.0
64,Male,Weapons Offense,Secondary,49,11,3,3,63.0
41,Female,Assault,Secondary,58,9,1,2,56.1
43,Male,Sexual Offense,Secondary,193,15,2,5,99.4
22,Male,Weapons Offense,Literate,46,9,3,1,69.8
39,Male,Theft,Secondary,3,13,4,1,50.1
54,Male,Vandalism,Secondary,22,13,3,4,61.1
50,Male,Fraud,Secondary,30,12,0,3,44.7
38,Male,Fraud,Preparatory,50,7,1,1,37.6
46,Male,Vandalism,Primary,32,9,2,0,41.0
35,Male,Fraud,Secondary,27,9,1,0,34.8
35,Male,Theft,Secondary,6,10,0,0,25.5
60,Female,Drug Offense,Secondary,43,14,6,0,58.6
28,Female,Vandalism,Primary,23,8,3,1,48.0
37,Male,Vandalism,Preparatory,29,10,4,1,50.5
32,Male,Assault,Literate,111,8,1,2,77.5
19,Male,Drug Offense,Secondary,75,13,0,3,72.4
51,Male,Weapons Offense,Literate,39,11,0,1,51.9
23,Male,Murder,Illiterate,465,13,4,1,100.0
35,Male,Burglary,Secondary,54,6,0,0,17.2
35,Male,Burglary,Bachelor's,44,22,4,0,60.4
47,Male,Vandalism,Secondary,34,6,1,0,30.1
21,Male,Burglary,Postgraduate education,67,7,1,0,35.3
59,Female,Drug Offense,Secondary,64,11,1,3,61.9
39,Female,Vandalism,Primary,31,14,3,3,66.7
47,Male,Murder,Preparatory,345,13,3,4,99.7
44,Male,Assault,Literate,31,9,3,1,61.8
59,Male,Weapons Offense,Secondary,69,7,0,1,36.0
27,Male,Weapons Offense,Illiterate,71,10,0,1,64.5
38,Male,Drug Offense,Illiterate,15,10,2,2,62.0
27,Male,Drug Offense,Secondary,20,16,4,2,66.9
37,Male,Assault,Bachelor's,48,7,1,0,44.1
25,Male,Drug Offense,Primary,85,4,1,0,45.5
62,Male,Arson,Primary,86,8,0,0,41.3
51,Male,Sexual Offense,Preparatory,138,13,2,0,57.9
20,Male,Burglary,Secondary,34,11,3,2,63.6
63,Male,Arson,Literate,39,12,1,0,45.9
56,Male,Murder,Secondary,428,6,2,0,64.6
33,Male,Sexual Offense,Postgraduate education,186,15,3,0,61.8
60,Male,Weapons Offense,Literate,43,11,4,1,65.0
58,Male,Vandalism,Primary,15,10,4,2,54.3
51,Male,Burglary,Primary,66,9,3,0,41.4
48,Male,Vandalism,Secondary,17,6,0,0,29.0
40,Male,Burglary,Preparatory,44,4,0,0,27.8
40,Female,Assault,Illiterate,30,10,3,1,64.7
53,Female,Theft,Primary,41,6,0,0,26.5
49,Male,Theft,Preparatory,13,14,1,0,36.3
30,Male,Theft,Preparatory,12,6,1,1,40.8
43,Male,Drug Offense,Bachelor's,82,9,2,1,45.3
32,Female,Murder,Secondary,273,11,1,1,74.2
63,Male,Vandalism,Secondary,30,11,3,2,44.1
63,Male,Assault,Primary,75,4,0,0,33.0
48,Male,Assault,Primary,42,13,2,0,53.9
31,Female,Public Order,Postgraduate education,5,8,3,0,30.3
27,Female,Weapons Offense,Preparatory,37,8,0,1,49.6
56,Male,Public Order,Primary,22,14,6,2,63.8
65,Male,Sexual Offense,Secondary,143,10,4,0,61.9
29,Male,Fraud,Illiterate,35,10,4,2,72.9
57,Female,Robbery,Preparatory,42,12,0,0,35.6
42,Male,Cybercrime,Secondary,36,10,3,1,46.1
33,Male,Drug Offense,Preparatory,46,4,0,0,37.3
43,Male,Assault,Literate,54,11,0,0,47.0
18,Male,Robbery,Bachelor's,75,9,3,0,49.1
25,Male,Robbery,Illiterate,120,12,3,0,79.3
22,Male,Fraud,Preparatory,19,11,3,3,73.8
50,Male,Drug Offense,Primary,72,15,4,5,93.6
60,Male,Theft,Secondary,33,15,6,0,46.6
20,Male,Burglary,Illiterate,23,7,2,1,60.4
58,Male,Fraud,Preparatory,46,11,4,1,51.1
22,Male,Arson,Secondary,78,5,0,1,45.6
45,Male,Murder,Secondary,475,10,3,1,76.4
64,Male,Public Order,Secondary,15,17,3,2,57.1
53,Male,Vandalism,Illiterate,3,9,3,1,46.5
26,Male,Burglary,Postgraduate education,54,7,1,0,29.2
18,Male,Cybercrime,Preparatory,14,11,2,0,48.5
64,Male,Theft,Illiterate,15,12,0,0,42.2
54,Male,Sexual Offense,Bachelor's,199,13,4,0,57.1
47,Male,Drug Offense,Preparatory,84,9,3,0,44.7
51,Male,Theft,Preparatory,33,8,1,1,31.3
32,Male,Drug Offense,Secondary,28,13,1,2,65.7
46,Male,Drug Offense,Illiterate,55,6,1,1,59.1
62,Male,Assault,Secondary,107,3,0,0,27.7
52,Male,Burglary,Secondary,25,6,2,1,31.9
58,Male,Weapons Offense,Secondary,63,11,0,3,54.6
30,Male,Theft,Secondary,24,10,2,0,42.8
37,Male,Public Order,Secondary,19,10,3,0,35.9
58,Male,Burglary,Literate,22,8,2,1,40.0
25,Male,Fraud,Illiterate,56,5,0,1,41.9
49,Male,Robbery,Primary,117,8,3,0,57.0
47,Male,Robbery,Illiterate,42,13,2,0,58.7
18,Male,Public Order,Preparatory,10,8,0,2,44.6
37,Male,Arson,Preparatory,74,8,1,1,53.1
54,Male,Assault,Primary,35,11,4,3,76.4
44,Male,Fraud,Primary,16,17,3,2,65.8
34,Male,Theft,Preparatory,25,9,0,0,33.5
38,Male,Assault,Illiterate,118,11,3,0,67.8
42,Female,Murder,Secondary,417,10,2,1,77.2
46,Male,Cybercrime,Secondary,28,7,0,1,35.8
26,Male,Fraud,Primary,18,16,7,4,91.3
62,Male,Assault,Illiterate,71,11,0,3,64.6
40,Male,Assault,Preparatory,110,9,3,1,60.7
31,Male,Burglary,Illiterate,32,8,1,0,47.3
57,Male,Assault,Bachelor's,96,11,3,2,58.2
39,Male,Fraud,Primary,67,10,1,2,48.1
33,Male,Robbery,Primary,73,12,0,0,55.8
65,Male,Sexual Offense,Secondary,174,9,1,0,49.3
57,Male,Murder,Secondary,305,15,6,3,100.0
56,Male,Sexual Offense,Bachelor's,166,11,2,3,77.6
55,Male,Burglary,Bachelor's,68,6,0,1,29.7
44,Male,Assault,Secondary,108,13,5,1,72.2
62,Male,Theft,Illiterate,24,7,0,1,38.8
50,Male,Drug Offense,Preparatory,39,17,3,3,83.0
54,Male,Assault,Secondary,90,9,1,1,46.3
55,Male,Robbery,Primary,49,13,2,0,55.7
18,Female,Arson,Preparatory,43,12,5,3,88.4
62,Male,Cybercrime,Secondary,36,12,0,0,36.0
38,Male,Vandalism,Primary,21,8,0,0,34.8
58,Male,Fraud,Primary,28,7,1,0,37.2
26,Male,Theft,Primary,39,10,4,3,68.2
45,Male,Fraud,Illiterate,40,8,2,2,53.7
54,Male,Theft,Bachelor's,25,13,3,3,56.0
24,Male,Theft,Secondary,32,4,0,0,28.4
39,Male,Cybercrime,Preparatory,44,15,0,1,43.8
43,Male,Murder,Secondary,421,10,4,1,82.7
18,Male,Assault,Secondary,97,3,0,0,39.7
57,Male,Theft,Secondary,38,14,4,4,64.1
37,Male,Sexual Offense,Preparatory,152,14,2,3,81.1
23,Male,Weapons Offense,Secondary,30,10,0,2,57.6
31,Male,Burglary,Bachelor's,22,9,3,0,47.1
60,Male,Theft,Primary,22,14,2,3,66.7
47,Male,Robbery,Primary,49,14,0,1,59.4
19,Male,Drug Offense,Secondary,65,8,0,0,42.9
50,Male,Drug Offense,Secondary,81,6,1,1,34.7
19,Male,Vandalism,Postgraduate education,23,20,5,2,72.8
63,Male,Theft,Bachelor's,27,11,2,2,42.1
55,Female,Theft,Secondary,8,4,1,0,21.7
59,Male,Assault,Bachelor's,32,7,2,0,35.5
47,Male,Public Order,Primary,11,11,1,1,40.1
21,Male,Assault,Secondary,70,9,0,1,58.4
21,Male,Vandalism,Secondary,20,4,0,0,28.0
45,Male,Burglary,Secondary,58,7,0,1,38.1
28,Male,Theft,Postgraduate education,42,8,3,1,42.1
32,Male,Theft,Primary,39,8,2,2,56.0
24,Male,Cybercrime,Primary,20,8,1,2,55.3
30,Male,Assault,Illiterate,112,11,1,2,73.9
25,Male,Assault,Preparatory,25,10,3,2,67.2
46,Male,Theft,Preparatory,42,20,6,6,100.0
40,Male,Robbery,Bachelor's,43,12,3,2,62.4
29,Male,Fraud,Illiterate,34,11,0,1,60.9
32,Male,Murder,Primary,429,7,0,0,62.1
28,Male,Burglary,Secondary,72,9,3,1,55.3
26,Male,Murder,Preparatory,477,13,1,4,100.0
65,Male,Weapons Offense,Illiterate,82,8,3,1,61.2
63,Male,Burglary,Secondary,30,9,0,2,38.8
21,Female,Theft,Secondary,29,10,1,2,52.1
34,Male,Murder,Secondary,232,16,7,4,100.0
48,Male,Sexual Offense,Primary,162,10,3,2,79.8
44,Male,Vandalism,Secondary,14,5,0,0,20.1
34,Male,Fraud,Secondary,80,14,4,2,67.9
46,Male,Drug Offense,Secondary,55,12,1,1,47.7
50,Female,Theft,Literate,41,8,2,1,37.3
20,Male,Murder,Secondary,377,10,3,1,78.5
43,Male,Robbery,Primary,100,13,0,0,51.1
64,Male,Weapons Offense,Preparatory,48,12,2,3,65.8
46,Male,Weapons Offense,Secondary,36,12,1,1,54.8
26,Male,Public Order,Literate,15,9,2,0,39.0
50,Male,Sexual Offense,Postgraduate education,237,16,3,1,66.0
44,Male,Kidnapping,Illiterate,138,11,0,3,83.5
47,Male,Cybercrime,Preparatory,50,13,3,4,80.5
20,Male,Weapons Offense,Secondary,69,11,2,3,74.0
24,Male,Drug Offense,Primary,57,13,3,3,78.0
29,Male,Kidnapping,Bachelor's,148,11,4,3,82.7
49,Male,Burglary,Bachelor's,72,11,2,0,42.8
42,Male,Burglary,Secondary,23,11,4,0,42.3
28,Male,Vandalism,Literate,10,15,3,2,64.9
42,Male,Drug Offense,Secondary,45,8,2,1,44.7
55,Female,Fraud,Bachelor's,36,8,3,2,42.7
65,Male,Sexual Offense,Secondary,147,13,2,3,65.1
36,Male,Assault,Bachelor's,26,6,1,0,35.8
37,Male,Assault,Preparatory,98,11,1,3,74.1
39,Male,Assault,Secondary,25,13,5,0,59.9
41,Male,Fraud,Preparatory,56,10,4,2,60.2
22,Male,Cybercrime,Primary,49,17,3,1,70.3
46,Male,Drug Offense,Bachelor's,62,12,0,1,52.7
45,Male,Burglary,Bachelor's,50,7,2,1,31.5
65,Male,Burglary,Primary,70,11,3,1,55.9
49,Male,Vandalism,Literate,25,10,3,1,49.3
54,Male,Fraud,Bachelor's,56,12,1,2,41.2
52,Male,Vandalism,Literate,26,14,4,1,51.7
54,Male,Theft,Secondary,10,10,3,1,35.5
22,Male,Cybercrime,Bachelor's,32,6,0,0,26.8
31,Male,Drug Offense,Primary,86,14,2,4,78.7
43,Male,Burglary,Secondary,63,10,3,1,51.3
27,Male,Burglary,Secondary,30,5,0,0,26.8
60,Male,Burglary,Preparatory,16,9,1,2,39.1
39,Male,Drug Offense,Illiterate,82,12,4,0,65.3
39,Male,Burglary,Literate,53,6,0,0,37.7
52,Male,Theft,Primary,37,10,0,2,46.2
32,Male,Theft,Secondary,8,10,4,0,46.0
29,Male,Theft,Bachelor's,7,16,2,2,58.9
41,Male,Assault,Bachelor's,38,8,1,0,38.8
63,Male,Theft,Preparatory,29,13,0,4,52.4
52,Male,Fraud,Bachelor's,25,11,3,2,47.7
55,Male,Robbery,Secondary,43,11,1,1,44.8
42,Male,Robbery,Literate,143,11,3,1,68.6
61,Male,Vandalism,Literate,35,18,7,4,85.4
49,Male,Assault,Primary,64,10,4,1,64.2
51,Male,Kidnapping,Preparatory,222,11,1,0,57.5
36,Female,Fraud,Primary,27,12,1,1,42.6
56,Male,Theft,Primary,14,15,2,1,52.0
25,Male,Sexual Offense,Preparatory,133,12,4,3,91.4
29,Male,Burglary,Primary,16,18,4,2,76.3
20,Male,Drug Offense,Preparatory,26,14,0,3,66.4
36,Male,Weapons Offense,Bachelor's,96,5,0,1,36.9
62,Male,Theft,Bachelor's,31,16,4,0,47.4
27,Male,Fraud,Secondary,47,8,0,2,47.9
54,Male,Theft,Literate,47,15,4,2,61.8
30,Male,Murder,Illiterate,401,5,0,0,67.0
45,Male,Kidnapping,Secondary,300,6,2,1,58.7
18,Male,Fraud,Primary,32,8,0,0,44.5
52,Male,Murder,Primary,229,14,2,3,85.0
18,Male,Theft,Secondary,20,20,7,7,100.0
33,Female,Cybercrime,Secondary,6,10,2,0,37.4
40,Male,Burglary,Preparatory,63,6,2,1,48.3
57,Male,Arson,Secondary,43,10,3,2,58.8
21,Male,Assault,Preparatory,82,10,3,3,84.1
45,Female,Vandalism,Literate,16,13,0,0,45.4
50,Male,Fraud,Secondary,38,15,3,0,42.1
31,Male,Fraud,Secondary,76,12,0,3,63.4
39,Male,Cybercrime,Postgraduate education,57,7,2,1,37.8
43,Male,Assault,Primary,94,6,1,1,49.8
37,Female,Theft,Postgraduate education,15,9,3,0,38.4
27,Male,Vandalism,Primary,17,9,1,0,37.8
63,Male,Theft,Secondary,35,13,1,0,34.9
64,Female,Fraud,Primary,20,11,2,3,58.7
51,Male,Sexual Offense,Secondary,101,9,2,1,60.3
43,Female,Assault,Preparatory,107,12,4,1,70.8
20,Male,Drug Offense,Preparatory,86,12,0,2,65.5
28,Male,Cybercrime,Preparatory,12,10,0,1,38.3
59,Male,Burglary,Illiterate,20,7,2,1,51.4
47,Male,Public Order,Literate,17,5,1,0,37.8
62,Male,Public Order,Preparatory,18,7,2,0,31.2
59,Male,Sexual Offense,Primary,223,12,5,0,68.1
29,Male,Theft,Secondary,12,10,4,1,52.5
62,Male,Fraud,Bachelor's,63,6,0,0,14.8
52,Male,Burglary,Bachelor's,48,11,3,1,32.5
24,Male,Assault,Primary,88,14,1,2,76.3
55,Male,Public Order,Primary,8,16,5,0,48.4
56,Male,Assault,Secondary,80,10,3,3,62.3
65,Male,Theft,Bachelor's,4,5,0,1,16.5
46,Male,Assault,Secondary,76,14,5,3,74.3
45,Male,Public Order,Illiterate,15,10,0,3,54.8
54,Male,Assault,Secondary,94,13,4,1,59.4
56,Male,Drug Offense,Preparatory,83,13,5,1,68.8
40,Male,Vandalism,Primary,20,9,1,0,33.2
22,Female,Burglary,Secondary,44,10,2,3,68.3
37,Male,Assault,Primary,82,9,0,0,49.2
51,Female,Fraud,Preparatory,80,14,4,4,73.7
52,Male,Fraud,Secondary,80,10,4,0,44.6
19,Male,Robbery,Secondary,57,13,3,2,79.9
60,Male,Vandalism,Bachelor's,23,10,3,1,35.4
28,Male,Cybercrime,Illiterate,31,9,1,0,45.6
26,Female,Theft,Preparatory,38,9,3,0,44.1
56,Female,Theft,Secondary,20,13,1,0,29.8
52,Male,Fraud,Literate,40,7,2,0,37.6
18,Male,Assault,Secondary,109,10,0,3,70.8
20,Male,Robbery,Secondary,106,11,0,2,65.5
33,Male,Kidnapping,Primary,147,12,0,1,64.2
53,Male,Public Order,Primary,5,10,1,3,52.2
46,Male,Weapons Offense,Illiterate,51,10,1,1,56.8
20,Male,Sexual Offense,Secondary,199,13,3,2,84.0
24,Male,Cybercrime,Secondary,47,6,1,1,32.3
31,Male,Public Order,Primary,10,11,2,2,58.5
24,Male,Arson,Primary,92,13,0,4,81.7
52,Male,Cybercrime,Primary,34,6,2,0,38.7
54,Male,Arson,Bachelor's,38,9,1,1,44.6
59,Male,Assault,Preparatory,106,8,2,2,55.5
20,Male,Drug Offense,Primary,59,3,0,0,35.3
62,Male,Burglary,Bachelor's,31,11,3,3,56.0
34,Male,Drug Offense,Illiterate,73,13,4,4,100.0
35,Male,Public Order,Secondary,13,5,1,1,27.9
41,Male,Weapons Offense,Preparatory,40,5,1,1,47.9
25,Male,Fraud,Secondary,73,9,3,1,52.1
26,Male,Assault,Literate,47,15,5,1,76.7
25,Male,Robbery,Primary,117,10,4,0,65.6
59,Male,Assault,Illiterate,87,12,4,2,72.2
37,Male,Fraud,Secondary,53,10,3,0,41.3
41,Male,Drug Offense,Primary,24,11,3,0,48.6
32,Male,Robbery,Preparatory,46,17,4,4,98.1
26,Male,Sexual Offense,Primary,138,4,0,0,55.2
62,Male,Cybercrime,Illiterate,53,10,2,1,47.6
33,Male,Drug Offense,Bachelor's,20,11,2,2,54.5
63,Male,Burglary,Secondary,21,9,0,1,33.6
58,Female,Assault,Preparatory,58,9,0,0,40.2
52,Male,Kidnapping,Secondary,262,10,0,0,49.6
38,Male,Robbery,Primary,59,15,0,3,71.3
55,Male,Burglary,Bachelor's,20,13,0,4,55.1
63,Male,Theft,Literate,35,14,4,1,55.8
38,Male,Drug Offense,Preparatory,19,13,4,3,76.8
39,Female,Assault,Secondary,70,9,2,1,52.2
37,Male,Burglary,Preparatory,29,12,0,1,46.0
48,Male,Fraud,Primary,30,4,0,0,30.4
37,Male,Assault,Secondary,117,9,0,2,55.7
36,Male,Vandalism,Preparatory,25,11,0,2,48.7
55,Male,Vandalism,Secondary,15,15,4,2,54.7
34,Male,Weapons Offense,Primary,66,11,2,0,53.6
32,Male,Assault,Primary,39,9,0,2,57.4
51,Male,Theft,Secondary,47,9,2,1,42.3
30,Male,Drug Offense,Bachelor's,35,7,0,1,30.0
45,Female,Assault,Preparatory,46,15,0,3,63.3
53,Male,Vandalism,Preparatory,33,9,3,0,38.1
30,Male,Vandalism,Preparatory,23,11,1,0,47.2
61,Male,Burglary,Preparatory,31,18,8,6,100.0
44,Male,Drug Offense,Bachelor's,40,12,5,0,58.4
48,Male,Vandalism,Illiterate,35,10,0,0,39.9
54,Male,Fraud,Secondary,36,14,0,0,38.2
36,Male,Fraud,Illiterate,73,12,0,0,53.0
46,Male,Weapons Offense,Secondary,74,11,1,0,48.5
55,Female,Public Order,Primary,13,12,3,3,57.8
26,Male,Murder,Bachelor's,400,7,2,1,79.0
34,Female,Fraud,Secondary,15,8,1,1,31.5
62,Male,Theft,Secondary,24,11,3,0,28.7
48,Male,Theft,Bachelor's,46,9,0,1,30.8
63,Male,Theft,Illiterate,41,12,5,2,69.7
44,Male,Robbery,Primary,119,8,2,1,53.7
36,Male,Kidnapping,Preparatory,252,9,0,1,54.3
37,Male,Weapons Offense,Bachelor's,82,10,0,0,35.3
55,Male,Burglary,Bachelor's,35,15,4,1,60.1
49,Male,Sexual Offense,Primary,229,8,1,0,61.9
26,Female,Kidnapping,Bachelor's,133,13,5,4,95.6
29,Male,Assault,Secondary,117,9,2,2,67.9
52,Male,Cybercrime,Bachelor's,59,15,4,4,65.9
22,Male,Robbery,Secondary,117,12,3,3,83.4
56,Female,Assault,Illiterate,25,15,5,3,88.0
39,Male,Assault,Bachelor's,57,13,5,0,53.7
39,Male,Vandalism,Secondary,16,7,2,1,36.9
45,Male,Cybercrime,Preparatory,31,8,1,0,31.6
51,Male,Burglary,Primary,13,8,1,1,36.9
31,Male,Fraud,Preparatory,80,6,2,0,37.3
25,Male,Murder,Secondary,431,6,0,0,67.7
52,Male,Weapons Offense,Primary,25,12,4,1,65.9
19,Male,Drug Offense,Bachelor's,85,9,3,2,57.6
58,Male,Vandalism,Preparatory,6,8,0,2,31.7
41,Male,Murder,Preparatory,396,5,1,0,62.1
55,Male,Vandalism,Preparatory,23,8,0,2,29.2
65,Male,Arson,Secondary,95,10,0,0,38.7
65,Male,Vandalism,Primary,11,13,1,4,61.1
61,Male,Kidnapping,Literate,267,8,1,0,60.4
33,Male,Theft,Primary,37,15,4,1,63.6
26,Male,Public Order,Primary,21,6,2,0,42.3
38,Male,Burglary,Preparatory,48,9,0,2,41.1
21,Male,Robbery,Preparatory,48,9,2,0,48.4
50,Male,Theft,Primary,11,13,4,2,61.3
37,Male,Assault,Preparatory,67,10,3,0,54.1
62,Male,Assault,Primary,120,6,1,1,52.7
43,Male,Assault,Primary,68,17,0,3,80.6
50,Male,Fraud,Primary,57,11,2,0,40.1
33,Male,Theft,Illiterate,24,10,2,2,65.6
52,Male,Cybercrime,Secondary,33,7,2,0,31.0
23,Male,Public Order,Preparatory,8,8,1,0,38.4
23,Male,Cybercrime,Bachelor's,21,13,3,3,67.3
55,Male,Burglary,Primary,68,12,4,2,64.3
25,Male,Robbery,Preparatory,122,13,0,4,78.9
57,Male,Theft,Preparatory,18,6,1,0,29.1
48,Male,Assault,Bachelor's,93,10,0,3,53.2
56,Male,Arson,Preparatory,36,12,4,0,58.0
39,Female,Robbery,Preparatory,84,8,3,0,41.8
34,Male,Vandalism,Secondary,7,15,4,2,69.6
20,Female,Drug Offense,Secondary,53,13,3,1,64.2
58,Female,Robbery,Bachelor's,117,15,2,2,64.5
37,Male,Robbery,Postgraduate education,51,12,1,0,36.9
20,Male,Murder,Illiterate,431,13,5,3,100.0
31,Male,Theft,Preparatory,30,9,2,2,49.0
26,Female,Assault,Literate,105,11,4,0,76.9
34,Male,Assault,Preparatory,98,12,4,2,76.9
32,Male,Vandalism,Bachelor's,29,11,4,0,37.8
54,Male,Fraud,Preparatory,12,9,2,2,49.2
54,Male,Assault,Secondary,59,10,3,3,64.5
57,Male,Arson,Bachelor's,80,14,5,4,87.0
25,Male,Burglary,Bachelor's,33,7,0,0,27.5
52,Male,Assault,Bachelor's,39,9,3,0,39.9
47,Male,Burglary,Secondary,39,9,2,1,45.1
53,Female,Public Order,Secondary,13,8,1,0,23.0
35,Male,Arson,Illiterate,75,12,2,2,73.5
31,Male,Arson,Bachelor's,100,10,0,0,38.6
49,Male,Assault,Secondary,69,7,2,1,45.9
50,Male,Burglary,Preparatory,60,12,2,0,41.3
48,Male,Vandalism,Illiterate,3,7,0,1,43.7
56,Male,Weapons Offense,Bachelor's,68,10,2,2,52.3
30,Male,Drug Offense,Preparatory,14,7,0,1,44.9
29,Male,Fraud,Primary,33,15,6,5,99.6
20,Female,Theft,Bachelor's,17,10,3,1,45.2
23,Male,Sexual Offense,Primary,214,9,2,0,69.7
26,Male,Arson,Illiterate,43,9,3,0,60.7
63,Male,Drug Offense,Bachelor's,46,12,5,2,52.8
24,Male,Theft,Preparatory,18,10,0,1,45.6
53,Male,Theft,Preparatory,42,8,3,0,41.4
37,Male,Drug Offense,Literate,47,12,0,0,41.1
52,Female,Theft,Secondary,38,13,5,0,41.5
48,Male,Fraud,Primary,64,9,2,2,58.6
31,Male,Fraud,Postgraduate education,50,13,2,2,52.0
27,Male,Theft,Bachelor's,47,18,4,3,74.7
59,Male,Burglary,Illiterate,46,10,2,2,55.9
57,Male,Burglary,Preparatory,39,10,1,2,47.8
24,Male,Burglary,Preparatory,21,15,5,4,91.8
52,Male,Sexual Offense,Literate,134,9,3,0,64.5
20,Male,Robbery,Secondary,86,8,2,0,54.0
44,Male,Theft,Preparatory,29,9,0,2,41.2
52,Male,Theft,Preparatory,41,13,2,1,36.6
38,Male,Theft,Primary,24,10,1,3,52.7
54,Female,Theft,Preparatory,42,7,2,1,39.3
47,Male,Arson,Illiterate,93,13,4,0,74.5
28,Male,Theft,Secondary,27,7,1,1,41.9
54,Male,Assault,Bachelor's,107,9,1,0,39.5
42,Male,Burglary,Illiterate,64,10,3,0,54.2
34,Male,Weapons Offense,Secondary,76,11,0,2,59.3
25,Female,Theft,Literate,7,16,6,3,78.8
48,Male,Assault,Primary,76,9,1,0,45.4
21,Female,Theft,Primary,22,13,1,4,70.4
36,Male,Weapons Offense,Literate,70,10,3,1,72.5
27,Male,Fraud,Literate,35,10,3,2,66.1
31,Female,Robbery,Illiterate,129,12,4,0,77.7
60,Male,Murder,Primary,408,16,7,4,100.0
48,Female,Fraud,Illiterate,35,9,3,1,60.3
44,Male,Fraud,Illiterate,28,12,3,1,64.2
48,Male,Drug Offense,Secondary,50,10,2,2,58.5
64,Male,Public Order,Secondary,9,7,1,0,19.9
40,Male,Fraud,Secondary,26,9,1,1,36.5
42,Male,Theft,Secondary,10,5,1,0,26.8
38,Female,Assault,Bachelor's,35,11,0,1,50.0
28,Male,Murder,Preparatory,326,10,3,3,95.5
64,Male,Assault,Preparatory,85,7,1,0,39.8
53,Male,Cybercrime,Postgraduate education,49,10,4,3,48.2
44,Male,Assault,Postgraduate education,25,9,1,2,48.0
50,Male,Robbery,Primary,101,6,0,1,52.0
65,Male,Vandalism,Secondary,8,7,2,0,18.4
54,Male,Theft,Primary,39,7,0,0,26.7
26,Male,Robbery,Illiterate,109,10,2,2,72.0
65,Male,Assault,Bachelor's,49,4,0,0,21.0
43,Male,Kidnapping,Literate,170,7,2,1,64.4
38,Female,Robbery,Primary,91,13,2,0,59.7
35,Male,Public Order,Preparatory,4,9,3,0,29.8
32,Male,Assault,Primary,79,8,3,0,60.1
29,Male,Vandalism,Literate,13,7,2,1,46.6
30,Male,Assault,Bachelor's,42,9,1,1,56.3
18,Male,Robbery,Bachelor's,133,14,5,1,74.0
31,Male,Theft,Secondary,27,16,0,5,72.8
33,Male,Kidnapping,Postgraduate education,236,13,5,1,74.2
33,Male,Drug Offense,Illiterate,78,9,0,1,65.8
54,Male,Murder,Illiterate,309,11,0,2,79.4
25,Male,Theft,Secondary,8,16,0,3,56.6
42,Male,Kidnapping,Literate,180,11,2,2,82.9
26,Male,Burglary,Preparatory,65,6,2,1,42.3
55,Male,Weapons Offense,Secondary,82,12,1,0,44.7
65,Male,Theft,Illiterate,24,11,4,2,60.1
37,Male,Vandalism,Illiterate,30,9,2,2,58.4
48,Female,Fraud,Illiterate,14,12,4,2,69.8
56,Male,Public Order,Preparatory,22,17,2,5,73.0
32,Male,Theft,Illiterate,18,9,3,1,56.2
46,Male,Theft,Bachelor's,23,10,3,2,49.5
23,Male,Murder,Preparatory,312,12,1,3,91.5
39,Male,Arson,Postgraduate education,75,8,3,1,44.1
27,Female,Burglary,Primary,66,9,2,2,60.4
60,Male,Fraud,Primary,42,8,1,0,37.0
35,Male,Theft,Primary,39,14,6,4,80.6
56,Male,Robbery,Bachelor's,70,9,2,2,50.2
43,Male,Theft,Illiterate,6,16,2,4,86.7
53,Male,Cybercrime,Secondary,57,11,4,3,53.6
26,Male,Assault,Illiterate,88,8,0,0,60.7
27,Female,Drug Offense,Preparatory,88,8,1,1,62.1
36,Female,Theft,Bachelor's,12,13,0,4,52.1
20,Male,Assault,Illiterate,57,7,0,1,60.8
62,Male,Theft,Primary,25,10,1,0,26.6
58,Female,Fraud,Literate,40,5,1,1,40.5
40,Female,Theft,Primary,13,13,1,4,77.2
57,Male,Arson,Bachelor's,106,5,1,1,39.3
62,Male,Murder,Secondary,215,7,1,0,56.2
58,Male,Drug Offense,Primary,84,11,2,0,49.5
19,Male,Cybercrime,Preparatory,8,9,3,2,63.2
21,Male,Burglary,Illiterate,39,5,1,0,53.0
44,Male,Theft,Secondary,36,12,2,0,35.4
27,Male,Theft,Secondary,14,12,5,1,57.3
30,Female,Theft,Secondary,43,22,5,1,69.1
45,Male,Theft,Illiterate,19,19,8,5,100.0
52,Male,Theft,Secondary,30,13,1,4,61.1
38,Male,Vandalism,Bachelor's,19,9,1,0,24.6
37,Male,Theft,Bachelor's,44,9,3,0,29.8
29,Female,Public Order,Preparatory,8,9,0,0,27.1
58,Male,Vandalism,Illiterate,8,12,3,1,53.9
39,Male,Fraud,Secondary,38,14,6,4,81.7
64,Male,Vandalism,Primary,25,13,3,0,48.2
53,Female,Theft,Postgraduate education,37,11,4,2,42.4
28,Male,Robbery,Literate,122,14,6,0,77.3
26,Male,Drug Offense,Primary,69,14,2,2,74.0
18,Male,Vandalism,Secondary,27,8,3,1,52.0
40,Female,Vandalism,Bachelor's,11,7,0,1,24.6
35,Female,Public Order,Secondary,15,11,3,1,40.0
44,Male,Assault,Bachelor's,58,14,6,3,74.7
57,Male,Assault,Illiterate,44,14,4,2,80.5
55,Male,Burglary,Illiterate,38,4,1,0,33.8
24,Male,Robbery,Secondary,74,9,1,0,48.1
27,Male,Robbery,Primary,62,13,2,1,69.7
37,Male,Sexual Offense,Bachelor's,192,9,2,1,59.1
53,Male,Theft,Illiterate,43,16,4,2,67.3
45,Male,Drug Offense,Secondary,32,8,2,0,43.3
40,Male,Vandalism,Illiterate,28,9,2,1,47.7
60,Male,Vandalism,Secondary,8,12,4,2,49.0
25,Male,Sexual Offense,Preparatory,146,12,3,1,70.9
52,Male,Assault,Preparatory,24,7,2,0,38.4
60,Male,Robbery,Primary,111,12,4,2,70.3
36,Male,Cybercrime,Secondary,52,18,8,0,66.1
22,Male,Robbery,Secondary,104,15,1,1,71.2
19,Female,Fraud,Bachelor's,14,6,2,0,35.1
40,Male,Vandalism,Postgraduate education,14,11,0,3,44.9
23,Male,Cybercrime,Primary,48,14,4,4,85.4
65,Male,Vandalism,Primary,4,6,2,0,33.4
25,Male,Theft,Secondary,36,14,5,3,70.5
45,Male,Weapons Offense,Preparatory,36,5,0,0,28.3
63,Male,Cybercrime,Preparatory,9,7,1,1,31.1
30,Male,Public Order,Primary,20,13,3,3,68.7
46,Male,Drug Offense,Secondary,18,5,0,0,25.1
23,Male,Robbery,Bachelor's,62,10,2,3,67.3
37,Female,Assault,Literate,37,9,0,1,62.2
62,Male,Theft,Bachelor's,44,12,3,1,42.6
53,Male,Vandalism,Literate,27,7,1,0,38.2
27,Male,Weapons Offense,Secondary,30,8,2,2,58.6
64,Male,Theft,Secondary,43,11,3,2,43.1
47,Male,Robbery,Preparatory,37,12,4,2,66.0
58,Male,Burglary,Preparatory,26,7,2,1,35.2
39,Male,Sexual Offense,Illiterate,138,11,0,2,75.1
53,Male,Cybercrime,Preparatory,53,8,1,2,41.6
18,Male,Arson,Secondary,43,13,1,4,78.3
63,Male,Theft,Preparatory,30,16,4,4,75.8
19,Male,Assault,Secondary,84,9,0,2,61.3
27,Male,Burglary,Secondary,60,16,2,4,82.3
55,Male,Fraud,Preparatory,27,8,0,2,41.4
52,Male,Robbery,Primary,93,14,2,1,65.5
44,Male,Theft,Bachelor's,14,10,3,0,31.0
36,Male,Drug Offense,Secondary,58,6,1,0,39.2
40,Male,Public Order,Illiterate,6,10,2,3,62.6
59,Male,Cybercrime,Primary,55,15,0,1,51.7
26,Male,Fraud,Primary,27,11,1,0,42.1
43,Male,Vandalism,Preparatory,27,8,2,0,35.9
53,Male,Assault,Preparatory,84,10,1,2,56.3
19,Male,Assault,Secondary,32,7,0,1,41.2
45,Male,Theft,Secondary,26,11,3,0,39.4
62,Male,Cybercrime,Literate,26,11,3,1,49.9
21,Male,Vandalism,Bachelor's,12,9,3,0,40.1
42,Male,Assault,Illiterate,49,7,0,1,51.8
41,Male,Weapons Offense,Secondary,90,10,0,3,64.2
34,Female,Theft,Bachelor's,47,17,3,3,66.7
65,Male,Drug Offense,Bachelor's,85,11,1,1,40.7
26,Male,Vandalism,Preparatory,17,8,1,1,37.2
19,Male,Weapons Offense,Secondary,33,10,2,2,66.0
18,Male,Burglary,Literate,35,8,3,0,57.4
22,Male,Sexual Offense,Secondary,236,7,0,1,64.2
42,Male,Fraud,Secondary,41,6,0,0,26.4
60,Male,Drug Offense,Primary,51,17,2,3,74.6
53,Male,Theft,Illiterate,10,11,3,2,60.3
35,Female,Assault,Secondary,43,4,1,0,41.4
49,Male,Vandalism,Secondary,10,10,1,3,48.3
38,Male,Murder,Primary,236,12,2,3,87.3
26,Male,Theft,Preparatory,34,6,0,0,30.6
39,Male,Theft,Secondary,39,5,1,0,24.1
49,Male,Fraud,Primary,60,11,3,0,43.4
58,Male,Drug Offense,Secondary,32,6,0,1,40.2
32,Male,Theft,Primary,21,7,2,0,40.8
45,Male,Vandalism,Preparatory,20,13,4,1,50.4
45,Male,Assault,Illiterate,32,9,1,1,56.9
46,Male,Assault,Illiterate,88,6,0,0,48.2
47,Male,Fraud,Primary,73,11,4,0,43.4
52,Female,Arson,Preparatory,43,7,0,0,33.3
31,Male,Robbery,Postgraduate education,103,11,2,2,58.3
19,Male,Cybercrime,Primary,10,7,0,1,43.9
37,Male,Robbery,Preparatory,59,10,2,1,51.8
42,Male,Murder,Primary,381,14,3,1,89.0
61,Male,Public Order,Bachelor's,6,11,3,0,32.1
53,Male,Robbery,Illiterate,89,9,2,1,58.2
45,Male,Theft,Secondary,27,6,0,1,28.8
61,Male,Assault,Illiterate,114,10,1,2,61.1
31,Female,Burglary,Secondary,70,12,3,2,70.6
43,Male,Sexual Offense,Primary,128,4,0,0,45.3
31,Female,Assault,Preparatory,84,18,0,3,85.5
56,Male,Cybercrime,Secondary,57,5,1,1,27.0
34,Male,Weapons Offense,Postgraduate education,53,10,1,1,53.9
29,Male,Robbery,Preparatory,66,6,1,0,40.9
34,Male,Vandalism,Secondary,12,11,0,1,38.1
48,Male,Fraud,Illiterate,53,12,5,1,68.7
56,Male,Assault,Primary,25,13,5,1,71.6
38,Male,Drug Offense,Primary,69,6,0,0,38.7
21,Male,Assault,Bachelor's,87,3,0,0,37.0
63,Male,Burglary,Preparatory,16,20,0,3,68.9
55,Male,Theft,Bachelor's,36,10,1,3,45.5
34,Male,Burglary,Primary,37,12,0,2,59.4
65,Male,Assault,Primary,31,3,0,0,36.2
63,Male,Weapons Offense,Literate,37,10,3,0,51.1
24,Male,Vandalism,Bachelor's,34,12,4,1,54.7
45,Male,Public Order,Literate,6,10,3,2,53.4
21,Male,Theft,Bachelor's,26,10,1,2,48.7
25,Male,Vandalism,Preparatory,17,5,1,1,40.8
20,Male,Weapons Offense,Bachelor's,25,11,1,0,50.9
31,Male,Vandalism,Primary,14,4,0,0,28.8
65,Male,Public Order,Secondary,18,14,0,3,46.0
18,Male,Public Order,Primary,22,14,3,0,59.5
43,Male,Vandalism,Illiterate,4,7,2,0,38.6
22,Male,Cybercrime,Secondary,19,14,5,2,65.0
23,Male,Burglary,Bachelor's,14,8,1,0,43.8
39,Male,Weapons Offense,Primary,49,8,3,2,60.8
31,Male,Vandalism,Primary,20,7,0,0,38.3
42,Male,Vandalism,Bachelor's,31,15,3,1,49.8
28,Male,Vandalism,Preparatory,18,5,0,0,26.9
53,Male,Burglary,Secondary,59,10,2,1,45.0
43,Male,Robbery,Illiterate,80,10,1,0,56.1
57,Male,Vandalism,Secondary,9,17,0,0,33.7
62,Male,Kidnapping,Primary,238,11,2,2,71.5
62,Male,Arson,Primary,47,7,2,1,50.3
28,Female,Theft,Preparatory,25,13,3,2,62.2
59,Male,Public Order,Secondary,14,11,2,3,42.8
21,Male,Assault,Preparatory,74,11,1,2,71.5
59,Male,Burglary,Bachelor's,47,17,6,4,80.6
59,Male,Public Order,Secondary,9,13,4,3,53.5
57,Male,Murder,Illiterate,180,13,2,2,88.4
50,Male,Assault,Secondary,77,10,4,0,55.7
65,Male,Fraud,Preparatory,14,10,2,2,45.4
28,Male,Theft,Secondary,9,11,4,3,62.4
54,Female,Vandalism,Secondary,13,17,1,0,43.3
29,Male,Weapons Offense,Secondary,62,12,3,1,66.5
33,Male,Robbery,Secondary,40,6,1,1,51.7
55,Male,Cybercrime,Primary,18,10,4,3,64.9
33,Male,Theft,Literate,25,12,4,1,65.0
22,Male,Vandalism,Bachelor's,24,12,3,3,65.6
40,Male,Theft,Secondary,17,12,1,1,40.8
39,Male,Vandalism,Secondary,5,10,0,3,45.9
32,Male,Murder,Secondary,466,6,0,0,65.7
36,Male,Burglary,Primary,61,18,4,6,100.0
33,Male,Burglary,Bachelor's,37,6,1,0,30.8
28,Male,Theft,Secondary,4,10,2,2,46.8
40,Male,Kidnapping,Postgraduate education,179,9,2,2,59.5
25,Male,Public Order,Primary,9,11,0,1,40.1
23,Male,Murder,Preparatory,350,17,2,1,92.5
56,Male,Weapons Offense,Secondary,41,10,2,0,43.0
21,Male,Burglary,Preparatory,24,14,6,2,82.7
22,Male,Robbery,Preparatory,56,10,1,3,82.7
22,Female,Fraud,Secondary,46,15,5,4,83.5
59,Male,Burglary,Preparatory,51,7,1,1,41.1
24,Male,Burglary,Preparatory,56,8,1,1,49.8
32,Male,Fraud,Secondary,28,11,4,1,57.6
45,Male,Robbery,Primary,121,8,2,2,59.2
50,Male,Fraud,Preparatory,30,12,1,1,38.3
62,Male,Drug Offense,Literate,41,9,1,0,46.0
19,Male,Drug Offense,Secondary,80,6,2,0,43.4
35,Male,Theft,Illiterate,13,13,4,2,70.4
63,Male,Fraud,Primary,54,13,0,0,37.8
40,Male,Theft,Primary,11,10,1,0,34.3
24,Male,Theft,Primary,6,6,1,0,49.0
51,Male,Assault,Secondary,105,12,3,0,54.2
26,Male,Drug Offense,Literate,44,12,4,0,68.5
26,Male,Theft,Secondary,48,9,3,2,55.6
34,Male,Drug Offense,Secondary,81,13,4,1,61.4
25,Male,Kidnapping,Postgraduate education,197,8,3,2,68.2
52,Male,Theft,Preparatory,27,14,4,3,60.8
54,Male,Burglary,Primary,22,7,0,0,26.8
55,Male,Murder,Primary,363,15,6,2,98.1
57,Female,Burglary,Preparatory,46,8,0,0,33.4
60,Male,Assault,Illiterate,90,11,0,2,63.8
39,Male,Vandalism,Primary,36,6,2,0,35.2
51,Male,Kidnapping,Literate,202,12,2,1,68.4
62,Male,Vandalism,Literate,14,6,2,0,36.4
19,Male,Robbery,Preparatory,120,9,3,2,66.6
55,Male,Fraud,Bachelor's,52,9,1,2,34.9
65,Male,Vandalism,Preparatory,13,9,3,2,45.6
29,Male,Fraud,Secondary,80,6,2,1,46.0
29,Male,Vandalism,Bachelor's,28,13,2,0,36.5
28,Male,Public Order,Preparatory,18,9,1,0,32.5
44,Male,Arson,Bachelor's,118,16,6,2,75.0
18,Male,Weapons Offense,Secondary,55,10,2,0,53.3
35,Male,Murder,Literate,185,14,1,4,96.2
18,Male,Drug Offense,Preparatory,68,10,2,1,56.2
20,Male,Fraud,Primary,55,12,0,3,67.1
21,Female,Fraud,Primary,20,8,2,0,51.7
48,Male,Drug Offense,Illiterate,41,5,0,1,49.6
57,Male,Kidnapping,Illiterate,176,9,1,0,52.6
33,Male,Burglary,Secondary,20,8,1,0,42.4
28,Male,Assault,Illiterate,99,10,4,3,93.4
32,Male,Theft,Illiterate,4,8,2,2,50.4
51,Male,Assault,Illiterate,75,9,1,2,59.1
35,Male,Weapons Offense,Secondary,31,12,5,1,66.5
48,Female,Cybercrime,Preparatory,19,12,0,0,35.3
63,Male,Weapons Offense,Illiterate,65,7,0,1,60.6
32,Male,Burglary,Preparatory,40,13,3,1,64.5
45,Male,Vandalism,Secondary,16,8,0,0,25.2
30,Male,Theft,Secondary,42,6,0,1,37.4
34,Male,Theft,Preparatory,11,7,2,1,40.1
30,Male,Fraud,Primary,48,11,3,0,52.0
25,Female,Burglary,Literate,42,14,4,0,70.4
60,Female,Assault,Preparatory,77,11,1,2,55.9
20,Male,Sexual Offense,Secondary,170,12,3,0,69.2
29,Male,Theft,Primary,30,9,3,0,44.0
22,Male,Vandalism,Literate,31,12,0,3,65.2
19,Female,Vandalism,Preparatory,15,6,1,1,41.4
29,Male,Burglary,Bachelor's,30,7,0,1,31.6
53,Male,Robbery,Secondary,45,7,0,1,40.1
49,Male,Robbery,Preparatory,78,5,0,1,49.5
30,Male,Fraud,Primary,84,13,3,4,77.5
18,Male,Cybercrime,Secondary,29,7,2,0,33.6
65,Male,Vandalism,Literate,5,13,5,4,72.4
35,Male,Burglary,Preparatory,58,12,1,3,59.5
63,Male,Drug Offense,Postgraduate education,12,16,1,1,39.9
56,Male,Assault,Primary,64,9,0,2,58.2
48,Male,Robbery,Illiterate,128,11,0,2,67.7
35,Male,Vandalism,Secondary,5,5,1,1,30.6
55,Male,Assault,Illiterate,110,11,2,0,59.7
45,Male,Assault,Secondary,76,11,4,2,74.0
65,Male,Burglary,Preparatory,70,8,2,1,38.4
51,Male,Burglary,Illiterate,58,6,1,0,36.8
42,Male,Arson,Bachelor's,80,11,0,2,53.8
44,Male,Fraud,Preparatory,61,7,2,1,36.4
32,Male,Weapons Offense,Bachelor's,32,11,4,2,70.1
41,Male,Cybercrime,Illiterate,29,8,1,0,40.4
51,Male,Murder,Bachelor's,256,10,2,3,75.2
46,Male,Sexual Offense,Secondary,124,6,2,1,58.6
18,Male,Robbery,Illiterate,94,9,2,2,82.1
59,Male,Murder,Illiterate,300,9,1,2,73.1
41,Male,Cybercrime,Illiterate,8,6,0,0,36.3
32,Male,Assault,Bachelor's,99,7,1,1,52.4
50,Male,Theft,Preparatory,31,13,5,4,63.8
60,Male,Vandalism,Preparatory,10,17,7,2,71.3
53,Female,Burglary,Primary,38,7,0,0,30.1
48,Female,Drug Offense,Secondary,90,9,1,2,53.2
19,Male,Assault,Secondary,79,10,0,3,71.5
39,Male,Arson,Secondary,41,9,2,2,59.3
42,Male,Burglary,Preparatory,31,11,0,1,45.5
61,Male,Sexual Offense,Secondary,224,9,2,0,61.8
48,Female,Theft,Bachelor's,43,10,3,3,50.4
38,Male,Vandalism,Secondary,11,13,1,3,53.1
26,Male,Sexual Offense,Illiterate,239,11,2,2,95.7
45,Male,Arson,Secondary,87,4,0,0,31.3
61,Male,Theft,Preparatory,14,9,2,2,44.2
21,Male,Fraud,Literate,13,9,3,0,56.2
48,Male,Vandalism,Secondary,35,8,3,2,45.0
57,Male,Public Order,Secondary,6,9,1,2,38.2
49,Male,Theft,Secondary,16,12,1,1,38.4
32,Male,Assault,Bachelor's,24,16,5,0,72.9
52,Male,Vandalism,Secondary,13,8,2,1,34.1
43,Male,Theft,Primary,47,10,0,0,34.7
55,Male,Public Order,Primary,3,8,1,0,31.9
61,Male,Public Order,Primary,21,11,2,3,52.9
56,Male,Theft,Primary,39,12,0,2,46.0
57,Female,Assault,Postgraduate education,100,9,1,1,38.4
29,Male,Robbery,Preparatory,60,11,2,2,66.4
18,Male,Public Order,Preparatory,9,9,3,2,51.7
32,Male,Assault,Secondary,108,3,0,0,26.5
33,Male,Sexual Offense,Secondary,115,13,5,1,84.7
47,Male,Theft,Preparatory,3,14,4,4,70.7
42,Male,Public Order,Primary,8,10,4,0,44.6
61,Male,Cybercrime,Preparatory,54,14,5,1,58.0
21,Male,Drug Offense,Primary,86,7,0,1,52.4
64,Male,Weapons Offense,Secondary,35,12,5,1,66.3
39,Male,Weapons Offense,Secondary,38,13,1,0,48.1
48,Male,Drug Offense,Literate,92,12,3,1,68.2
37,Male,Cybercrime,Primary,38,5,0,1,34.5
58,Male,Assault,Bachelor's,32,12,0,3,54.3
47,Male,Theft,Literate,29,4,0,0,25.3
53,Male,Cybercrime,Primary,25,13,3,4,73.1
51,Male,Weapons Offense,Secondary,26,11,3,2,56.6
47,Male,Assault,Secondary,67,12,1,3,68.0
54,Male,Drug Offense,Secondary,23,10,3,2,51.9
22,Male,Theft,Bachelor's,46,11,4,1,56.3
25,Male,Cybercrime,Preparatory,13,12,0,2,49.9
28,Male,Fraud,Literate,83,11,3,2,71.7
20,Male,Vandalism,Primary,10,12,0,2,65.7
47,Male,Arson,Literate,89,13,2,4,74.5
30,Male,Cybercrime,Primary,19,8,0,0,32.1
38,Male,Fraud,Secondary,44,4,0,0,21.8
39,Female,Drug Offense,Bachelor's,12,9,2,2,51.1
23,Male,Kidnapping,Primary,289,11,0,1,75.2
60,Male,Burglary,Bachelor's,25,13,1,0,38.3
44,Male,Murder,Bachelor's,259,6,0,1,51.2
32,Male,Burglary,Primary,70,12,2,3,66.6
35,Male,Fraud,Secondary,19,10,1,1,38.9
33,Male,Drug Offense,Preparatory,28,10,3,0,47.0
36,Male,Robbery,Bachelor's,124,6,0,1,36.9
37,Male,Fraud,Secondary,66,9,1,1,44.9
34,Male,Theft,Preparatory,31,12,3,0,47.3
41,Male,Robbery,Illiterate,67,10,2,3,79.5
43,Male,Robbery,Bachelor's,101,7,1,1,41.9
52,Male,Fraud,Secondary,69,5,0,1,30.5
49,Male,Fraud,Bachelor's,63,14,4,4,70.0
44,Male,Burglary,Literate,39,9,0,2,60.4
20,Male,Vandalism,Secondary,36,13,0,3,67.8
44,Male,Theft,Preparatory,22,17,6,0,60.4
54,Male,Public Order,Bachelor's,22,11,4,1,47.3
29,Male,Theft,Primary,41,7,0,0,35.3
51,Male,Burglary,Preparatory,51,12,5,2,64.0
26,Male,Fraud,Illiterate,70,17,1,4,86.3
54,Male,Burglary,Bachelor's,36,11,3,1,43.9
57,Female,Weapons Offense,Bachelor's,43,8,3,0,39.2
55,Female,Drug Offense,Bachelor's,82,17,3,3,63.4
33,Male,Arson,Secondary,87,13,0,4,69.4
53,Male,Sexual Offense,Preparatory,143,2,0,0,40.6
41,Female,Assault,Primary,55,18,6,5,100.0
34,Male,Theft,Bachelor's,19,9,2,1,38.4
56,Male,Theft,Primary,36,10,0,3,52.7
65,Male,Arson,Illiterate,52,9,2,2,66.0
43,Male,Theft,Illiterate,22,19,7,3,89.5
21,Male,Drug Offense,Preparatory,63,13,3,2,72.8
27,Male,Sexual Offense,Bachelor's,174,16,7,1,90.5
65,Male,Burglary,Illiterate,30,13,4,4,78.8
64,Female,Theft,Primary,4,4,1,0,28.6
31,Male,Murder,Primary,458,11,3,1,93.0
48,Male,Drug Offense,Secondary,94,7,0,1,39.6
38,Male,Fraud,Literate,29,9,3,2,57.9
36,Female,Robbery,Postgraduate education,119,13,2,3,63.0
27,Male,Burglary,Primary,26,8,1,2,58.6
19,Male,Assault,Preparatory,101,10,4,2,77.3
24,Male,Robbery,Bachelor's,87,10,4,1,75.2
26,Female,Murder,Postgraduate education,459,10,0,1,66.0
20,Male,Vandalism,Preparatory,11,7,2,0,33.5
18,Male,Drug Offense,Primary,12,10,1,2,68.1
46,Male,Fraud,Bachelor's,67,9,2,1,34.2
54,Male,Assault,Secondary,107,8,2,2,59.9
64,Male,Arson,Bachelor's,36,9,0,2,44.1
37,Male,Weapons Offense,Preparatory,39,8,2,2,57.0
63,Male,Burglary,Illiterate,24,8,1,1,47.0
48,Male,Robbery,Preparatory,37,7,0,0,39.1
21,Male,Assault,Secondary,33,9,3,1,62.9
49,Female,Fraud,Primary,23,9,3,1,52.4
54,Male,Burglary,Illiterate,56,11,4,1,49.1
39,Male,Kidnapping,Secondary,138,10,1,2,63.0
55,Male,Assault,Primary,29,7,2,1,53.2
30,Male,Burglary,Primary,31,14,4,4,86.4
35,Male,Robbery,Secondary,135,6,0,0,34.0
35,Male,Theft,Secondary,37,13,5,2,60.0
44,Male,Arson,Primary,44,11,2,3,77.3
18,Male,Assault,Primary,120,13,5,0,74.9
56,Male,Assault,Illiterate,112,13,2,3,73.6
53,Male,Public Order,Illiterate,23,9,1,2,44.9
33,Female,Burglary,Preparatory,34,10,0,1,46.4
23,Male,Fraud,Postgraduate education,16,5,0,0,24.3
56,Male,Murder,Primary,180,8,0,2,65.9
40,Male,Kidnapping,Secondary,144,11,4,0,64.9
38,Female,Assault,Primary,103,11,2,3,75.5
43,Male,Burglary,Secondary,70,12,2,3,58.7
43,Male,Assault,Preparatory,30,8,1,1,45.3
36,Male,Burglary,Bachelor's,12,14,4,4,75.3
63,Male,Cybercrime,Literate,23,9,0,1,41.3
19,Female,Burglary,Bachelor's,57,14,5,1,66.9
52,Male,Theft,Preparatory,46,13,0,0,32.3
31,Male,Fraud,Literate,17,8,3,1,52.1
33,Male,Weapons Offense,Secondary,75,6,0,1,50.7
61,Female,Drug Offense,Secondary,14,12,1,3,60.2
60,Male,Murder,Literate,344,14,2,1,81.2
28,Male,Robbery,Postgraduate education,84,12,4,2,60.5
36,Male,Sexual Offense,Primary,148,12,3,3,81.8
64,Male,Sexual Offense,Literate,110,8,3,2,72.6
30,Male,Assault,Primary,26,7,1,0,53.2
50,Female,Weapons Offense,Secondary,79,9,0,2,40.8
49,Male,Sexual Offense,Secondary,219,12,1,1,67.3
20,Male,Theft,Secondary,10,10,0,3,57.3
56,Male,Theft,Bachelor's,47,6,0,1,26.7
58,Female,Robbery,Primary,47,8,0,0,42.0
30,Male,Weapons Offense,Secondary,72,8,3,1,52.3
24,Male,Assault,Secondary,95,10,1,3,75.2
21,Male,Vandalism,Primary,10,5,1,1,41.6
25,Male,Fraud,Primary,70,5,0,0,31.6
61,Male,Theft,Illiterate,17,8,2,1,47.7
56,Female,Drug Offense,Preparatory,46,5,1,1,38.6
41,Male,Robbery,Secondary,137,5,1,1,44.2
21,Male,Drug Offense,Secondary,29,12,1,0,53.4
58,Female,Theft,Secondary,21,9,3,2,42.1
42,Male,Vandalism,Secondary,18,11,2,0,30.4
54,Male,Cybercrime,Preparatory,30,9,0,1,35.8
44,Male,Fraud,Primary,60,11,1,1,37.7
18,Male,Public Order,Literate,13,10,0,0,38.1
22,Male,Robbery,Literate,98,9,1,2,73.3
53,Female,Theft,Bachelor's,36,10,4,3,52.7
43,Male,Weapons Offense,Illiterate,54,12,3,3,77.9
20,Male,Burglary,Bachelor's,35,10,0,3,55.8
20,Male,Assault,Secondary,106,5,0,0,47.7
58,Male,Vandalism,Secondary,10,10,1,3,47.2
18,Male,Murder,Secondary,264,12,1,0,75.8
21,Male,Burglary,Illiterate,35,10,2,2,72.5
26,Male,Robbery,Literate,61,7,2,1,55.8
47,Male,Murder,Secondary,367,15,4,4,96.2
32,Male,Murder,Bachelor's,380,9,1,2,82.2
20,Male,Sexual Offense,Preparatory,130,11,3,0,70.5
47,Male,Vandalism,Preparatory,21,2,0,0,19.3
60,Male,Vandalism,Postgraduate education,11,11,3,2,39.3
20,Male,Kidnapping,Postgraduate education,192,4,1,0,57.7
62,Male,Robbery,Preparatory,51,8,1,1,43.5
53,Male,Murder,Secondary,379,8,0,0,52.1
40,Male,Assault,Primary,60,10,0,3,70.4
39,Male,Fraud,Bachelor's,59,11,3,0,34.5
27,Male,Drug Offense,Illiterate,64,7,2,1,62.4
42,Male,Public Order,Preparatory,14,11,0,1,35.8
26,Male,Assault,Preparatory,61,8,3,0,54.4
46,Male,Theft,Preparatory,28,10,1,1,36.8
19,Male,Fraud,Postgraduate education,58,16,1,3,72.2
50,Male,Theft,Bachelor's,46,9,0,1,25.4
18,Male,Burglary,Secondary,72,13,5,2,74.1
23,Male,Vandalism,Primary,6,13,2,2,58.9
40,Male,Murder,Preparatory,271,9,1,2,75.1
34,Male,Burglary,Secondary,31,10,3,3,59.4
46,Male,Theft,Preparatory,19,16,0,2,53.3
64,Male,Burglary,Secondary,32,8,3,0,35.5
62,Female,Weapons Offense,Secondary,64,9,0,1,47.7
64,Male,Murder,Secondary,448,8,3,0,68.9
58,Male,Fraud,Postgraduate education,50,14,5,4,64.9
63,Male,Burglary,Primary,68,7,2,0,35.3
25,Male,Burglary,Primary,50,14,4,2,69.1
49,Male,Drug Offense,Preparatory,82,15,4,3,77.4
18,Male,Assault,Secondary,55,8,2,1,60.4
65,Male,Vandalism,Secondary,8,16,2,2,49.5
52,Male,Vandalism,Secondary,9,8,2,0,36.3
54,Male,Theft,Primary,34,13,2,2,44.2
33,Male,Vandalism,Literate,33,8,0,0,38.5
31,Male,Theft,Secondary,28,14,3,1,47.6
36,Male,Burglary,Secondary,20,5,0,1,28.5
38,Male,Burglary,Preparatory,63,11,2,3,62.2
47,Male,Vandalism,Secondary,19,17,6,2,64.6
28,Male,Weapons Offense,Secondary,44,6,1,1,48.8
32,Male,Cybercrime,Secondary,8,12,5,2,55.4
26,Male,Burglary,Secondary,28,17,4,0,55.7
62,Female,Theft,Secondary,17,9,0,0,26.7
29,Male,Robbery,Primary,74,13,0,1,56.3
49,Male,Drug Offense,Preparatory,89,3,0,0,28.3
18,Male,Assault,Secondary,34,10,1,2,70.1
39,Male,Sexual Offense,Literate,195,10,3,3,87.1
21,Female,Assault,Preparatory,112,12,3,0,70.3
56,Male,Burglary,Bachelor's,19,7,0,0,21.8
19,Male,Vandalism,Secondary,18,10,4,0,44.8
31,Male,Burglary,Secondary,52,15,4,3,79.3
64,Male,Weapons Offense,Preparatory,83,11,3,2,64.6
47,Male,Weapons Offense,Preparatory,88,13,1,1,55.4
62,Female,Public Order,Preparatory,10,8,1,1,31.3
64,Male,Weapons Offense,Preparatory,50,10,4,3,71.5
53,Male,Burglary,Secondary,33,6,0,1,38.3
57,Male,Drug Offense,Secondary,29,11,4,1,52.6
58,Male,Sexual Offense,Illiterate,217,6,1,1,61.0
63,Male,Theft,Bachelor's,20,10,3,1,31.3
19,Male,Cybercrime,Preparatory,54,8,2,0,45.7
41,Male,Assault,Preparatory,71,13,0,3,70.1
54,Female,Vandalism,Preparatory,13,8,1,1,35.8
18,Male,Burglary,Preparatory,63,14,0,1,53.4
50,Male,Fraud,Bachelor's,63,8,2,0,40.0
34,Female,Sexual Offense,Primary,210,8,0,1,68.3
35,Male,Assault,Secondary,37,8,3,1,56.3
51,Female,Public Order,Secondary,19,11,1,0,24.3
61,Male,Murder,Secondary,322,13,0,2,71.1
56,Male,Burglary,Bachelor's,44,12,4,3,60.6
45,Male,Kidnapping,Bachelor's,200,14,3,0,65.1
18,Male,Drug Offense,Secondary,38,7,0,0,43.2
27,Male,Arson,Preparatory,63,13,4,1,65.2
26,Male,Burglary,Secondary,69,11,0,2,41.5
42,Male,Theft,Secondary,40,4,0,0,29.0
63,Female,Assault,Secondary,108,9,2,2,58.5
24,Male,Robbery,Bachelor's,65,11,2,3,67.3
34,Male,Sexual Offense,Primary,211,12,2,1,74.4
45,Male,Public Order,Bachelor's,5,8,1,0,19.8
30,Male,Public Order,Secondary,10,9,1,2,44.0
49,Male,Vandalism,Bachelor's,13,13,0,4,58.9
39,Male,Assault,Preparatory,86,12,2,3,71.1
22,Male,Arson,Preparatory,52,8,1,2,60.9
31,Male,Drug Offense,Secondary,19,12,0,1,53.4
39,Male,Public Order,Primary,13,9,3,2,58.9
51,Male,Sexual Offense,Postgraduate education,147,3,0,0,32.3
62,Male,Murder,Preparatory,336,14,1,4,90.8
47,Male,Murder,Preparatory,318,7,1,1,75.3
43,Male,Drug Offense,Preparatory,68,18,6,2,79.5
57,Male,Arson,Preparatory,105,10,0,1,54.0
33,Female,Vandalism,Bachelor's,31,12,1,1,49.6
27,Male,Vandalism,Illiterate,6,13,2,4,74.1
54,Female,Fraud,Preparatory,28,7,1,1,38.1
18,Male,Robbery,Bachelor's,129,15,5,0,70.6
46,Male,Fraud,Primary,75,2,0,0,31.5
60,Female,Weapons Offense,Primary,69,9,3,0,44.8
49,Male,Public Order,Literate,16,9,0,2,42.2
45,Male,Theft,Preparatory,31,8,1,1,34.8
39,Male,Vandalism,Secondary,11,9,1,0,29.4
36,Male,Fraud,Preparatory,57,10,1,3,67.4
34,Male,Theft,Bachelor's,22,9,0,2,40.4
34,Male,Assault,Secondary,61,10,4,0,56.6
18,Male,Vandalism,Primary,36,5,1,0,42.3
44,Female,Public Order,Illiterate,8,8,2,0,48.1
38,Male,Cybercrime,Secondary,34,7,1,1,34.1
19,Female,Fraud,Illiterate,50,11,4,2,77.1
35,Male,Burglary,Secondary,15,12,3,1,45.2
29,Male,Sexual Offense,Secondary,234,6,0,1,60.4
57,Male,Burglary,Postgraduate education,61,11,3,0,27.9
35,Male,Burglary,Secondary,12,6,1,0,30.8
55,Male,Drug Offense,Bachelor's,72,18,0,4,71.9
56,Male,Vandalism,Bachelor's,34,3,0,0,8.3
26,Male,Robbery,Literate,70,13,1,3,80.4
25,Male,Fraud,Primary,13,15,5,1,64.1
37,Male,Theft,Primary,27,13,5,0,59.1
62,Male,Public Order,Postgraduate education,1,8,2,1,28.6
54,Male,Drug Offense,Bachelor's,85,11,4,3,56.4
34,Male,Cybercrime,Secondary,46,9,1,2,53.8
53,Male,Drug Offense,Preparatory,33,6,0,0,30.6
63,Male,Robbery,Secondary,139,10,1,3,60.7
20,Male,Public Order,Primary,17,8,3,0,42.8
56,Female,Theft,Preparatory,42,12,0,2,51.0
19,Male,Vandalism,Literate,17,11,3,1,67.7
24,Male,Assault,Preparatory,60,7,2,0,59.1
52,Male,Fraud,Preparatory,26,5,0,0,23.8
60,Male,Assault,Preparatory,58,5,1,1,39.4
61,Male,Theft,Illiterate,36,9,0,0,35.8
64,Male,Drug Offense,Secondary,78,14,6,4,89.8
43,Male,Vandalism,Primary,29,11,2,3,66.6
28,Male,Arson,Literate,90,7,2,0,60.9
19,Male,Fraud,Secondary,47,5,0,1,37.8
28,Male,Vandalism,Primary,36,11,3,3,69.7
31,Male,Public Order,Primary,1,7,0,1,37.3
42,Male,Vandalism,Primary,8,13,0,0,35.1
41,Male,Vandalism,Bachelor's,8,12,5,2,48.2
47,Male,Theft,Secondary,27,17,7,2,75.9
41,Male,Murder,Preparatory,460,8,2,0,69.3
55,Male,Weapons Offense,Bachelor's,54,9,2,2,48.9
26,Male,Theft,Secondary,10,10,1,2,50.5
46,Male,Weapons Offense,Illiterate,43,5,1,1,54.5
28,Male,Drug Offense,Secondary,16,12,0,0,40.7
63,Male,Arson,Preparatory,70,10,1,2,41.7
63,Male,Drug Offense,Illiterate,82,10,3,3,76.0
35,Male,Public Order,Secondary,23,6,1,0,22.0
34,Male,Vandalism,Preparatory,23,13,1,4,69.5
38,Male,Assault,Postgraduate education,93,10,3,2,57.2
52,Male,Theft,Preparatory,16,12,2,1,45.8
47,Male,Fraud,Illiterate,75,10,1,2,62.3
56,Male,Murder,Preparatory,379,15,2,4,95.4
28,Male,Murder,Preparatory,461,15,4,3,100.0
50,Male,Burglary,Illiterate,21,12,3,3,65.4
19,Male,Fraud,Literate,63,8,2,0,52.1
61,Male,Theft,Secondary,45,13,2,0,35.1
56,Male,Vandalism,Secondary,9,11,4,3,62.0
27,Female,Drug Offense,Secondary,94,12,0,0,43.0
42,Male,Vandalism,Illiterate,11,8,2,2,57.7
19,Male,Assault,Bachelor's,73,7,0,0,41.6
63,Male,Public Order,Illiterate,4,8,3,2,54.0
21,Male,Theft,Preparatory,12,14,1,0,43.9
55,Male,Fraud,Secondary,41,15,3,2,53.6
32,Male,Sexual Offense,Secondary,207,14,2,1,86.3
60,Male,Weapons Offense,Bachelor's,55,9,0,2,44.0
63,Male,Assault,Primary,89,5,0,1,45.9
57,Male,Assault,Secondary,52,8,1,2,49.0
30,Male,Sexual Offense,Illiterate,220,11,4,3,95.5
46,Male,Theft,Literate,45,11,0,3,51.9
31,Male,Robbery,Secondary,123,8,1,1,58.5
38,Male,Weapons Offense,Primary,35,6,2,1,49.1
51,Male,Drug Offense,Bachelor's,40,8,0,0,21.4
51,Male,Vandalism,Primary,22,13,0,2,48.2
41,Female,Assault,Literate,33,10,0,3,66.0
37,Male,Cybercrime,Bachelor's,47,9,1,1,31.0
62,Male,Theft,Primary,44,14,5,3,72.7
38,Male,Burglary,Preparatory,40,8,0,1,45.0
25,Male,Arson,Secondary,104,10,0,0,51.3
56,Male,Theft,Secondary,31,9,3,2,34.9
57,Male,Theft,Bachelor's,17,9,0,1,24.7
58,Female,Vandalism,Secondary,25,6,2,1,28.8
45,Male,Robbery,Postgraduate education,109,7,1,0,35.5
36,Male,Arson,Primary,90,7,1,1,54.8
64,Male,Public Order,Secondary,3,10,2,1,37.7
45,Male,Theft,Primary,16,4,1,0,33.5
49,Male,Burglary,Literate,49,9,0,1,47.1
49,Male,Sexual Offense,Literate,133,8,3,2,76.5
60,Male,Theft,Preparatory,38,9,0,2,39.0
65,Male,Theft,Secondary,8,8,2,0,28.3
39,Male,Weapons Offense,Secondary,44,8,1,2,50.6
32,Male,Robbery,Preparatory,130,18,5,0,81.4
41,Male,Fraud,Secondary,80,9,2,1,43.0
33,Male,Vandalism,Illiterate,32,14,0,4,74.3
31,Male,Vandalism,Bachelor's,19,9,0,0,28.3
42,Male,Theft,Secondary,39,8,2,1,38.3
40,Male,Drug Offense,Bachelor's,74,14,0,2,54.9
35,Male,Weapons Offense,Secondary,78,15,0,3,69.3
22,Male,Robbery,Bachelor's,57,12,2,1,54.9
22,Male,Theft,Secondary,7,8,0,2,40.8
59,Male,Robbery,Postgraduate education,65,9,3,1,45.9
37,Male,Drug Offense,Preparatory,19,11,0,2,52.5
63,Male,Vandalism,Primary,34,11,2,1,42.9
46,Male,Kidnapping,Literate,152,14,5,2,91.7
52,Male,Drug Offense,Postgraduate education,37,9,3,2,44.8
19,Male,Assault,Bachelor's,68,17,6,4,97.1
65,Male,Sexual Offense,Secondary,143,10,0,2,65.2
25,Male,Burglary,Preparatory,41,11,1,2,53.8
25,Male,Fraud,Preparatory,67,9,0,1,51.4
22,Male,Public Order,Secondary,8,7,1,1,41.1
35,Male,Public Order,Illiterate,5,10,1,2,56.2
26,Male,Public Order,Primary,19,8,1,1,48.8
52,Male,Cybercrime,Primary,34,7,1,1,35.3
45,Male,Cybercrime,Preparatory,45,9,2,0,39.8
65,Male,Assault,Preparatory,33,7,1,1,46.3
38,Male,Robbery,Secondary,51,4,0,0,30.8
35,Male,Drug Offense,Primary,56,11,3,1,61.0
22,Male,Vandalism,Bachelor's,30,11,4,1,47.0
37,Male,Vandalism,Secondary,10,7,0,0,32.2
53,Male,Assault,Literate,51,17,7,3,93.1
22,Male,Vandalism,Primary,27,21,0,2,71.2
57,Male,Fraud,Secondary,35,12,2,3,55.2
49,Male,Fraud,Bachelor's,23,16,0,4,51.2
37,Male,Theft,Bachelor's,38,8,3,1,42.3
38,Male,Burglary,Secondary,33,12,2,3,60.7
22,Male,Public Order,Bachelor's,9,17,2,4,77.9
36,Female,Burglary,Secondary,42,6,1,0,34.0
27,Male,Weapons Offense,Primary,24,10,1,2,63.1
37,Male,Burglary,Primary,28,11,1,0,42.9
41,Male,Kidnapping,Secondary,215,12,3,2,79.4
61,Male,Murder,Primary,363,6,2,0,66.4
23,Male,Sexual Offense,Secondary,230,9,0,0,55.2
51,Male,Vandalism,Primary,11,13,0,3,51.1
62,Male,Theft,Primary,18,8,2,1,39.0
46,Male,Assault,Illiterate,48,9,2,0,59.6
21,Male,Vandalism,Preparatory,6,12,2,1,60.4
24,Male,Assault,Postgraduate education,34,16,6,4,94.0
37,Male,Theft,Illiterate,7,9,1,2,49.4
34,Male,Assault,Preparatory,104,11,3,2,73.2
24,Female,Theft,Secondary,7,10,3,2,57.8
53,Male,Theft,Secondary,43,10,1,2,39.7
51,Male,Robbery,Primary,94,9,2,1,55.4
21,Male,Murder,Bachelor's,253,12,3,2,85.4
45,Male,Drug Offense,Primary,21,15,6,4,89.3
41,Female,Burglary,Secondary,12,12,4,3,68.0
43,Male,Burglary,Illiterate,44,10,0,1,48.6
45,Female,Public Order,Secondary,11,11,3,1,39.6
62,Male,Robbery,Bachelor's,57,10,4,3,59.8
36,Male,Theft,Secondary,4,11,0,1,36.3
43,Male,Theft,Primary,19,8,3,1,48.2
38,Male,Murder,Illiterate,385,13,5,1,94.8
45,Female,Burglary,Secondary,21,8,1,0,34.1
26,Male,Theft,Illiterate,23,13,2,1,58.1
32,Male,Murder,Primary,270,11,0,3,87.1
21,Male,Theft,Illiterate,45,8,1,2,59.8
65,Male,Theft,Illiterate,16,7,2,1,45.0
34,Male,Burglary,Secondary,24,7,2,0,38.2
32,Male,Fraud,Preparatory,26,11,3,2,63.5
31,Male,Kidnapping,Primary,225,12,1,3,79.9
61,Male,Theft,Primary,35,8,1,2,44.8
43,Male,Vandalism,Secondary,30,4,1,0,21.9
18,Male,Murder,Preparatory,278,14,1,3,100.0
35,Male,Theft,Secondary,25,9,1,1,39.5
33,Male,Assault,Secondary,104,11,3,0,61.7
33,Male,Murder,Secondary,364,5,0,1,57.3
29,Male,Vandalism,Primary,8,8,2,2,51.2
39,Male,Public Order,Postgraduate education,13,12,2,1,37.4
41,Male,Murder,Illiterate,429,12,3,3,100.0
42,Female,Fraud,Primary,77,12,3,2,65.9
21,Male,Fraud,Primary,46,8,1,0,45.7
48,Male,Fraud,Primary,59,11,3,3,65.8
28,Male,Assault,Postgraduate education,58,8,2,2,49.0
43,Male,Robbery,Primary,62,9,0,2,53.9
53,Male,Drug Offense,Bachelor's,28,10,4,1,45.1
58,Female,Murder,Bachelor's,307,7,0,1,56.0
27,Male,Cybercrime,Secondary,30,15,4,0,53.0
49,Female,Theft,Literate,33,6,1,0,39.7
23,Male,Assault,Secondary,77,9,2,1,69.2
30,Male,Murder,Primary,318,6,0,1,63.5
31,Female,Robbery,Secondary,100,9,0,2,51.2
65,Male,Drug Offense,Illiterate,24,9,3,1,55.6
43,Male,Theft,Secondary,40,8,2,1,40.7
58,Male,Drug Offense,Bachelor's,81,8,1,2,42.7
60,Male,Theft,Bachelor's,46,22,4,2,59.6
50,Male,Fraud,Secondary,37,13,2,0,35.1
62,Male,Theft,Illiterate,16,9,3,0,39.5
48,Male,Theft,Secondary,3,14,0,0,35.9
24,Male,Drug Offense,Secondary,82,11,3,2,61.4
63,Male,Cybercrime,Preparatory,23,16,6,4,85.6
54,Male,Theft,Literate,21,12,4,0,38.5
43,Male,Drug Offense,Primary,68,11,3,0,45.0
43,Male,Drug Offense,Bachelor's,86,11,1,2,54.3
58,Male,Vandalism,Primary,28,8,1,0,25.0
31,Female,Burglary,Literate,20,9,2,1,53.5
65,Female,Cybercrime,Secondary,25,9,0,1,35.2
18,Male,Vandalism,Primary,8,10,0,0,43.9
60,Male,Drug Offense,Secondary,61,11,4,1,50.4
63,Male,Assault,Secondary,81,13,4,0,56.6
61,Male,Drug Offense,Secondary,39,11,2,3,61.9
39,Male,Theft,Literate,27,5,1,1,44.1
24,Male,Vandalism,Secondary,10,11,4,2,57.9
43,Male,Burglary,Secondary,58,19,3,2,59.8
55,Male,Arson,Primary,65,8,2,1,45.9
35,Female,Burglary,Bachelor's,38,12,3,3,57.0
48,Male,Burglary,Secondary,46,10,1,3,52.0
24,Male,Vandalism,Secondary,19,7,2,1,45.4
23,Male,Public Order,Bachelor's,16,18,1,5,77.5
56,Male,Theft,Primary,37,9,1,2,52.3
23,Male,Theft,Primary,44,14,6,0,68.3
63,Male,Drug Offense,Secondary,18,16,6,3,76.7
37,Male,Weapons Offense,Bachelor's,28,11,4,0,54.2
27,Male,Vandalism,Preparatory,29,12,2,0,51.9
25,Male,Murder,Illiterate,217,9,2,2,82.8
57,Male,Burglary,Literate,66,6,1,0,39.4
30,Male,Cybercrime,Bachelor's,25,8,1,2,43.8
53,Male,Theft,Illiterate,23,6,2,1,37.8
30,Male,Theft,Preparatory,45,10,0,1,38.6
24,Male,Weapons Offense,Secondary,50,11,1,1,54.3
52,Male,Theft,Secondary,9,13,1,3,52.9
62,Female,Vandalism,Literate,11,6,2,1,38.1
63,Male,Drug Offense,Bachelor's,14,10,0,3,48.7
26,Male,Assault,Bachelor's,44,8,1,1,49.3
51,Male,Drug Offense,Primary,27,8,0,0,43.6
26,Male,Assault,Secondary,64,13,5,3,83.8
26,Female,Weapons Offense,Illiterate,51,8,0,1,56.0
45,Male,Assault,Preparatory,61,8,2,1,56.1
45,Male,Theft,Secondary,8,8,1,2,42.8
20,Female,Assault,Secondary,38,12,3,3,76.1
60,Female,Theft,Secondary,21,7,2,1,30.6
28,Male,Theft,Primary,6,8,2,0,36.7
22,Male,Theft,Primary,24,5,1,1,47.9
21,Male,Drug Offense,Postgraduate education,35,12,4,3,65.3
42,Male,Murder,Secondary,352,11,0,3,79.1
28,Female,Burglary,Secondary,59,13,3,3,69.9
37,Female,Theft,Secondary,21,14,1,2,55.6
49,Male,Theft,Secondary,40,6,0,0,23.2
52,Male,Drug Offense,Preparatory,57,7,2,0,34.7
45,Male,Robbery,Secondary,112,11,0,1,47.3
32,Female,Theft,Literate,43,10,3,0,52.0
62,Male,Assault,Primary,108,7,2,1,53.8
43,Male,Fraud,Preparatory,30,12,1,0,41.4
29,Male,Sexual Offense,Preparatory,195,6,0,1,62.7
43,Male,Drug Offense,Preparatory,15,9,3,1,52.8
34,Male,Theft,Illiterate,5,6,1,1,55.1
23,Male,Public Order,Bachelor's,4,17,4,1,59.8
32,Male,Vandalism,Preparatory,29,9,1,1,43.0
29,Male,Vandalism,Preparatory,9,8,1,2,44.5
18,Male,Drug Offense,Secondary,64,13,0,0,41.6
52,Male,Drug Offense,Postgraduate education,24,10,3,1,43.7
49,Male,Theft,Preparatory,13,12,3,1,55.5
30,Male,Theft,Primary,45,15,1,3,65.8
28,Male,Theft,Literate,14,12,3,2,56.9
53,Male,Theft,Primary,23,10,4,2,58.9
27,Male,Fraud,Secondary,50,11,2,0,41.6
20,Male,Theft,Secondary,38,17,5,5,92.3
35,Male,Vandalism,Primary,9,12,5,1,52.9
63,Male,Burglary,Secondary,64,3,0,0,21.2
38,Male,Public Order,Bachelor's,5,9,2,1,31.3
28,Male,Assault,Literate,24,6,0,0,39.4
45,Male,Drug Offense,Bachelor's,58,12,4,2,64.9
49,Male,Theft,Secondary,36,18,3,0,45.9
33,Male,Weapons Offense,Illiterate,33,11,3,0,71.7
19,Female,Theft,Primary,48,11,0,2,55.8
39,Male,Theft,Primary,11,5,0,0,30.2
50,Male,Theft,Secondary,21,11,0,2,40.1
48,Male,Vandalism,Primary,11,11,1,2,51.6
53,Male,Theft,Preparatory,38,10,4,2,59.7
57,Male,Fraud,Secondary,75,10,2,3,46.8
53,Male,Public Order,Secondary,8,11,0,3,38.0
47,Male,Arson,Secondary,48,8,3,1,53.5
32,Male,Drug Offense,Bachelor's,68,8,3,0,44.8
34,Female,Weapons Offense,Bachelor's,75,9,2,1,47.7
56,Male,Robbery,Primary,77,8,0,1,40.2
40,Female,Vandalism,Secondary,22,6,2,0,36.1
62,Male,Murder,Primary,474,12,1,1,77.2
65,Male,Fraud,Postgraduate education,84,10,1,2,31.7
58,Male,Robbery,Bachelor's,102,8,3,1,52.7
56,Male,Assault,Preparatory,117,13,2,0,48.2
21,Male,Assault,Primary,81,6,2,0,62.3
35,Male,Cybercrime,Illiterate,26,8,3,2,54.6
27,Male,Theft,Primary,45,12,5,0,57.5
53,Male,Murder,Secondary,251,12,0,2,63.5
40,Male,Theft,Primary,33,8,0,0,34.3
64,Male,Drug Offense,Secondary,62,13,4,4,69.4
36,Male,Assault,Bachelor's,47,12,2,0,47.8
38,Male,Vandalism,Preparatory,14,9,3,2,47.4
33,Male,Weapons Offense,Literate,62,6,1,1,61.9
50,Male,Theft,Illiterate,48,7,1,1,45.8
26,Male,Sexual Offense,Primary,197,7,1,1,75.1
56,Male,Assault,Primary,60,2,0,0,27.8
55,Female,Fraud,Bachelor's,84,5,1,1,30.4
42,Male,Robbery,Preparatory,43,6,1,0,36.2
33,Female,Burglary,Secondary,51,11,3,3,67.1
39,Male,Robbery,Primary,64,11,0,0,48.5
23,Male,Assault,Secondary,91,13,5,0,73.1
42,Male,Robbery,Bachelor's,53,13,0,3,62.2
56,Male,Burglary,Bachelor's,51,14,0,2,45.6
56,Male,Theft,Preparatory,13,13,5,2,50.5
56,Male,Theft,Primary,29,9,3,0,40.6
47,Male,Arson,Bachelor's,81,7,0,1,45.3
61,Male,Burglary,Preparatory,50,12,2,1,49.3
31,Male,Public Order,Illiterate,8,4,0,0,28.1
26,Male,Arson,Postgraduate education,51,16,7,3,88.4
32,Male,Assault,Primary,69,13,2,4,90.0
18,Male,Theft,Illiterate,40,9,3,1,60.2
21,Male,Burglary,Primary,35,11,2,0,56.4
57,Male,Drug Offense,Illiterate,19,12,4,0,61.8
18,Male,Theft,Secondary,44,9,0,1,48.4
39,Male,Fraud,Primary,55,11,3,3,65.8
42,Male,Drug Offense,Secondary,20,9,2,0,41.4
50,Male,Fraud,Secondary,12,14,6,1,55.4
64,Male,Public Order,Secondary,5,10,4,2,48.4
32,Male,Vandalism,Primary,16,12,3,0,60.4
26,Male,Theft,Preparatory,43,16,7,3,83.3
47,Male,Vandalism,Secondary,21,18,2,6,89.1
39,Male,Assault,Primary,55,8,3,2,63.7
46,Male,Kidnapping,Secondary,210,11,4,0,72.2
30,Male,Sexual Offense,Literate,116,5,1,1,59.4
60,Male,Assault,Postgraduate education,115,7,0,0,24.8
45,Male,Fraud,Secondary,65,10,0,2,41.5
22,Male,Vandalism,Literate,8,9,2,1,53.5
62,Male,Assault,Illiterate,108,13,5,0,69.9
22,Male,Drug Offense,Literate,43,8,2,1,58.1
22,Male,Fraud,Secondary,68,12,1,1,51.6
19,Male,Vandalism,Secondary,16,12,4,0,47.1
39,Male,Theft,Secondary,10,9,2,1,41.6
52,Male,Theft,Bachelor's,27,14,2,1,40.4
58,Male,Robbery,Preparatory,89,6,1,1,46.2
32,Female,Theft,Primary,12,6,1,0,39.0
56,Male,Theft,Illiterate,18,10,0,0,33.6
47,Male,Arson,Primary,104,11,4,3,84.1
54,Female,Theft,Primary,47,9,3,1,48.1
22,Male,Burglary,Primary,54,9,0,0,43.4
58,Male,Fraud,Secondary,28,10,1,3,51.0
48,Male,Assault,Primary,86,8,3,1,57.2
60,Male,Vandalism,Preparatory,24,7,1,0,26.4
54,Male,Public Order,Bachelor's,17,7,1,1,23.6
26,Male,Theft,Primary,4,9,0,1,38.5
42,Male,Burglary,Preparatory,30,14,5,3,67.7
29,Male,Cybercrime,Bachelor's,29,13,4,1,59.1
22,Male,Assault,Postgraduate education,64,12,4,3,82.1
40,Male,Vandalism,Primary,26,12,1,3,54.7
61,Male,Weapons Offense,Preparatory,84,10,3,1,59.1
44,Male,Assault,Primary,78,17,6,3,99.7
28,Male,Vandalism,Secondary,26,11,4,0,43.6
25,Male,Fraud,Literate,12,6,1,0,43.8
44,Male,Public Order,Preparatory,13,8,2,2,45.9
52,Female,Vandalism,Literate,6,9,2,1,37.3
44,Male,Arson,Bachelor's,99,13,1,1,47.7
29,Male,Burglary,Primary,13,7,0,0,41.7
57,Male,Arson,Primary,70,10,4,1,60.3
26,Male,Murder,Primary,370,13,3,0,82.8
18,Male,Vandalism,Primary,34,7,1,0,40.0
47,Male,Vandalism,Bachelor's,3,6,1,0,21.9
36,Female,Public Order,Secondary,15,16,6,4,77.4
26,Male,Cybercrime,Primary,47,9,2,0,50.1
21,Male,Burglary,Secondary,45,10,0,1,45.5
26,Male,Assault,Secondary,42,7,2,0,47.9
33,Male,Drug Offense,Bachelor's,19,6,2,0,33.4
54,Male,Robbery,Illiterate,86,11,1,3,63.6
49,Male,Sexual Offense,Illiterate,146,11,1,1,75.3
44,Male,Drug Offense,Bachelor's,78,8,2,1,40.5
45,Male,Theft,Postgraduate education,12,9,0,2,36.8
19,Male,Vandalism,Bachelor's,36,10,1,0,35.6
36,Male,Robbery,Preparatory,68,4,1,0,33.6
52,Male,Public Order,Primary,15,12,4,0,47.4
61,Male,Theft,Secondary,13,10,0,2,38.8
62,Male,Fraud,Secondary,22,12,5,0,40.3
62,Male,Theft,Primary,46,6,0,0,26.5
34,Male,Robbery,Preparatory,112,8,1,2,63.3
26,Male,Public Order,Bachelor's,9,9,0,0,30.7
54,Male,Theft,Bachelor's,12,11,4,0,41.7
34,Male,Arson,Illiterate,108,10,0,3,78.1
31,Male,Vandalism,Postgraduate education,3,11,2,0,32.5
22,Male,Robbery,Preparatory,96,7,2,0,55.2
40,Male,Assault,Secondary,114,12,5,3,72.9
59,Male,Cybercrime,Primary,39,12,5,1,60.6
64,Male,Drug Offense,Secondary,16,8,2,2,48.5
36,Male,Theft,Primary,20,9,1,0,36.4
33,Male,Fraud,Bachelor's,55,12,0,0,27.7
22,Male,Vandalism,Primary,9,6,0,1,45.8
35,Male,Burglary,Primary,32,11,4,0,54.4
40,Male,Burglary,Secondary,12,17,3,2,62.7
24,Female,Assault,Primary,60,7,1,1,58.4
46,Male,Vandalism,Preparatory,19,8,3,0,48.0
20,Male,Weapons Offense,Illiterate,83,6,0,0,59.1
60,Male,Cybercrime,Preparatory,41,9,3,2,49.4
59,Male,Assault,Literate,35,10,1,3,64.3
24,Male,Weapons Offense,Preparatory,90,10,3,3,80.7
45,Male,Murder,Preparatory,377,8,1,0,59.3
46,Male,Kidnapping,Preparatory,289,5,1,0,52.7
30,Male,Theft,Bachelor's,23,8,2,0,33.4
19,Male,Public Order,Primary,7,8,1,0,40.8
34,Male,Assault,Secondary,78,13,0,1,56.5
38,Male,Theft,Preparatory,26,12,0,1,42.8
33,Female,Murder,Secondary,440,18,2,6,100.0
28,Male,Fraud,Secondary,24,5,1,1,32.1
47,Female,Sexual Offense,Primary,107,12,3,1,75.9
22,Male,Assault,Primary,78,21,6,7,100.0
45,Male,Drug Offense,Primary,37,5,1,1,43.3
18,Male,Assault,Primary,83,11,4,0,66.3
29,Male,Fraud,Secondary,40,6,1,0,29.1
34,Male,Drug Offense,Secondary,19,12,2,2,64.8
28,Male,Cybercrime,Preparatory,25,9,1,2,58.4
45,Male,Burglary,Secondary,41,6,1,1,44.5
30,Female,Theft,Bachelor's,33,16,1,0,37.1
26,Female,Vandalism,Secondary,17,9,2,0,43.3
53,Male,Vandalism,Bachelor's,33,13,0,0,29.4
48,Male,Kidnapping,Secondary,150,8,1,2,55.5
50,Male,Robbery,Secondary,97,15,0,5,68.5
59,Male,Fraud,Illiterate,19,15,5,3,76.4
18,Male,Theft,Illiterate,12,6,2,0,47.2
63,Male,Theft,Primary,21,14,5,4,78.6
49,Male,Drug Offense,Illiterate,96,6,0,1,56.6
48,Male,Sexual Offense,Preparatory,216,7,2,0,58.5
24,Male,Vandalism,Secondary,30,11,0,0,41.8
25,Male,Murder,Preparatory,372,7,1,1,70.3
41,Male,Assault,Secondary,75,12,1,1,55.8
47,Male,Theft,Secondary,46,12,5,3,64.2
42,Male,Burglary,Primary,29,7,1,0,41.7
19,Male,Sexual Offense,Literate,168,9,3,0,82.7
26,Female,Fraud,Secondary,37,8,3,0,39.5
47,Male,Public Order,Primary,3,7,0,1,35.9
55,Male,Burglary,Postgraduate education,57,8,1,2,38.0
18,Male,Fraud,Primary,43,18,7,2,93.6
44,Male,Theft,Preparatory,43,15,5,3,68.9
55,Male,Weapons Offense,Primary,36,12,3,2,66.9
20,Male,Sexual Offense,Bachelor's,203,13,1,2,85.3
18,Male,Theft,Preparatory,38,12,1,0,51.9
54,Male,Drug Offense,Bachelor's,55,8,0,0,26.7
56,Male,Murder,Bachelor's,292,5,1,0,44.8
38,Male,Assault,Primary,86,9,3,2,64.9
23,Male,Theft,Secondary,33,9,1,2,48.3
54,Male,Burglary,Primary,69,9,2,1,44.9
63,Male,Fraud,Secondary,48,14,0,3,48.5
61,Male,Vandalism,Illiterate,16,9,2,1,46.2
23,Female,Weapons Offense,Secondary,76,4,0,0,36.0
45,Male,Arson,Literate,86,8,2,2,68.3
52,Male,Vandalism,Secondary,13,15,3,4,59.1
64,Male,Theft,Illiterate,5,11,0,1,40.5
62,Female,Drug Offense,Literate,81,4,1,0,31.5
43,Male,Theft,Secondary,27,8,2,1,44.0
19,Male,Murder,Secondary,353,16,1,0,76.2
35,Male,Theft,Bachelor's,28,7,0,1,31.6
59,Male,Theft,Secondary,15,13,4,3,56.1
33,Male,Assault,Secondary,51,16,1,0,56.3
42,Male,Arson,Bachelor's,37,11,1,0,37.3
23,Female,Theft,Illiterate,6,8,1,2,62.6
51,Male,Murder,Illiterate,407,13,5,0,87.2
51,Male,Theft,Bachelor's,37,11,3,1,35.1
20,Male,Drug Offense,Bachelor's,54,5,1,0,33.0
62,Female,Theft,Secondary,41,8,0,2,41.2
29,Male,Theft,Secondary,6,8,2,2,42.7
34,Male,Drug Offense,Preparatory,23,8,1,2,53.6
33,Male,Fraud,Preparatory,15,8,1,0,41.5
50,Male,Theft,Postgraduate education,46,13,1,4,50.8
58,Male,Theft,Bachelor's,39,12,2,2,37.7
37,Male,Cybercrime,Postgraduate education,55,9,0,1,28.3
47,Male,Cybercrime,Bachelor's,20,10,0,2,34.0
22,Female,Cybercrime,Illiterate,28,9,2,1,56.9
61,Male,Burglary,Secondary,27,4,0,0,16.6
18,Male,Assault,Bachelor's,101,16,4,1,77.2
46,Male,Robbery,Literate,107,15,3,5,94.8
55,Female,Kidnapping,Literate,228,9,2,0,68.9
56,Male,Public Order,Secondary,12,13,1,4,52.0
59,Male,Sexual Offense,Preparatory,220,11,1,3,75.1
45,Male,Cybercrime,Preparatory,36,13,4,1,53.5
43,Male,Theft,Preparatory,16,8,1,0,26.0
44,Female,Assault,Preparatory,109,8,1,2,60.9
60,Male,Theft,Secondary,43,13,4,1,49.5
28,Male,Fraud,Secondary,35,8,0,1,37.0
45,Male,Assault,Bachelor's,89,8,2,2,54.0
18,Male,Drug Offense,Preparatory,62,10,4,1,66.2
23,Female,Public Order,Primary,6,10,0,1,45.1
53,Female,Drug Offense,Bachelor's,80,9,3,1,43.1
56,Male,Robbery,Secondary,139,19,5,1,72.3
38,Male,Theft,Primary,42,12,5,1,67.6
48,Male,Theft,Primary,41,12,2,3,61.4
49,Male,Theft,Bachelor's,38,13,5,4,67.9
41,Female,Assault,Primary,33,16,5,3,78.5
63,Female,Robbery,Secondary,49,10,1,3,59.2
42,Male,Murder,Primary,215,16,6,1,89.5
26,Male,Weapons Offense,Primary,74,6,0,0,43.8
40,Male,Assault,Preparatory,106,11,2,2,62.0
25,Male,Robbery,Preparatory,43,8,3,1,56.1
59,Male,Theft,Secondary,14,4,1,0,17.8
34,Male,Sexual Offense,Primary,210,8,0,0,58.3
53,Male,Assault,Secondary,30,11,1,2,58.6
58,Male,Theft,Literate,15,9,0,1,42.4
19,Male,Kidnapping,Literate,282,13,0,4,100.0
18,Male,Assault,Bachelor's,28,15,2,2,71.9
49,Male,Murder,Postgraduate education,385,14,4,3,85.0
60,Male,Fraud,Postgraduate education,32,15,5,0,39.7
32,Male,Fraud,Primary,27,11,4,1,58.3
58,Male,Fraud,Bachelor's,13,15,0,1,38.1
49,Male,Theft,Literate,19,10,0,0,28.3
29,Female,Drug Offense,Preparatory,45,8,3,2,58.3
62,Male,Assault,Primary,118,10,3,0,62.7
58,Male,Theft,Secondary,34,9,0,1,35.6
62,Male,Drug Offense,Primary,62,7,1,1,45.3
60,Female,Fraud,Preparatory,75,13,5,1,52.3
34,Male,Fraud,Bachelor's,38,9,0,0,35.2
41,Male,Burglary,Preparatory,28,13,3,1,50.0
39,Male,Robbery,Secondary,106,9,1,0,44.6
52,Male,Fraud,Bachelor's,77,13,2,3,50.3
30,Male,Cybercrime,Preparatory,56,6,0,1,35.9
36,Male,Vandalism,Secondary,25,9,3,0,43.3
59,Male,Assault,Literate,77,7,0,0,36.7
49,Male,Public Order,Bachelor's,17,10,0,1,26.5
38,Male,Theft,Secondary,32,10,2,0,30.6
48,Male,Assault,Bachelor's,101,9,1,2,56.8
36,Male,Arson,Secondary,114,9,2,0,46.4
53,Male,Vandalism,Primary,18,7,0,1,31.5
64,Male,Drug Offense,Primary,80,7,2,0,35.9
20,Male,Arson,Secondary,76,8,2,2,58.7
21,Male,Sexual Offense,Secondary,232,7,0,1,63.3
35,Male,Burglary,Bachelor's,15,9,2,1,33.3
47,Male,Burglary,Postgraduate education,50,7,2,1,38.0
30,Male,Sexual Offense,Preparatory,221,10,2,0,68.2
27,Male,Drug Offense,Primary,56,14,5,1,77.8
60,Male,Drug Offense,Primary,15,11,0,2,56.7
22,Male,Robbery,Postgraduate education,50,15,4,3,78.9
40,Male,Theft,Secondary,3,4,1,0,21.6
37,Female,Theft,Primary,38,12,2,0,47.9
24,Male,Fraud,Bachelor's,29,15,1,2,58.5
47,Male,Arson,Secondary,65,10,4,3,71.3
32,Male,Drug Offense,Bachelor's,54,11,2,3,61.3
30,Male,Sexual Offense,Bachelor's,124,12,1,3,81.1
27,Male,Fraud,Illiterate,33,14,1,4,86.3
43,Male,Cybercrime,Secondary,15,14,3,1,52.6
53,Male,Drug Offense,Bachelor's,56,8,0,0,22.5
25,Male,Assault,Preparatory,91,12,4,2,77.3
30,Male,Drug Offense,Primary,55,14,0,4,70.8
23,Male,Arson,Postgraduate education,113,8,2,0,49.2
58,Male,Burglary,Illiterate,42,10,1,3,64.3
60,Female,Robbery,Bachelor's,76,10,2,2,48.2
61,Male,Assault,Illiterate,77,14,5,3,84.7
26,Male,Murder,Literate,413,8,3,0,77.4
30,Male,Burglary,Illiterate,65,14,1,4,81.4
26,Male,Drug Offense,Bachelor's,59,11,0,2,54.9
45,Male,Arson,Secondary,90,11,0,2,54.8
34,Female,Burglary,Preparatory,44,8,1,2,49.0
34,Male,Assault,Secondary,80,9,2,2,63.6
43,Male,Murder,Bachelor's,397,5,0,0,55.5
54,Male,Drug Offense,Preparatory,14,15,6,2,80.2
33,Female,Drug Offense,Bachelor's,67,11,1,1,44.6
65,Male,Theft,Primary,48,10,3,3,55.2
39,Male,Vandalism,Preparatory,11,14,5,3,72.8
61,Male,Fraud,Primary,24,13,1,1,45.8
29,Female,Burglary,Secondary,64,10,0,1,42.4
51,Female,Assault,Illiterate,88,15,5,3,88.6
40,Male,Theft,Primary,12,18,3,5,88.2
21,Male,Drug Offense,Primary,50,15,1,2,73.8
41,Male,Drug Offense,Secondary,42,10,1,0,36.4
24,Male,Theft,Preparatory,26,13,4,0,60.5
46,Male,Burglary,Secondary,19,14,3,2,55.3
63,Male,Drug Offense,Secondary,92,12,1,0,42.1
34,Male,Theft,Bachelor's,15,10,0,0,26.4
59,Male,Assault,Secondary,52,9,3,1,47.7
23,Female,Drug Offense,Bachelor's,86,8,1,1,49.9
48,Male,Drug Offense,Literate,14,12,1,3,65.3
44,Male,Murder,Bachelor's,419,9,1,0,57.8
56,Male,Weapons Offense,Bachelor's,32,8,0,2,41.3
46,Male,Burglary,Literate,39,13,1,2,64.5
27,Male,Theft,Illiterate,35,18,6,3,96.4
49,Male,Drug Offense,Literate,87,12,2,3,80.3
53,Male,Murder,Illiterate,344,15,3,1,98.1
46,Male,Assault,Secondary,38,10,0,2,51.1
19,Male,Murder,Secondary,429,10,1,3,92.8
18,Male,Robbery,Bachelor's,130,12,0,0,61.1
57,Male,Theft,Bachelor's,6,9,0,1,19.7
34,Male,Theft,Secondary,14,15,6,0,55.4
18,Male,Drug Offense,Secondary,78,16,7,3,96.7
33,Male,Murder,Illiterate,289,7,2,0,72.8
65,Female,Drug Offense,Bachelor's,33,11,3,0,41.0
56,Male,Fraud,Secondary,18,13,1,4,56.4
33,Male,Theft,Illiterate,16,9,2,0,47.2
35,Male,Drug Offense,Secondary,50,16,7,2,74.8
58,Male,Sexual Offense,Literate,204,13,2,3,88.3
52,Male,Theft,Bachelor's,38,7,1,1,26.6
60,Male,Burglary,Illiterate,60,12,4,1,61.0
38,Male,Burglary,Preparatory,18,11,3,2,55.3
52,Male,Theft,Illiterate,37,5,0,1,42.3
60,Male,Fraud,Primary,16,8,3,1,37.2
53,Male,Drug Offense,Illiterate,61,15,6,1,75.3
51,Male,Arson,Preparatory,89,8,2,1,42.2
18,Male,Murder,Secondary,224,11,4,3,93.6
59,Female,Assault,Primary,72,11,0,3,55.6
56,Male,Kidnapping,Secondary,198,11,4,0,59.5
59,Male,Assault,Illiterate,26,15,5,2,76.1
40,Male,Burglary,Secondary,61,8,0,2,46.0
21,Female,Weapons Offense,Preparatory,79,8,0,1,51.7
33,Male,Fraud,Secondary,80,11,3,2,56.8
56,Male,Burglary,Preparatory,45,11,1,2,41.8
41,Male,Theft,Secondary,8,8,1,1,33.6
57,Male,Drug Offense,Preparatory,58,13,0,0,42.5
44,Male,Theft,Preparatory,24,12,4,1,61.3
42,Male,Drug Offense,Preparatory,75,11,1,0,44.1
23,Male,Assault,Secondary,38,18,8,6,100.0
62,Male,Assault,Preparatory,42,7,0,0,41.7
45,Male,Fraud,Literate,63,11,3,0,50.0
42,Female,Assault,Primary,27,9,3,0,52.1
41,Male,Burglary,Illiterate,46,7,1,1,49.0
51,Male,Robbery,Postgraduate education,57,9,2,1,45.3
64,Male,Drug Offense,Bachelor's,48,7,0,0,34.5
60,Male,Theft,Primary,28,7,1,1,36.3
42,Male,Assault,Secondary,24,7,0,1,46.9
36,Female,Theft,Secondary,29,13,3,3,57.4
24,Male,Burglary,Secondary,35,9,3,2,61.0
29,Male,Burglary,Secondary,46,7,1,1,32.1
65,Male,Cybercrime,Preparatory,36,11,0,0,35.3
19,Male,Fraud,Preparatory,84,16,1,4,79.7
42,Male,Weapons Offense,Bachelor's,51,14,4,3,74.4
42,Male,Arson,Primary,39,12,2,0,51.8
35,Male,Assault,Secondary,106,8,3,2,61.0
32,Male,Burglary,Bachelor's,60,13,4,3,63.5
40,Male,Burglary,Bachelor's,61,8,3,2,47.5
63,Female,Drug Offense,Secondary,33,13,3,4,70.2
48,Female,Fraud,Secondary,47,10,0,0,27.5
22,Male,Robbery,Preparatory,123,14,3,2,85.2
27,Male,Theft,Preparatory,11,11,3,0,49.6
50,Male,Assault,Preparatory,26,18,2,6,92.3
23,Male,Assault,Secondary,75,11,3,3,81.3
59,Male,Vandalism,Primary,31,9,1,2,49.5
51,Male,Vandalism,Secondary,19,12,3,2,48.5
54,Male,Robbery,Secondary,115,9,3,2,61.5
56,Male,Burglary,Bachelor's,18,9,0,0,24.5
49,Male,Robbery,Bachelor's,137,12,3,3,69.4
39,Female,Fraud,Secondary,82,13,3,0,51.8
57,Male,Theft,Bachelor's,3,9,2,2,34.8
45,Male,Burglary,Secondary,66,13,3,4,72.0
63,Male,Cybercrime,Illiterate,32,5,1,0,32.3
30,Male,Burglary,Preparatory,35,7,1,1,52.3
40,Male,Burglary,Bachelor's,38,9,3,0,47.8
24,Male,Robbery,Preparatory,98,6,1,0,50.9
53,Male,Theft,Bachelor's,16,5,1,1,17.7
51,Male,Sexual Offense,Secondary,109,10,3,1,58.1
43,Male,Weapons Offense,Secondary,38,6,0,0,34.8
31,Male,Theft,Illiterate,34,8,1,2,51.8
40,Male,Drug Offense,Literate,61,10,3,2,72.9
32,Male,Sexual Offense,Preparatory,126,4,1,0,52.3
33,Male,Drug Offense,Preparatory,46,13,0,2,55.4
55,Male,Vandalism,Primary,6,7,2,0,34.7
33,Male,Burglary,Primary,30,13,0,4,75.8
41,Male,Robbery,Primary,124,9,2,2,62.4
44,Female,Vandalism,Primary,10,8,1,0,29.7
27,Male,Robbery,Secondary,113,7,2,0,57.0
58,Male,Weapons Offense,Secondary,67,15,6,1,69.3
24,Male,Robbery,Bachelor's,125,11,1,3,76.2
65,Male,Murder,Bachelor's,310,13,4,0,80.0
49,Male,Cybercrime,Bachelor's,12,10,4,0,36.0
63,Female,Sexual Offense,Preparatory,105,8,1,2,63.3
25,Male,Fraud,Secondary,45,8,2,2,59.0
40,Male,Vandalism,Secondary,19,11,3,2,47.5
38,Male,Robbery,Primary,42,13,1,2,66.9
56,Male,Cybercrime,Secondary,44,9,3,0,33.5
43,Male,Kidnapping,Secondary,279,9,0,1,61.3
20,Male,Assault,Secondary,70,9,2,1,56.3
55,Male,Theft,Primary,5,11,3,1,36.8
53,Female,Drug Offense,Bachelor's,25,9,0,2,36.1
47,Male,Arson,Primary,119,15,2,0,63.1
23,Male,Assault,Illiterate,50,12,1,1,74.1
31,Female,Assault,Bachelor's,81,8,3,2,61.3
19,Male,Theft,Preparatory,17,11,2,3,66.0
63,Male,Theft,Bachelor's,22,5,1,0,13.0
26,Male,Drug Offense,Secondary,46,10,3,3,66.9
24,Male,Assault,Secondary,116,8,3,1,59.4
32,Male,Theft,Secondary,18,13,5,3,72.3
29,Male,Assault,Primary,25,15,4,1,76.6
24,Female,Theft,Secondary,21,11,4,3,70.8
35,Male,Arson,Secondary,70,12,1,2,51.8
27,Male,Drug Offense,Literate,47,8,3,0,50.6
33,Male,Arson,Illiterate,112,11,1,1,70.4
37,Male,Fraud,Bachelor's,23,9,0,0,18.2
25,Male,Assault,Secondary,67,9,3,2,72.7
44,Female,Theft,Secondary,21,8,0,0,29.1
24,Male,Fraud,Secondary,20,8,3,2,57.4
30,Male,Robbery,Bachelor's,53,6,2,1,45.5
37,Male,Public Order,Secondary,20,10,4,1,50.9
21,Male,Vandalism,Preparatory,7,14,1,3,69.3
60,Female,Arson,Illiterate,61,14,0,1,61.2
38,Male,Drug Offense,Primary,85,10,0,3,66.2
55,Female,Theft,Bachelor's,18,9,0,0,21.7
48,Male,Fraud,Secondary,66,4,1,0,28.3
56,Male,Burglary,Primary,26,9,3,1,51.0
52,Male,Murder,Illiterate,213,13,3,4,100.0
58,Male,Vandalism,Primary,4,16,5,0,52.1
57,Male,Vandalism,Primary,20,12,0,1,42.0
59,Male,Theft,Illiterate,30,6,1,0,31.2
61,Male,Kidnapping,Primary,168,11,4,0,64.6
30,Male,Drug Offense,Preparatory,41,11,2,0,47.4
33,Male,Assault,Literate,118,7,0,0,54.6
51,Male,Weapons Offense,Primary,28,15,4,0,63.8
50,Male,Vandalism,Secondary,14,11,3,2,52.2
36,Male,Murder,Preparatory,248,11,2,1,71.6
53,Male,Theft,Primary,24,11,0,1,40.8
19,Male,Fraud,Postgraduate education,83,11,1,0,35.4
58,Female,Assault,Secondary,71,7,0,1,39.8
56,Male,Public Order,Preparatory,21,9,2,1,38.2
18,Male,Assault,Bachelor's,78,5,1,1,49.6
36,Male,Robbery,Illiterate,96,12,4,1,74.0
43,Male,Burglary,Literate,47,15,2,5,87.2
51,Male,Theft,Secondary,40,4,1,0,23.3
39,Male,Murder,Bachelor's,288,10,1,3,75.3
35,Female,Kidnapping,Secondary,222,9,3,0,59.9
60,Male,Public Order,Preparatory,19,10,4,2,50.7
52,Male,Burglary,Illiterate,56,9,0,1,45.2
24,Male,Vandalism,Secondary,30,11,1,3,57.3
55,Male,Vandalism,Secondary,8,13,1,4,60.2
23,Male,Arson,Secondary,69,8,2,0,43.8
63,Female,Assault,Primary,85,7,0,1,45.7
40,Male,Sexual Offense,Illiterate,182,7,2,0,60.3
22,Male,Assault,Bachelor's,111,12,3,2,75.8
24,Male,Drug Offense,Primary,35,10,0,3,74.0
31,Male,Burglary,Postgraduate education,51,9,1,2,47.2
58,Female,Murder,Primary,322,14,3,2,79.6
38,Male,Theft,Primary,29,8,3,2,51.4
44,Male,Murder,Bachelor's,428,6,1,1,54.9
39,Male,Theft,Secondary,19,10,2,3,55.0
29,Male,Assault,Preparatory,113,14,0,3,76.9
52,Male,Cybercrime,Secondary,13,10,3,3,51.0
37,Female,Vandalism,Primary,18,14,5,0,55.3
52,Male,Sexual Offense,Preparatory,140,8,1,2,59.6
42,Female,Robbery,Postgraduate education,45,17,5,4,80.6
58,Male,Arson,Preparatory,72,8,1,1,46.1
54,Male,Kidnapping,Bachelor's,133,7,2,0,44.8
60,Male,Robbery,Primary,38,8,3,1,57.0
64,Male,Theft,Illiterate,12,11,1,2,47.6
46,Male,Fraud,Primary,38,9,1,1,44.6
18,Male,Drug Offense,Preparatory,59,14,2,3,76.6
27,Female,Weapons Offense,Preparatory,68,10,2,3,69.3
51,Male,Assault,Bachelor's,73,8,1,0,42.4
38,Male,Theft,Primary,30,14,1,0,42.1
31,Male,Drug Offense,Primary,88,9,2,2,68.4
34,Male,Vandalism,Preparatory,18,6,1,1,46.8
32,Male,Theft,Postgraduate education,15,11,0,1,31.6
32,Male,Drug Offense,Illiterate,18,8,0,0,46.4
46,Female,Vandalism,Bachelor's,22,10,0,3,39.6
35,Male,Assault,Bachelor's,46,15,2,1,57.6
61,Male,Theft,Primary,28,8,0,1,28.1
46,Male,Sexual Offense,Preparatory,237,9,0,1,61.4
56,Male,Assault,Secondary,71,12,5,3,73.6
57,Male,Robbery,Primary,72,7,2,0,46.1
50,Male,Theft,Primary,15,12,5,3,58.1
46,Male,Vandalism,Bachelor's,4,11,4,3,54.7
33,Male,Assault,Secondary,60,7,1,0,34.8
19,Male,Theft,Bachelor's,33,11,4,1,47.5
44,Male,Theft,Secondary,25,9,1,1,40.3
30,Male,Theft,Secondary,16,18,5,5,92.4
59,Male,Theft,Secondary,5,14,1,0,29.2
59,Male,Murder,Primary,197,8,0,2,65.0
44,Male,Fraud,Preparatory,42,10,3,1,52.9
65,Male,Robbery,Primary,138,7,1,1,43.6
39,Male,Assault,Primary,47,8,1,1,56.5
30,Male,Theft,Preparatory,5,7,0,0,36.2
58,Male,Weapons Offense,Secondary,28,10,0,2,42.9
34,Male,Vandalism,Secondary,8,9,0,1,37.1
22,Male,Burglary,Primary,60,8,2,2,67.7
60,Male,Assault,Illiterate,112,10,2,1,61.3
56,Male,Drug Offense,Preparatory,52,10,4,1,56.9
23,Male,Theft,Bachelor's,35,15,3,1,56.4
31,Male,Assault,Bachelor's,75,8,1,1,48.6
45,Male,Kidnapping,Preparatory,228,8,0,2,70.1
23,Male,Arson,Preparatory,98,9,2,1,67.8
60,Male,Sexual Offense,Secondary,201,10,3,0,62.0
43,Male,Vandalism,Bachelor's,12,12,1,3,47.9
63,Male,Kidnapping,Secondary,214,4,1,0,48.5
43,Male,Drug Offense,Preparatory,79,7,2,1,47.0
59,Male,Robbery,Literate,65,8,3,1,64.5
62,Male,Sexual Offense,Secondary,143,7,2,0,48.6
49,Male,Robbery,Illiterate,71,11,3,3,77.3
48,Male,Drug Offense,Preparatory,31,18,4,2,76.5
22,Male,Fraud,Primary,23,10,4,1,65.8
52,Male,Theft,Preparatory,31,8,0,1,25.6
33,Male,Drug Offense,Illiterate,70,6,2,0,54.8
64,Male,Robbery,Primary,74,16,6,4,94.2
37,Male,Theft,Primary,19,8,3,2,56.7
36,Male,Weapons Offense,Secondary,45,11,2,2,64.8
64,Male,Assault,Secondary,69,10,4,0,52.0
23,Male,Kidnapping,Secondary,224,4,1,0,44.5
44,Male,Cybercrime,Preparatory,25,6,2,1,38.9
24,Male,Public Order,Bachelor's,3,6,1,1,34.2
50,Male,Theft,Primary,26,11,3,1,43.4
30,Male,Weapons Offense,Preparatory,64,9,2,2,68.3
52,Male,Fraud,Bachelor's,79,6,0,1,27.9
52,Male,Burglary,Literate,47,11,3,2,56.5
56,Male,Cybercrime,Secondary,9,6,1,1,32.4
54,Male,Sexual Offense,Secondary,115,10,1,2,63.8
28,Female,Murder,Preparatory,364,9,3,1,74.5
51,Male,Public Order,Literate,15,10,4,0,34.9
40,Male,Burglary,Preparatory,72,11,0,2,54.8
24,Male,Robbery,Secondary,109,12,0,0,59.4
23,Male,Sexual Offense,Illiterate,110,5,1,1,69.9
30,Female,Theft,Primary,27,6,1,1,40.7
30,Male,Sexual Offense,Postgraduate education,140,6,1,0,42.6
37,Female,Theft,Secondary,26,11,2,1,50.8
54,Male,Vandalism,Postgraduate education,6,11,1,3,34.9
55,Male,Theft,Illiterate,23,17,0,2,58.1
27,Male,Burglary,Illiterate,17,6,0,1,37.4
36,Male,Theft,Primary,24,8,1,1,37.7
59,Male,Burglary,Illiterate,16,12,0,2,49.8
38,Male,Burglary,Secondary,30,9,3,0,40.1
18,Male,Assault,Secondary,36,8,0,0,50.8
21,Male,Cybercrime,Preparatory,45,6,2,0,42.1
53,Male,Arson,Primary,88,9,2,2,54.9
65,Male,Assault,Secondary,63,14,0,4,67.8
38,Female,Robbery,Secondary,130,12,0,1,52.0
29,Male,Theft,Preparatory,42,10,0,0,35.1
56,Male,Theft,Preparatory,46,10,1,3,41.5
23,Female,Weapons Offense,Secondary,26,9,0,1,52.2
44,Female,Weapons Offense,Secondary,72,8,0,1,39.9
62,Male,Theft,Bachelor's,47,13,1,1,36.7
64,Male,Theft,Secondary,11,9,0,1,32.2
65,Male,Assault,Preparatory,88,5,1,1,45.7
26,Male,Theft,Secondary,25,15,0,2,52.0
58,Male,Drug Offense,Preparatory,91,13,0,3,63.5
54,Male,Public Order,Illiterate,7,9,1,0,40.2
58,Male,Murder,Bachelor's,224,16,0,1,57.8
65,Male,Fraud,Primary,57,13,5,2,63.2
49,Male,Theft,Secondary,6,7,1,0,28.4
63,Male,Theft,Illiterate,44,14,4,2,68.7
60,Male,Vandalism,Secondary,34,10,0,1,30.3
65,Male,Vandalism,Secondary,10,8,3,1,28.0
27,Male,Theft,Primary,48,10,4,0,54.6
20,Male,Public Order,Bachelor's,21,11,4,2,54.7
19,Male,Theft,Secondary,36,11,4,3,72.3
43,Male,Fraud,Primary,15,14,6,1,70.3
29,Male,Vandalism,Primary,29,8,1,2,47.3
40,Male,Cybercrime,Primary,57,9,3,0,44.2
43,Male,Drug Offense,Primary,86,17,6,4,90.7
19,Male,Theft,Preparatory,40,9,3,2,57.3
50,Male,Fraud,Secondary,38,11,3,2,55.3
20,Male,Fraud,Secondary,57,8,1,2,54.1
45,Male,Burglary,Secondary,45,15,2,5,82.0
50,Female,Assault,Bachelor's,68,14,4,2,69.8
45,Male,Weapons Offense,Secondary,54,7,2,0,33.4
22,Male,Drug Offense,Illiterate,94,11,1,1,66.5
26,Female,Theft,Secondary,8,11,4,2,61.6
24,Male,Cybercrime,Secondary,6,12,0,2,52.2
35,Male,Murder,Secondary,408,9,3,1,70.6
23,Male,Drug Offense,Primary,14,13,5,0,71.1
31,Male,Arson,Secondary,102,11,0,1,53.0
55,Male,Arson,Secondary,107,8,3,0,47.8
28,Female,Murder,Primary,242,12,4,3,100.0
34,Male,Murder,Illiterate,365,7,0,0,73.1
32,Male,Theft,Primary,25,11,0,1,49.4
23,Female,Fraud,Primary,19,13,1,1,58.8
54,Male,Burglary,Secondary,37,8,1,1,35.4
49,Male,Murder,Bachelor's,444,10,3,3,91.5
43,Male,Assault,Secondary,66,12,5,0,62.5
42,Male,Theft,Bachelor's,26,15,6,5,79.3
60,Female,Assault,Primary,44,16,2,4,84.9
51,Female,Sexual Offense,Bachelor's,124,11,4,3,79.7
51,Male,Burglary,Primary,39,13,5,4,80.6
50,Male,Assault,Secondary,111,14,5,2,62.5
45,Male,Fraud,Preparatory,14,10,1,2,44.1
57,Female,Robbery,Secondary,64,12,0,1,47.9
48,Female,Kidnapping,Secondary,267,10,0,2,73.8
48,Male,Theft,Primary,15,7,1,0,37.1
23,Female,Robbery,Primary,136,10,4,3,80.7
63,Male,Drug Offense,Bachelor's,91,13,2,2,54.9
49,Male,Sexual Offense,Postgraduate education,118,7,0,1,44.8
61,Male,Drug Offense,Postgraduate education,61,12,3,1,41.7
61,Female,Weapons Offense,Preparatory,65,7,2,0,37.1
25,Male,Drug Offense,Secondary,91,8,3,0,43.2
49,Male,Robbery,Primary,88,12,4,2,68.3
40,Male,Theft,Primary,44,10,4,0,49.2
45,Male,Theft,Preparatory,36,8,1,2,43.6
56,Male,Weapons Offense,Illiterate,30,5,0,0,35.2
54,Female,Fraud,Preparatory,35,5,1,0,26.4
21,Male,Fraud,Primary,16,15,4,0,62.9
23,Male,Robbery,Preparatory,117,8,1,2,63.5
27,Male,Robbery,Literate,71,9,0,0,48.1
52,Male,Burglary,Secondary,50,7,2,1,34.3
28,Male,Fraud,Illiterate,78,14,2,4,79.0
34,Male,Sexual Offense,Bachelor's,225,10,1,0,51.1
20,Male,Vandalism,Primary,22,7,0,1,48.7
53,Male,Vandalism,Primary,17,10,1,3,55.5
46,Male,Fraud,Bachelor's,63,11,1,2,46.5
43,Female,Assault,Bachelor's,65,5,1,1,37.6
34,Male,Cybercrime,Primary,43,9,1,0,49.3
27,Female,Theft,Bachelor's,34,8,3,0,40.1
35,Female,Vandalism,Preparatory,11,11,2,1,45.9
49,Male,Drug Offense,Secondary,62,12,1,2,56.9
62,Male,Robbery,Secondary,49,15,1,4,70.3
56,Male,Sexual Offense,Bachelor's,185,11,2,0,51.0
44,Male,Drug Offense,Secondary,76,13,1,0,47.3
41,Male,Burglary,Illiterate,68,15,1,0,60.6
40,Female,Sexual Offense,Bachelor's,151,10,2,1,64.7
53,Male,Theft,Preparatory,24,12,5,0,43.7
38,Male,Theft,Literate,14,15,4,4,80.1
44,Male,Weapons Offense,Preparatory,85,11,4,0,57.7
59,Male,Robbery,Preparatory,93,9,1,1,48.6
53,Male,Vandalism,Bachelor's,24,9,2,0,24.6
23,Male,Cybercrime,Secondary,12,14,0,2,57.3
56,Male,Assault,Preparatory,32,9,3,2,63.9
27,Male,Drug Offense,Primary,51,12,0,0,48.6
56,Male,Robbery,Secondary,90,6,2,0,39.0
35,Male,Burglary,Secondary,60,11,3,2,63.2
33,Male,Drug Offense,Secondary,72,6,0,0,40.5
35,Male,Assault,Preparatory,64,4,1,0,36.9
55,Female,Assault,Preparatory,62,12,1,2,52.0
64,Male,Drug Offense,Secondary,93,16,1,0,47.9
37,Male,Arson,Preparatory,120,11,1,2,60.2
49,Male,Vandalism,Secondary,14,9,0,0,29.8
27,Male,Vandalism,Primary,6,7,0,0,27.6
49,Male,Weapons Offense,Primary,38,8,2,2,62.6
40,Male,Drug Offense,Preparatory,18,17,4,2,77.3
60,Male,Theft,Primary,19,10,3,2,53.8
47,Male,Burglary,Primary,28,12,0,2,56.7
33,Male,Vandalism,Secondary,33,10,0,2,43.1
26,Male,Weapons Offense,Preparatory,88,11,2,1,62.6
39,Male,Theft,Primary,44,11,4,3,70.3
64,Male,Robbery,Preparatory,78,21,8,3,92.7
59,Male,Burglary,Secondary,21,9,0,1,35.8
33,Male,Assault,Postgraduate education,68,7,1,0,30.4
53,Male,Arson,Secondary,80,13,3,3,70.6
49,Male,Robbery,Preparatory,100,15,3,5,96.9
24,Male,Fraud,Literate,79,12,2,3,77.2
34,Male,Theft,Primary,13,8,0,2,50.8
33,Male,Kidnapping,Secondary,283,7,2,1,68.7
37,Male,Robbery,Preparatory,68,5,1,1,40.9
43,Male,Public Order,Preparatory,23,7,0,0,29.5
24,Male,Public Order,Secondary,16,15,2,5,79.6
64,Male,Vandalism,Primary,21,8,0,0,28.2
25,Male,Sexual Offense,Secondary,106,6,0,0,48.1
51,Male,Assault,Primary,115,8,0,1,53.2
43,Male,Assault,Primary,73,4,0,0,36.3
24,Male,Assault,Secondary,27,16,7,3,95.4
60,Male,Arson,Preparatory,40,7,1,1,46.6
42,Male,Vandalism,Primary,5,3,0,0,26.0
49,Male,Sexual Offense,Literate,231,9,2,0,62.5
38,Male,Theft,Bachelor's,12,9,2,2,33.0
25,Male,Fraud,Secondary,42,9,2,1,45.7
60,Male,Vandalism,Secondary,31,7,0,0,16.4
43,Male,Fraud,Primary,66,5,0,0,28.8
49,Female,Fraud,Secondary,57,13,1,4,65.5
63,Male,Fraud,Preparatory,70,13,4,2,55.3
26,Male,Assault,Primary,34,8,1,2,61.3
31,Male,Fraud,Literate,36,9,3,0,53.4
57,Male,Robbery,Illiterate,95,8,1,0,47.2
37,Male,Drug Offense,Postgraduate education,41,7,2,0,30.1
45,Male,Drug Offense,Primary,73,13,3,4,76.9
63,Male,Murder,Preparatory,212,14,6,1,86.9
62,Male,Public Order,Primary,22,10,4,1,42.6
18,Male,Weapons Offense,Secondary,53,10,4,1,79.5
41,Male,Assault,Preparatory,43,14,5,2,80.2
42,Male,Assault,Postgraduate education,67,7,1,0,41.2
29,Female,Drug Offense,Primary,72,14,1,1,59.6
55,Female,Sexual Offense,Secondary,132,7,1,0,41.1
50,Male,Assault,Preparatory,98,10,1,3,64.6
24,Male,Theft,Literate,15,8,3,2,62.3
28,Male,Drug Offense,Literate,32,8,0,0,42.8
42,Male,Theft,Preparatory,44,14,3,0,43.2
52,Male,Public Order,Bachelor's,20,9,3,1,33.0
37,Male,Arson,Primary,69,13,0,2,63.8
58,Male,Fraud,Preparatory,39,14,0,0,40.5
29,Male,Vandalism,Primary,7,9,3,1,49.1
25,Male,Vandalism,Secondary,24,9,0,1,35.7
23,Male,Weapons Offense,Primary,26,10,0,1,60.3
61,Male,Theft,Secondary,44,16,7,0,54.8
59,Male,Sexual Offense,Primary,205,15,4,0,80.7
50,Male,Theft,Secondary,20,9,1,0,34.3
49,Female,Robbery,Secondary,57,8,2,1,45.8
19,Female,Robbery,Preparatory,61,10,2,0,57.7
33,Male,Public Order,Bachelor's,4,16,5,1,61.0
29,Male,Murder,Bachelor's,185,9,0,1,64.9
30,Male,Assault,Secondary,61,6,2,1,56.5
47,Female,Theft,Secondary,29,7,1,1,31.5
60,Male,Assault,Postgraduate education,54,12,0,2,48.2
47,Male,Kidnapping,Preparatory,243,6,0,1,62.7
44,Male,Drug Offense,Illiterate,65,12,5,1,74.7
29,Female,Assault,Illiterate,93,10,1,0,62.2
51,Male,Fraud,Illiterate,50,9,1,0,45.1
24,Male,Vandalism,Primary,17,10,2,1,52.6
60,Male,Vandalism,Secondary,28,14,2,2,47.9
34,Male,Assault,Literate,102,16,5,1,85.4
23,Male,Robbery,Bachelor's,132,7,0,1,48.4
32,Male,Theft,Secondary,19,4,1,0,29.3
54,Male,Murder,Secondary,429,16,3,3,92.1
59,Male,Robbery,Primary,120,11,0,2,56.7
25,Male,Drug Offense,Secondary,27,5,0,0,34.8
53,Male,Cybercrime,Secondary,12,13,0,4,54.7
30,Male,Murder,Secondary,417,7,0,0,61.0
18,Male,Burglary,Postgraduate education,71,15,6,1,68.1
33,Male,Burglary,Bachelor's,58,9,2,2,47.9
26,Male,Fraud,Literate,12,12,4,3,74.7
26,Male,Assault,Secondary,120,16,6,2,84.9
19,Male,Assault,Preparatory,59,11,3,1,76.6
50,Male,Cybercrime,Bachelor's,20,13,3,0,36.3
30,Male,Fraud,Primary,76,10,4,2,62.8
37,Male,Vandalism,Secondary,3,12,5,2,58.5
44,Male,Burglary,Secondary,66,8,0,2,39.8
23,Male,Robbery,Primary,109,12,5,3,100.0
31,Male,Sexual Offense,Literate,137,6,1,1,72.5
65,Male,Theft,Secondary,8,13,0,3,38.0
27,Female,Burglary,Illiterate,33,9,3,0,53.5
41,Male,Drug Offense,Secondary,84,4,0,0,31.6
55,Male,Burglary,Secondary,67,4,1,0,24.4
56,Male,Assault,Preparatory,86,8,0,0,36.4
62,Male,Theft,Preparatory,31,6,2,0,35.4
21,Female,Robbery,Literate,125,11,1,1,67.6
42,Male,Theft,Preparatory,37,9,1,2,47.4
32,Male,Drug Offense,Secondary,38,8,3,1,59.2
33,Male,Murder,Literate,465,10,3,1,94.7
47,Male,Fraud,Preparatory,67,8,1,0,36.7
21,Male,Robbery,Primary,119,10,1,1,72.1
63,Female,Vandalism,Preparatory,17,13,2,1,44.0
23,Male,Assault,Primary,53,14,1,0,67.0
32,Male,Murder,Preparatory,411,9,3,1,93.0
39,Female,Public Order,Bachelor's,9,6,0,1,24.6
39,Male,Theft,Secondary,37,10,0,2,40.5
20,Male,Sexual Offense,Postgraduate education,151,7,1,1,63.3
25,Male,Public Order,Preparatory,11,13,3,0,46.4
36,Male,Theft,Secondary,40,8,1,0,34.3
41,Male,Sexual Offense,Primary,218,8,3,2,78.8
44,Male,Theft,Illiterate,39,5,1,1,45.9
48,Male,Cybercrime,Preparatory,49,12,4,2,62.7
65,Male,Fraud,Literate,84,12,5,2,68.4
47,Male,Fraud,Secondary,49,7,2,0,28.1
50,Male,Weapons Offense,Secondary,50,11,1,2,60.5
55,Male,Assault,Bachelor's,72,11,4,2,59.0
51,Male,Kidnapping,Illiterate,231,12,5,0,72.9
42,Male,Sexual Offense,Primary,200,11,1,1,74.7
22,Male,Theft,Preparatory,38,4,0,0,23.7
48,Male,Arson,Preparatory,92,8,1,0,49.7
47,Male,Fraud,Illiterate,38,6,0,1,39.0
54,Male,Vandalism,Literate,17,4,0,0,21.2
49,Male,Burglary,Secondary,60,6,2,0,30.9
46,Male,Vandalism,Illiterate,31,11,2,2,55.3
33,Female,Theft,Secondary,29,16,3,1,57.3
29,Male,Vandalism,Preparatory,13,13,4,0,52.0
36,Male,Burglary,Secondary,61,6,1,1,41.1
33,Male,Theft,Secondary,17,14,2,2,59.7
34,Male,Theft,Preparatory,48,9,1,1,48.7
19,Male,Public Order,Preparatory,9,13,4,4,78.3
63,Male,Weapons Offense,Preparatory,68,14,5,1,65.0
59,Male,Fraud,Preparatory,62,11,1,2,42.0
38,Male,Drug Offense,Illiterate,76,7,1,1,54.3
39,Male,Sexual Offense,Illiterate,193,7,2,0,63.6
34,Male,Cybercrime,Secondary,24,14,6,2,71.2
52,Male,Weapons Offense,Primary,38,8,3,1,53.0
55,Male,Arson,Preparatory,37,7,1,0,34.9
34,Male,Fraud,Primary,30,11,4,3,64.1
51,Male,Robbery,Postgraduate education,88,10,1,3,45.5
37,Female,Fraud,Secondary,73,7,1,1,34.7
53,Male,Public Order,Secondary,21,9,2,1,28.7
46,Male,Theft,Primary,17,8,2,0,38.1
64,Male,Theft,Literate,7,7,0,0,25.1
48,Male,Cybercrime,Secondary,51,15,3,4,69.2
38,Male,Public Order,Bachelor's,19,10,0,1,31.7
54,Male,Assault,Preparatory,91,9,0,2,49.6
48,Male,Cybercrime,Preparatory,58,8,0,2,46.1
62,Male,Vandalism,Secondary,26,6,2,0,31.2
44,Male,Vandalism,Preparatory,28,14,3,0,45.7
37,Male,Assault,Primary,47,7,1,0,44.7
52,Male,Theft,Illiterate,23,13,1,2,51.5
23,Male,Burglary,Preparatory,33,13,3,1,67.0
61,Male,Weapons Offense,Literate,44,8,0,1,48.5
64,Male,Arson,Illiterate,98,8,0,2,55.9
41,Male,Weapons Offense,Illiterate,59,8,1,2,58.5
51,Male,Theft,Bachelor's,7,10,1,3,35.6
21,Male,Robbery,Preparatory,95,12,4,1,71.4
38,Male,Theft,Illiterate,13,4,0,0,27.9
43,Male,Murder,Primary,267,12,2,0,73.1
21,Male,Sexual Offense,Illiterate,232,7,1,0,66.1
39,Male,Murder,Bachelor's,276,8,0,0,49.1
30,Male,Public Order,Preparatory,16,6,2,0,28.9
27,Female,Drug Offense,Primary,80,14,5,1,71.7
63,Male,Assault,Secondary,57,13,2,4,72.6
39,Male,Drug Offense,Primary,63,9,2,1,55.4
49,Male,Kidnapping,Preparatory,248,6,1,0,50.0
63,Male,Drug Offense,Illiterate,58,11,1,2,60.1
20,Male,Murder,Preparatory,427,10,1,3,90.0
60,Male,Drug Offense,Primary,85,12,3,3,67.8
26,Male,Vandalism,Literate,25,14,0,4,68.9
26,Male,Sexual Offense,Postgraduate education,211,9,0,1,54.6
18,Male,Murder,Bachelor's,424,10,4,2,91.2
55,Male,Burglary,Bachelor's,33,8,3,1,41.8
52,Female,Drug Offense,Preparatory,53,13,2,0,42.3
25,Male,Vandalism,Secondary,31,8,0,0,32.3
23,Male,Burglary,Illiterate,62,11,0,0,55.4
47,Male,Weapons Offense,Primary,38,8,2,0,53.4
37,Female,Robbery,Secondary,141,4,1,0,35.4
33,Male,Theft,Literate,41,7,1,1,47.7
23,Male,Murder,Secondary,271,12,3,3,92.0
37,Male,Public Order,Postgraduate education,16,7,2,1,26.1
64,Male,Arson,Secondary,95,6,2,1,41.6
48,Male,Arson,Primary,117,9,1,0,52.7
37,Male,Cybercrime,Bachelor's,45,9,1,2,43.8
47,Male,Burglary,Postgraduate education,36,9,3,0,28.4
41,Male,Robbery,Preparatory,127,10,0,0,40.9
37,Male,Assault,Secondary,29,8,1,1,51.8
28,Male,Murder,Secondary,295,8,0,1,71.9
35,Female,Drug Offense,Secondary,28,11,4,2,64.3
36,Male,Cybercrime,Postgraduate education,46,15,1,3,54.3
19,Male,Murder,Illiterate,213,11,1,1,88.7
44,Male,Assault,Preparatory,40,8,2,2,63.6
36,Female,Fraud,Secondary,29,15,4,0,47.6
26,Male,Drug Offense,Bachelor's,40,10,0,2,53.3
44,Male,Burglary,Secondary,17,4,1,0,22.2
63,Female,Weapons Offense,Secondary,31,10,4,2,63.0
24,Male,Theft,Primary,48,9,0,1,46.6
25,Male,Burglary,Primary,31,11,2,3,73.0
22,Male,Public Order,Primary,19,6,0,1,38.2
18,Female,Drug Offense,Preparatory,28,13,0,1,64.9
57,Male,Burglary,Primary,45,13,2,1,58.0
65,Male,Vandalism,Literate,18,11,0,2,42.1
59,Male,Drug Offense,Secondary,73,8,2,0,43.3
48,Male,Theft,Primary,41,4,0,0,20.4
19,Male,Burglary,Secondary,22,7,1,0,37.5
65,Male,Sexual Offense,Primary,179,7,1,1,62.7
18,Male,Burglary,Secondary,13,13,5,3,82.5
54,Male,Public Order,Illiterate,10,10,4,2,56.0
47,Male,Cybercrime,Secondary,25,15,3,4,75.1
27,Male,Assault,Bachelor's,114,12,3,2,75.4
38,Male,Drug Offense,Illiterate,48,15,4,5,100.0
29,Male,Theft,Secondary,41,12,5,0,57.6
27,Male,Kidnapping,Secondary,233,8,2,1,78.9
41,Male,Robbery,Secondary,115,6,2,0,40.4
30,Male,Burglary,Secondary,49,10,3,2,61.7
19,Male,Vandalism,Secondary,14,11,0,1,43.6
62,Male,Assault,Secondary,52,14,6,1,64.7
39,Male,Burglary,Secondary,44,7,2,1,40.1
24,Female,Burglary,Bachelor's,26,9,1,1,43.9
35,Male,Drug Offense,Bachelor's,38,9,1,0,38.0
21,Male,Burglary,Primary,66,14,6,1,76.0
29,Male,Arson,Bachelor's,38,5,1,0,30.8
58,Male,Fraud,Secondary,70,12,5,1,53.3
28,Male,Burglary,Illiterate,70,9,0,2,56.8
22,Male,Theft,Bachelor's,23,13,1,3,62.2
24,Male,Assault,Illiterate,69,9,3,0,70.8
38,Male,Assault,Secondary,58,7,2,0,46.9
58,Female,Theft,Literate,44,7,0,0,28.2
61,Male,Weapons Offense,Preparatory,33,8,1,1,43.3
23,Male,Theft,Secondary,8,9,2,0,38.4
26,Male,Assault,Secondary,86,10,1,3,63.7
51,Male,Theft,Primary,25,15,4,1,56.0
19,Male,Kidnapping,Secondary,199,12,4,3,97.9
57,Female,Weapons Offense,Postgraduate education,84,7,2,0,35.3
25,Male,Assault,Secondary,69,12,1,0,48.8
49,Female,Cybercrime,Preparatory,57,11,3,0,41.8
32,Male,Assault,Secondary,59,10,0,3,66.1
44,Male,Vandalism,Preparatory,29,13,4,4,70.8
26,Male,Theft,Secondary,37,8,2,2,42.7
60,Male,Weapons Offense,Preparatory,64,10,0,3,56.7
26,Male,Arson,Preparatory,45,12,5,2,70.4
38,Male,Theft,Primary,38,11,0,3,50.3
60,Male,Vandalism,Secondary,29,3,0,0,12.1
56,Male,Cybercrime,Primary,49,10,2,3,62.0
31,Male,Assault,Bachelor's,88,12,1,2,58.8
20,Male,Drug Offense,Literate,22,12,4,2,81.2
36,Male,Fraud,Illiterate,18,9,3,2,58.6
64,Male,Theft,Bachelor's,36,11,1,0,26.0
50,Male,Assault,Primary,59,14,1,1,54.9
43,Male,Fraud,Primary,78,8,2,0,38.9
25,Male,Assault,Secondary,117,5,1,1,46.4
40,Male,Vandalism,Primary,29,8,0,2,42.4
56,Male,Fraud,Illiterate,60,12,1,1,49.7
39,Female,Arson,Preparatory,56,8,1,2,57.6
42,Male,Assault,Illiterate,43,15,5,5,100.0
63,Male,Vandalism,Secondary,10,6,2,1,25.2
61,Male,Cybercrime,Preparatory,46,10,3,1,46.2
30,Male,Fraud,Primary,71,4,1,0,29.9
51,Male,Sexual Offense,Secondary,232,14,0,0,59.7
32,Male,Fraud,Preparatory,78,6,1,0,38.9
56,Male,Public Order,Preparatory,21,9,1,1,31.9
34,Male,Robbery,Secondary,88,5,1,1,51.9
47,Female,Robbery,Preparatory,108,10,1,2,64.8
20,Female,Fraud,Preparatory,65,10,3,2,64.2
46,Male,Cybercrime,Primary,37,14,3,2,61.9
24,Male,Robbery,Preparatory,80,10,2,1,67.2
60,Male,Fraud,Preparatory,50,5,1,0,32.3
33,Female,Theft,Illiterate,43,5,1,1,38.4
59,Male,Murder,Literate,196,12,3,3,84.8
26,Male,Vandalism,Primary,24,10,4,3,63.2
31,Male,Assault,Preparatory,54,8,2,0,52.8
19,Male,Theft,Preparatory,38,12,0,2,51.1
48,Male,Vandalism,Bachelor's,9,6,1,1,22.7
41,Male,Assault,Literate,37,12,5,0,66.7
27,Male,Theft,Bachelor's,21,15,5,0,49.2
39,Male,Drug Offense,Postgraduate education,49,15,4,3,74.4
55,Female,Assault,Secondary,28,9,2,1,55.0
60,Male,Weapons Offense,Bachelor's,96,8,3,0,45.2
49,Male,Assault,Preparatory,85,6,2,0,43.5
26,Male,Theft,Primary,15,6,1,1,47.0
36,Male,Burglary,Secondary,13,9,0,0,31.8
19,Male,Robbery,Primary,114,13,1,3,90.9
37,Male,Burglary,Illiterate,56,10,3,2,64.6
63,Male,Assault,Secondary,106,9,0,2,58.8
44,Male,Robbery,Secondary,55,22,9,3,100.0
50,Male,Sexual Offense,Primary,229,9,3,0,73.3
56,Male,Theft,Primary,31,5,1,1,29.7
38,Male,Theft,Literate,18,12,1,3,67.2
20,Male,Cybercrime,Primary,29,9,0,0,46.8
42,Male,Assault,Bachelor's,37,12,3,0,51.4
29,Male,Drug Offense,Preparatory,17,10,2,2,61.4
34,Male,Assault,Secondary,88,10,0,2,54.5
18,Male,Fraud,Preparatory,81,11,2,3,69.2
25,Male,Burglary,Literate,45,16,0,1,61.8
53,Male,Robbery,Secondary,40,11,2,1,48.2
55,Male,Vandalism,Preparatory,23,5,1,0,22.2
26,Male,Drug Offense,Bachelor's,48,12,1,1,56.1
37,Male,Theft,Literate,19,17,6,0,63.6
62,Male,Burglary,Secondary,37,14,6,1,56.8
30,Male,Burglary,Preparatory,41,10,2,2,60.7
22,Male,Theft,Bachelor's,10,6,1,1,38.6
52,Male,Theft,Secondary,43,15,2,5,76.1
55,Male,Weapons Offense,Secondary,55,6,1,1,39.6
60,Male,Theft,Illiterate,19,7,2,1,45.6
47,Female,Vandalism,Bachelor's,10,11,0,3,46.5
24,Male,Vandalism,Secondary,23,7,0,1,30.0
42,Female,Drug Offense,Literate,50,8,1,2,53.8
64,Male,Murder,Secondary,288,10,3,3,80.0
36,Male,Theft,Primary,20,12,1,3,65.8
23,Male,Theft,Literate,38,11,1,2,62.5
58,Male,Theft,Postgraduate education,8,12,5,0,36.2
62,Male,Theft,Secondary,31,15,4,2,55.2
55,Male,Robbery,Preparatory,100,7,2,0,36.9
41,Male,Murder,Primary,204,8,1,2,66.3
42,Male,Robbery,Secondary,94,16,1,2,67.3
51,Male,Theft,Literate,25,7,0,1,31.7
42,Male,Assault,Bachelor's,43,7,0,1,33.7
47,Male,Public Order,Secondary,2,11,4,1,42.3
47,Male,Theft,Primary,31,9,1,0,45.5
34,Male,Drug Offense,Secondary,79,8,2,2,62.5
46,Male,Weapons Offense,Primary,37,7,1,0,49.1
63,Male,Kidnapping,Postgraduate education,193,12,3,0,50.4
23,Male,Drug Offense,Postgraduate education,21,11,0,2,52.6
18,Male,Theft,Literate,31,6,1,1,50.0
40,Male,Theft,Secondary,5,6,0,1,29.2
40,Male,Weapons Offense,Primary,28,11,4,1,60.4
23,Male,Assault,Preparatory,66,9,0,2,62.8
36,Male,Theft,Primary,28,19,1,4,80.0
20,Male,Robbery,Illiterate,92,10,0,3,75.3
36,Female,Fraud,Secondary,83,8,3,1,51.4
42,Male,Drug Offense,Secondary,87,17,7,0,67.8
35,Male,Assault,Preparatory,107,11,2,3,74.1
33,Male,Theft,Postgraduate education,32,12,2,2,42.6
47,Male,Theft,Preparatory,17,5,1,0,28.9
59,Male,Murder,Primary,281,10,0,0,55.7
30,Male,Weapons Offense,Preparatory,37,11,4,0,62.8
25,Female,Theft,Literate,48,6,0,0,32.2
45,Male,Public Order,Primary,1,14,5,1,56.8
28,Female,Robbery,Primary,139,14,6,3,87.9
40,Male,Drug Offense,Preparatory,41,10,4,1,53.7
32,Male,Drug Offense,Primary,84,9,2,0,51.3
64,Male,Sexual Offense,Primary,137,10,1,3,75.8
32,Male,Theft,Secondary,4,8,0,2,49.0
31,Male,Fraud,Bachelor's,19,6,0,1,32.3
37,Male,Vandalism,Secondary,27,11,1,3,55.6
58,Male,Fraud,Secondary,26,12,5,3,62.7
65,Male,Drug Offense,Preparatory,25,6,0,0,27.8
47,Male,Murder,Primary,398,19,8,6,100.0
62,Female,Robbery,Preparatory,128,16,0,3,68.7
27,Female,Burglary,Secondary,47,5,0,0,33.1
40,Male,Fraud,Primary,43,8,1,1,40.0
57,Male,Assault,Secondary,94,13,5,1,64.6
47,Male,Robbery,Illiterate,66,13,5,4,95.5
35,Male,Vandalism,Bachelor's,33,10,3,3,54.3
56,Male,Weapons Offense,Preparatory,70,4,1,0,31.1
41,Male,Theft,Bachelor's,23,12,0,3,44.7
47,Male,Theft,Secondary,27,12,1,1,44.1
26,Male,Fraud,Secondary,83,11,1,2,48.1
57,Male,Cybercrime,Secondary,31,11,3,3,49.4
37,Male,Vandalism,Preparatory,31,6,2,0,31.2
18,Male,Robbery,Postgraduate education,118,18,4,6,100.0
38,Male,Theft,Bachelor's,41,7,1,0,26.9
63,Male,Drug Offense,Preparatory,24,12,3,0,52.1
64,Male,Fraud,Bachelor's,31,8,3,1,36.2
41,Male,Drug Offense,Bachelor's,19,11,0,2,40.8
39,Male,Weapons Offense,Preparatory,30,5,0,1,44.2
18,Male,Theft,Bachelor's,10,11,3,2,60.0
60,Male,Theft,Secondary,30,19,0,5,67.9
22,Male,Vandalism,Preparatory,19,7,1,1,40.6
34,Female,Kidnapping,Secondary,140,14,3,2,84.2
26,Female,Vandalism,Illiterate,35,10,2,3,70.8
26,Male,Burglary,Bachelor's,54,13,1,2,59.5
42,Male,Drug Offense,Secondary,83,7,1,1,48.2
43,Male,Burglary,Bachelor's,16,13,4,1,52.9
21,Male,Robbery,Literate,122,9,2,2,75.3
47,Female,Burglary,Postgraduate education,66,12,3,2,49.2
41,Female,Sexual Offense,Illiterate,131,8,1,1,65.1
26,Female,Arson,Preparatory,53,8,1,2,60.1
26,Male,Burglary,Illiterate,58,15,0,5,84.0
43,Male,Theft,Preparatory,43,8,3,2,54.2
58,Male,Sexual Offense,Bachelor's,135,6,0,1,40.3
30,Male,Arson,Secondary,91,15,6,0,77.6
56,Male,Assault,Primary,104,12,1,1,60.0
57,Male,Fraud,Preparatory,47,11,2,3,52.5
18,Male,Theft,Secondary,45,7,1,0,41.4
22,Male,Kidnapping,Secondary,207,12,2,3,87.6
26,Male,Assault,Bachelor's,105,8,2,2,64.3
43,Male,Weapons Offense,Literate,54,9,2,2,66.3
47,Male,Drug Offense,Secondary,53,11,2,0,51.9
28,Female,Robbery,Bachelor's,89,12,5,3,75.6
34,Male,Drug Offense,Primary,43,7,1,1,53.1
65,Male,Arson,Secondary,91,11,0,0,34.0
50,Male,Public Order,Literate,10,3,0,0,14.7
32,Male,Assault,Illiterate,114,11,2,1,68.6
51,Male,Murder,Preparatory,350,13,1,0,63.6
38,Male,Drug Offense,Secondary,19,10,0,3,52.1
58,Female,Sexual Offense,Literate,219,13,2,1,71.3
51,Male,Drug Offense,Literate,57,8,3,2,56.3
54,Male,Theft,Secondary,20,15,3,2,61.0
42,Female,Assault,Literate,46,11,0,3,67.7
64,Female,Fraud,Illiterate,30,11,0,3,64.6
30,Male,Robbery,Preparatory,36,5,1,0,39.4
29,Male,Fraud,Secondary,84,8,2,2,52.2
49,Male,Burglary,Preparatory,70,11,0,2,44.9
54,Male,Vandalism,Postgraduate education,23,10,0,0,11.8
40,Male,Public Order,Secondary,9,10,2,3,56.1
64,Male,Drug Offense,Illiterate,73,10,4,1,68.4
61,Male,Fraud,Bachelor's,13,11,0,3,45.0
31,Male,Assault,Postgraduate education,74,12,4,3,78.2
59,Male,Assault,Literate,70,9,0,0,44.1
53,Male,Vandalism,Primary,4,11,1,2,44.2
18,Male,Fraud,Bachelor's,16,9,3,1,43.7
65,Female,Sexual Offense,Secondary,138,10,1,0,42.8
58,Male,Drug Offense,Literate,71,9,3,2,59.3
32,Female,Vandalism,Literate,10,13,1,1,50.9
20,Female,Drug Offense,Preparatory,37,8,0,1,50.0
23,Male,Assault,Secondary,69,9,2,2,72.5
36,Male,Theft,Illiterate,11,19,8,2,94.9
18,Male,Assault,Illiterate,61,9,1,0,56.2
26,Male,Burglary,Secondary,39,12,3,0,47.9
61,Male,Assault,Secondary,50,7,2,1,51.3
58,Male,Theft,Secondary,23,12,5,1,54.8
40,Male,Drug Offense,Illiterate,58,12,3,1,66.8
23,Male,Theft,Primary,37,5,0,0,44.9
34,Male,Theft,Bachelor's,16,6,0,0,29.5
62,Male,Burglary,Illiterate,40,10,0,3,64.8
26,Male,Robbery,Literate,119,19,0,5,98.3
51,Male,Sexual Offense,Primary,165,10,2,2,69.9
61,Male,Vandalism,Primary,32,6,1,0,27.1
39,Male,Murder,Postgraduate education,473,10,0,0,64.8
27,Male,Murder,Bachelor's,237,10,0,1,61.2
44,Male,Burglary,Preparatory,69,8,2,0,37.9
45,Male,Vandalism,Preparatory,22,12,2,0,46.8
18,Male,Vandalism,Primary,20,9,3,2,59.0
34,Male,Theft,Illiterate,28,15,5,0,61.4
34,Male,Theft,Secondary,21,10,2,0,36.6
36,Male,Robbery,Illiterate,78,7,1,0,51.6
64,Male,Assault,Primary,98,8,2,1,48.5
44,Male,Burglary,Illiterate,20,10,4,1,57.8
36,Male,Fraud,Primary,14,8,2,1,49.4
59,Male,Vandalism,Secondary,29,7,1,1,29.6
24,Male,Arson,Literate,56,12,5,1,77.5
63,Male,Theft,Primary,13,11,2,0,37.3
26,Male,Public Order,Bachelor's,11,7,1,0,24.7
50,Male,Burglary,Preparatory,40,11,0,2,51.4
58,Male,Fraud,Primary,19,16,2,0,54.4
62,Male,Robbery,Postgraduate education,58,10,3,2,57.6
39,Male,Drug Offense,Secondary,17,9,2,1,45.4
24,Male,Weapons Offense,Secondary,65,12,3,1,73.1
38,Male,Assault,Primary,81,11,0,1,60.9
63,Male,Assault,Preparatory,52,8,2,2,57.3
23,Female,Robbery,Secondary,66,4,1,0,41.4
19,Male,Public Order,Secondary,18,13,3,0,44.7
50,Male,Arson,Preparatory,105,11,2,3,61.0
45,Male,Cybercrime,Bachelor's,58,11,1,3,47.1
26,Male,Public Order,Primary,23,12,1,2,50.2
39,Female,Arson,Secondary,82,15,6,1,70.7
56,Female,Theft,Secondary,25,8,1,2,38.5
54,Male,Robbery,Preparatory,113,8,0,1,42.3
23,Male,Burglary,Preparatory,49,9,1,2,61.1
53,Male,Sexual Offense,Secondary,215,7,0,0,52.0
44,Female,Assault,Primary,111,9,3,1,61.4
24,Male,Fraud,Secondary,57,8,1,1,40.5
51,Male,Weapons Offense,Illiterate,37,12,4,1,79.0
40,Male,Public Order,Primary,7,15,2,5,78.2
30,Male,Assault,Secondary,31,8,0,2,54.4
18,Female,Burglary,Preparatory,55,14,3,1,70.9
65,Male,Drug Offense,Secondary,78,8,0,1,37.1
55,Male,Burglary,Secondary,70,12,3,2,52.2
49,Male,Weapons Offense,Secondary,55,13,2,0,50.4
64,Male,Drug Offense,Secondary,85,9,0,2,51.1
56,Male,Theft,Bachelor's,24,11,3,1,34.8
62,Male,Theft,Secondary,17,11,3,3,50.0
31,Male,Assault,Secondary,90,3,0,0,32.4
61,Male,Vandalism,Preparatory,35,14,1,3,57.5
43,Male,Theft,Secondary,19,12,5,2,57.6
33,Female,Assault,Secondary,30,10,0,1,54.1
63,Female,Murder,Secondary,420,10,1,1,68.6
33,Male,Robbery,Secondary,114,8,2,2,57.2
64,Male,Robbery,Primary,95,13,4,3,74.4
61,Female,Drug Offense,Bachelor's,51,7,0,1,38.0
35,Male,Public Order,Preparatory,19,9,0,1,36.0
28,Male,Theft,Secondary,24,8,2,0,35.8
36,Male,Robbery,Preparatory,81,6,0,0,36.5
54,Male,Fraud,Bachelor's,45,7,0,1,31.2
33,Male,Drug Offense,Preparatory,90,12,5,2,77.0
51,Male,Drug Offense,Secondary,84,16,1,2,61.4
65,Male,Vandalism,Secondary,30,6,2,1,30.5
41,Male,Robbery,Preparatory,64,13,3,3,72.8
61,Male,Fraud,Postgraduate education,82,15,4,0,38.9
22,Male,Assault,Postgraduate education,51,15,3,4,81.4
37,Male,Assault,Bachelor's,50,10,0,3,54.5
21,Female,Drug Offense,Illiterate,71,11,2,2,79.6
47,Female,Theft,Bachelor's,43,12,0,2,52.3
30,Male,Theft,Secondary,34,10,3,2,62.0
50,Male,Fraud,Literate,36,8,0,2,45.1
30,Male,Assault,Primary,54,7,2,1,62.8
30,Male,Murder,Primary,463,15,1,4,100.0
39,Male,Theft,Primary,8,18,3,3,65.8
26,Female,Drug Offense,Preparatory,37,11,4,0,58.4
28,Male,Robbery,Secondary,78,14,6,3,90.6
25,Male,Assault,Primary,112,6,2,0,52.1
21,Male,Public Order,Primary,16,8,3,2,65.4
49,Male,Assault,Secondary,28,14,4,4,85.0
55,Male,Fraud,Preparatory,69,11,3,1,48.2
20,Female,Theft,Illiterate,10,6,2,1,55.6
48,Male,Burglary,Postgraduate education,28,12,3,1,36.8
41,Male,Vandalism,Secondary,10,5,0,1,23.8
28,Male,Murder,Bachelor's,227,11,4,0,76.9
58,Male,Drug Offense,Secondary,13,9,2,0,36.7
44,Male,Assault,Preparatory,43,9,0,2,53.2
28,Male,Weapons Offense,Secondary,54,6,2,1,51.7
59,Male,Theft,Preparatory,21,7,1,0,29.5
44,Male,Fraud,Secondary,44,14,2,3,65.0
41,Male,Vandalism,Primary,24,8,2,1,43.1
21,Male,Fraud,Secondary,66,7,2,0,45.0
18,Male,Assault,Preparatory,110,16,6,4,100.0
37,Female,Burglary,Secondary,43,10,1,0,35.6
44,Male,Burglary,Secondary,15,7,2,1,38.1
34,Male,Fraud,Illiterate,34,10,0,0,38.8
62,Male,Burglary,Secondary,58,9,0,0,27.6
60,Female,Vandalism,Bachelor's,30,9,1,1,27.3
54,Male,Weapons Offense,Primary,31,7,1,1,41.3
54,Male,Weapons Offense,Secondary,75,11,1,1,54.0
24,Male,Drug Offense,Preparatory,71,10,3,1,65.4
19,Female,Theft,Primary,9,17,2,5,91.2
29,Male,Burglary,Bachelor's,28,13,4,3,70.3
37,Male,Assault,Secondary,44,8,0,2,45.7
25,Male,Sexual Offense,Secondary,145,10,4,1,73.5
61,Male,Drug Offense,Primary,93,13,4,2,66.9
22,Male,Theft,Bachelor's,44,12,2,3,55.7
57,Male,Theft,Primary,4,13,4,1,52.4
48,Male,Burglary,Preparatory,67,10,2,3,58.0
21,Female,Theft,Literate,17,10,4,1,68.3
59,Male,Kidnapping,Primary,133,10,0,2,60.5
38,Male,Murder,Preparatory,457,15,2,2,93.7
52,Female,Vandalism,Bachelor's,12,12,5,1,42.5
21,Male,Theft,Secondary,36,16,0,2,53.6
62,Male,Theft,Illiterate,13,7,2,0,39.0
44,Female,Murder,Bachelor's,312,6,2,1,49.0
44,Male,Fraud,Secondary,29,13,2,2,52.3
65,Female,Assault,Illiterate,96,6,1,0,46.2
44,Male,Vandalism,Secondary,19,15,3,4,62.2
46,Male,Drug Offense,Bachelor's,55,8,2,0,37.0
29,Male,Burglary,Secondary,56,14,2,4,70.3
34,Male,Murder,Preparatory,187,15,4,5,100.0
46,Male,Sexual Offense,Secondary,202,9,1,0,62.1
38,Male,Assault,Bachelor's,79,6,0,1,36.8
23,Male,Drug Offense,Preparatory,70,15,3,4,96.0
27,Male,Theft,Preparatory,41,12,1,0,38.9
26,Male,Public Order,Bachelor's,22,12,5,2,54.4
64,Male,Drug Offense,Preparatory,27,6,2,1,42.5
46,Male,Fraud,Bachelor's,21,11,1,1,41.7
59,Male,Assault,Primary,117,8,3,2,60.3
63,Male,Assault,Secondary,33,14,4,1,61.2
62,Male,Drug Offense,Preparatory,72,11,1,1,50.6
54,Male,Drug Offense,Literate,86,13,0,1,56.3
51,Male,Theft,Literate,19,12,1,2,54.6
26,Male,Fraud,Postgraduate education,46,7,1,0,29.7
23,Male,Vandalism,Illiterate,8,13,2,4,87.3
57,Male,Robbery,Illiterate,92,11,1,0,48.9
18,Female,Theft,Illiterate,35,12,4,2,70.2
64,Male,Assault,Bachelor's,70,9,3,0,37.7
28,Male,Assault,Literate,31,12,1,1,63.7
48,Male,Theft,Primary,30,10,4,1,49.6
53,Male,Kidnapping,Secondary,235,6,1,1,59.5
62,Male,Weapons Offense,Preparatory,30,10,4,3,72.4
38,Female,Theft,Bachelor's,39,11,2,2,46.6
18,Male,Assault,Secondary,87,7,2,1,50.2
53,Male,Theft,Literate,26,6,1,1,30.6
21,Male,Drug Offense,Secondary,32,8,2,0,53.1
61,Male,Drug Offense,Secondary,91,10,0,3,56.0
29,Male,Theft,Secondary,42,12,5,2,59.7
48,Male,Drug Offense,Secondary,46,8,3,2,59.9
59,Male,Sexual Offense,Secondary,181,15,5,0,73.7
58,Male,Drug Offense,Primary,69,10,2,2,60.4
65,Male,Vandalism,Literate,12,12,2,0,39.4
42,Male,Drug Offense,Secondary,45,10,1,3,55.0
60,Male,Theft,Illiterate,21,7,2,0,48.8
25,Male,Sexual Offense,Preparatory,106,9,1,0,53.4
61,Male,Theft,Bachelor's,15,17,3,2,47.0
33,Male,Vandalism,Secondary,17,9,2,1,46.2
46,Male,Vandalism,Preparatory,31,10,0,1,29.3
42,Male,Kidnapping,Bachelor's,121,6,1,0,37.6
51,Male,Assault,Illiterate,82,7,2,1,56.5
37,Male,Theft,Preparatory,22,15,0,0,46.3
57,Male,Assault,Illiterate,58,6,1,1,54.0
55,Male,Assault,Primary,67,8,1,0,37.0
50,Male,Robbery,Illiterate,81,8,2,1,62.4
46,Male,Robbery,Secondary,109,10,2,0,57.7
53,Male,Burglary,Preparatory,27,9,1,0,32.1
38,Male,Assault,Secondary,36,11,1,1,48.4
25,Male,Public Order,Bachelor's,17,9,3,0,42.2
41,Male,Cybercrime,Postgraduate education,22,7,0,1,24.6
44,Male,Cybercrime,Secondary,48,6,1,1,34.2
64,Male,Burglary,Literate,27,10,3,3,60.1
40,Male,Fraud,Preparatory,38,10,4,2,51.8
21,Male,Assault,Secondary,107,14,0,1,62.1
35,Male,Vandalism,Illiterate,5,7,1,0,32.9
27,Male,Vandalism,Primary,25,11,1,0,38.7
57,Female,Assault,Bachelor's,25,9,0,2,45.7
39,Male,Robbery,Bachelor's,141,7,0,0,41.2
54,Male,Cybercrime,Preparatory,56,13,4,4,72.6
53,Male,Sexual Offense,Literate,112,7,2,1,71.6
36,Male,Drug Offense,Secondary,81,13,0,1,46.4
35,Male,Fraud,Primary,43,10,3,3,62.6
47,Female,Assault,Secondary,56,11,2,1,51.5
61,Male,Vandalism,Primary,19,13,5,1,55.2
45,Male,Burglary,Primary,15,6,2,1,45.1
35,Male,Theft,Bachelor's,14,5,1,1,28.7
45,Male,Weapons Offense,Preparatory,88,5,1,1,50.4
51,Male,Assault,Postgraduate education,91,15,6,2,72.3
47,Female,Robbery,Primary,101,9,0,1,48.1
34,Female,Arson,Postgraduate education,66,11,3,3,63.1
35,Male,Weapons Offense,Bachelor's,41,9,0,0,32.4
64,Female,Public Order,Postgraduate education,14,11,0,1,21.5
18,Male,Public Order,Preparatory,23,7,1,0,33.9
47,Male,Public Order,Postgraduate education,19,18,0,2,36.8
31,Male,Cybercrime,Preparatory,7,7,0,1,38.3
25,Male,Robbery,Postgraduate education,72,11,3,3,71.9
36,Male,Burglary,Secondary,54,22,4,3,84.4
40,Male,Weapons Offense,Illiterate,70,15,2,3,82.5
44,Male,Fraud,Secondary,42,15,5,0,57.8
21,Female,Vandalism,Illiterate,29,8,0,1,47.1
39,Male,Assault,Bachelor's,53,6,0,0,30.8
24,Male,Theft,Literate,43,5,1,1,47.6
37,Male,Theft,Bachelor's,46,10,2,1,43.9
29,Male,Weapons Offense,Secondary,86,11,1,1,59.0
22,Male,Drug Offense,Literate,50,9,1,0,58.9
47,Female,Fraud,Primary,20,9,2,1,48.2
24,Male,Theft,Secondary,3,12,3,3,60.4
49,Male,Burglary,Bachelor's,46,14,6,2,71.4
21,Female,Fraud,Primary,50,7,2,1,50.8
40,Male,Assault,Preparatory,72,13,5,4,87.8
32,Male,Robbery,Bachelor's,46,14,5,0,62.2
51,Female,Burglary,Bachelor's,55,11,1,0,27.7
51,Male,Theft,Bachelor's,45,9,3,1,39.4
51,Male,Fraud,Secondary,52,10,1,2,42.6
57,Male,Murder,Secondary,449,8,2,1,76.8
37,Male,Assault,Literate,112,10,3,3,81.1
52,Female,Assault,Illiterate,43,7,2,1,57.0
20,Male,Drug Offense,Bachelor's,33,14,6,3,88.0
57,Male,Cybercrime,Preparatory,56,13,2,4,61.1
64,Male,Burglary,Secondary,70,4,1,0,19.0
19,Male,Assault,Preparatory,79,7,1,1,59.2
36,Male,Assault,Bachelor's,85,13,5,1,69.9
52,Male,Assault,Secondary,108,13,0,2,50.2
39,Male,Theft,Preparatory,27,8,3,1,39.6
19,Male,Theft,Preparatory,33,11,1,3,60.6
46,Male,Vandalism,Preparatory,8,16,2,3,62.8
65,Male,Burglary,Preparatory,64,8,3,2,49.5
32,Male,Drug Offense,Secondary,93,8,1,2,52.6
63,Male,Burglary,Bachelor's,23,14,1,3,54.2
30,Female,Theft,Secondary,31,12,0,3,51.0
49,Male,Arson,Illiterate,78,7,1,1,57.3
31,Male,Fraud,Secondary,39,5,1,1,34.7
21,Female,Arson,Primary,117,11,0,1,62.0
60,Male,Burglary,Primary,71,14,2,1,56.8
46,Female,Theft,Secondary,19,5,0,1,31.1
20,Male,Public Order,Primary,11,9,3,2,60.6
36,Female,Assault,Secondary,113,8,0,2,46.5
61,Male,Murder,Preparatory,414,6,2,0,64.2
59,Male,Theft,Preparatory,38,4,1,0,23.3
52,Male,Theft,Secondary,29,2,0,0,15.5
58,Male,Robbery,Bachelor's,94,7,2,0,33.8
32,Male,Vandalism,Postgraduate education,24,9,1,1,36.9
42,Male,Robbery,Postgraduate education,101,17,6,3,80.9
60,Female,Robbery,Secondary,99,16,4,2,66.1
65,Male,Burglary,Literate,66,6,1,0,35.6
22,Female,Burglary,Secondary,33,12,0,2,52.8
40,Male,Weapons Offense,Preparatory,25,13,0,1,56.7
60,Male,Cybercrime,Primary,45,8,1,1,39.7
34,Female,Murder,Secondary,322,12,0,3,87.4
28,Male,Theft,Preparatory,43,11,4,2,69.3
53,Male,Burglary,Illiterate,72,8,1,1,52.7
63,Male,Vandalism,Primary,35,7,2,1,36.8
19,Male,Burglary,Bachelor's,43,10,4,2,65.7
23,Male,Fraud,Secondary,43,10,0,2,56.8
40,Male,Drug Offense,Primary,82,6,2,1,47.3
22,Male,Drug Offense,Bachelor's,58,10,3,3,73.9
31,Male,Robbery,Secondary,77,9,0,0,46.9
43,Male,Theft,Secondary,34,11,1,2,53.5
28,Male,Assault,Postgraduate education,72,6,2,1,41.2
41,Male,Drug Offense,Preparatory,86,10,3,3,70.6
60,Female,Fraud,Preparatory,84,12,1,0,36.3
39,Male,Fraud,Preparatory,55,6,2,1,39.8
38,Female,Burglary,Secondary,20,6,2,1,37.4
54,Male,Theft,Literate,35,8,3,1,44.4
41,Female,Public Order,Primary,3,13,3,0,45.1
53,Male,Fraud,Literate,52,11,2,2,49.0
26,Male,Drug Offense,Preparatory,19,10,3,2,57.9
47,Female,Arson,Secondary,100,7,2,0,43.4
28,Male,Theft,Secondary,9,11,1,3,56.5
22,Male,Sexual Offense,Illiterate,191,13,1,2,89.5
49,Male,Robbery,Literate,138,15,4,0,68.8
31,Male,Vandalism,Literate,27,7,1,1,40.8
57,Female,Assault,Illiterate,117,8,2,2,64.4
53,Male,Public Order,Primary,24,6,0,0,16.8
41,Male,Burglary,Secondary,17,12,1,1,39.9
28,Male,Robbery,Postgraduate education,37,17,4,4,88.6
65,Male,Murder,Postgraduate education,403,9,3,1,69.2
32,Male,Vandalism,Secondary,19,16,7,2,69.4
23,Male,Sexual Offense,Bachelor's,105,10,0,3,70.9
41,Male,Drug Offense,Primary,85,10,1,2,60.2
38,Male,Theft,Illiterate,33,10,4,1,60.6
56,Female,Theft,Secondary,44,13,4,3,69.3
33,Female,Robbery,Preparatory,47,10,4,3,71.0
53,Female,Theft,Postgraduate education,10,13,1,0,29.6
31,Male,Kidnapping,Secondary,179,10,2,1,62.3
34,Male,Sexual Offense,Preparatory,147,12,3,3,88.4
31,Male,Drug Offense,Preparatory,34,10,3,1,59.0
47,Male,Fraud,Primary,42,6,2,0,33.1
36,Male,Theft,Literate,4,12,0,2,50.0
28,Male,Cybercrime,Secondary,38,5,0,1,33.3
23,Female,Theft,Primary,22,15,3,3,84.2
53,Male,Drug Offense,Bachelor's,18,8,3,2,47.9
53,Male,Assault,Illiterate,72,18,3,0,75.9
61,Male,Vandalism,Literate,10,8,1,1,35.2
54,Male,Murder,Secondary,442,8,3,1,67.9
27,Male,Burglary,Primary,47,8,2,2,57.1
64,Male,Burglary,Preparatory,21,7,1,0,38.2
32,Male,Cybercrime,Secondary,37,4,0,0,29.1
21,Female,Public Order,Secondary,23,8,2,0,35.0
22,Female,Theft,Bachelor's,16,6,0,0,24.1
62,Male,Murder,Secondary,439,12,4,2,93.3
48,Male,Robbery,Bachelor's,50,22,1,5,87.5
33,Male,Vandalism,Illiterate,18,13,0,1,52.6
35,Female,Robbery,Preparatory,39,12,3,3,72.4
49,Male,Cybercrime,Preparatory,31,7,0,1,31.3
40,Male,Sexual Offense,Preparatory,135,11,3,0,66.8
40,Male,Drug Offense,Literate,21,5,1,1,45.4
42,Male,Burglary,Preparatory,65,10,1,3,54.3
30,Male,Public Order,Preparatory,3,3,0,0,26.8
23,Male,Vandalism,Secondary,6,10,2,2,53.6
38,Male,Sexual Offense,Preparatory,103,11,0,2,55.4
30,Male,Murder,Preparatory,285,13,0,4,88.7
21,Male,Cybercrime,Illiterate,28,11,0,2,66.5
56,Male,Fraud,Secondary,62,11,0,0,31.5
43,Male,Burglary,Secondary,61,12,0,2,60.1
33,Male,Assault,Illiterate,37,12,5,3,86.8
65,Male,Assault,Illiterate,27,8,1,2,58.4
55,Male,Weapons Offense,Primary,30,8,2,0,44.8
53,Male,Burglary,Primary,25,7,2,1,48.0
19,Male,Fraud,Bachelor's,74,8,1,0,46.4
36,Male,Sexual Offense,Secondary,237,10,3,3,81.7
30,Male,Drug Offense,Primary,54,11,3,0,55.7
56,Male,Vandalism,Preparatory,12,9,2,0,27.0
51,Male,Robbery,Secondary,124,12,1,3,65.4
27,Male,Murder,Primary,320,12,5,1,94.4
40,Male,Cybercrime,Primary,55,10,2,2,55.5
25,Female,Public Order,Secondary,7,12,3,1,46.7
37,Male,Burglary,Secondary,39,15,5,2,67.4
49,Male,Weapons Offense,Secondary,86,14,0,3,71.2
30,Male,Murder,Secondary,254,10,0,0,65.5
33,Male,Theft,Secondary,29,9,1,1,35.0
34,Male,Assault,Preparatory,59,9,3,0,52.7
51,Male,Assault,Secondary,36,17,0,1,51.3
43,Male,Arson,Literate,87,5,0,1,50.6
32,Male,Robbery,Bachelor's,109,8,1,2,52.2
46,Male,Theft,Primary,35,5,1,0,29.0
37,Male,Theft,Secondary,20,10,3,2,48.1
34,Male,Fraud,Literate,26,9,1,1,56.0
63,Male,Burglary,Preparatory,16,12,5,3,72.9
22,Male,Fraud,Literate,61,6,1,1,52.9
19,Male,Cybercrime,Illiterate,39,16,1,3,82.3
56,Male,Kidnapping,Illiterate,205,15,3,4,96.1
39,Male,Drug Offense,Preparatory,56,8,3,2,57.2
34,Male,Fraud,Postgraduate education,60,12,3,3,56.1
50,Male,Weapons Offense,Bachelor's,53,5,1,0,25.4
49,Male,Public Order,Secondary,7,7,2,1,34.7
36,Female,Drug Offense,Secondary,52,12,0,1,44.8
35,Female,Vandalism,Primary,29,14,6,4,81.2
45,Male,Burglary,Illiterate,17,6,2,1,46.9
23,Male,Fraud,Postgraduate education,31,7,2,0,35.5
49,Male,Public Order,Postgraduate education,13,14,1,4,49.2
55,Male,Robbery,Literate,48,5,0,1,36.3
59,Male,Public Order,Preparatory,7,15,2,4,64.9
42,Male,Burglary,Preparatory,62,16,6,3,89.1
21,Female,Robbery,Secondary,93,8,2,0,49.7
19,Female,Murder,Primary,473,13,2,4,100.0
23,Male,Weapons Offense,Preparatory,93,9,3,2,72.8
25,Male,Fraud,Secondary,45,8,3,0,44.3
19,Male,Vandalism,Secondary,20,6,1,0,46.3
30,Female,Public Order,Secondary,2,16,1,0,41.0
18,Male,Burglary,Preparatory,48,14,2,0,52.9
39,Male,Murder,Bachelor's,243,10,3,1,66.6
37,Male,Drug Offense,Primary,48,14,1,2,67.0
57,Male,Assault,Primary,41,9,2,2,62.1
23,Female,Arson,Preparatory,81,16,2,1,67.1
45,Male,Fraud,Preparatory,13,8,0,1,34.5
25,Male,Weapons Offense,Bachelor's,32,8,1,2,54.9
59,Female,Burglary,Primary,49,8,3,1,44.3
60,Male,Sexual Offense,Primary,143,13,4,0,72.9
32,Male,Theft,Preparatory,16,13,1,1,48.8
53,Male,Burglary,Primary,58,13,2,4,62.5
50,Male,Sexual Offense,Secondary,107,7,1,1,53.1
21,Male,Theft,Secondary,9,9,3,1,47.6
26,Male,Drug Offense,Secondary,55,11,3,1,59.1
46,Male,Theft,Secondary,5,7,0,1,39.9
35,Female,Arson,Bachelor's,74,11,3,0,47.1
53,Male,Sexual Offense,Bachelor's,140,15,5,1,68.6
58,Male,Drug Offense,Bachelor's,43,7,1,0,29.7
38,Male,Arson,Secondary,105,12,1,1,48.8
30,Male,Assault,Secondary,84,13,0,4,74.6
63,Male,Fraud,Preparatory,83,12,0,3,51.4
25,Male,Theft,Literate,23,7,2,0,45.9
42,Male,Assault,Secondary,36,16,2,4,79.2
23,Male,Murder,Bachelor's,213,9,1,0,60.0
51,Male,Public Order,Bachelor's,22,6,2,1,24.3
51,Male,Robbery,Bachelor's,36,15,2,4,74.0
49,Male,Theft,Postgraduate education,10,12,5,1,43.6
22,Male,Fraud,Primary,22,12,5,3,80.2
24,Female,Vandalism,Primary,32,11,0,2,52.3
41,Male,Burglary,Secondary,67,13,4,3,67.7
49,Male,Kidnapping,Secondary,252,9,2,1,66.2
52,Male,Arson,Postgraduate education,59,9,1,1,42.8
33,Male,Sexual Offense,Preparatory,170,10,1,3,80.1
53,Male,Public Order,Preparatory,1,8,1,2,36.5
21,Male,Murder,Literate,255,20,4,2,100.0
39,Male,Robbery,Illiterate,47,13,4,3,88.3
59,Male,Murder,Illiterate,263,8,3,1,71.2
28,Male,Murder,Secondary,389,12,5,0,76.5
60,Male,Sexual Offense,Literate,206,10,4,1,75.3
41,Female,Vandalism,Secondary,16,6,0,0,18.1
54,Male,Fraud,Illiterate,51,8,0,1,44.1
43,Male,Drug Offense,Literate,25,11,2,1,53.7
63,Male,Theft,Secondary,33,9,3,0,28.9
18,Male,Kidnapping,Bachelor's,125,9,1,1,67.5
46,Male,Burglary,Preparatory,15,8,2,0,48.4
51,Male,Arson,Preparatory,91,10,1,1,50.9
55,Male,Theft,Secondary,48,10,0,3,44.4
20,Male,Cybercrime,Preparatory,23,12,3,0,49.7
50,Male,Theft,Secondary,30,4,0,0,20.1
49,Male,Murder,Bachelor's,270,9,0,1,63.0
57,Male,Theft,Preparatory,21,11,2,3,61.4
61,Male,Vandalism,Preparatory,31,10,1,1,33.2
26,Male,Fraud,Secondary,23,9,2,0,36.6
56,Male,Assault,Preparatory,99,12,3,1,57.9
35,Male,Murder,Illiterate,200,10,1,3,94.0
30,Male,Arson,Secondary,43,9,2,0,53.8
29,Male,Burglary,Secondary,26,13,0,2,48.8
21,Male,Vandalism,Preparatory,19,10,4,3,76.3
40,Male,Weapons Offense,Bachelor's,52,11,0,0,37.4
33,Male,Weapons Offense,Secondary,83,9,1,0,41.8
34,Male,Theft,Preparatory,24,3,0,0,27.1
23,Male,Fraud,Secondary,46,11,3,2,65.2
47,Male,Assault,Literate,67,12,1,1,62.3
63,Male,Assault,Secondary,99,4,0,0,30.2
19,Male,Vandalism,Bachelor's,16,8,2,1,42.0
43,Male,Arson,Secondary,62,11,2,3,65.1
30,Male,Assault,Primary,57,14,5,0,65.9
26,Male,Weapons Offense,Secondary,44,10,0,3,59.4
51,Male,Theft,Secondary,17,11,3,0,34.7
49,Male,Burglary,Secondary,25,5,0,1,25.3
24,Male,Vandalism,Secondary,6,7,1,1,39.8
18,Male,Murder,Literate,286,11,2,1,89.1
34,Female,Theft,Secondary,3,9,3,0,35.6
35,Male,Burglary,Secondary,55,12,3,3,64.5
25,Male,Assault,Secondary,50,11,2,2,68.3
52,Male,Fraud,Secondary,22,12,3,3,55.0
26,Male,Assault,Secondary,25,7,0,1,45.7
35,Male,Assault,Secondary,114,8,1,1,49.3
59,Male,Arson,Secondary,50,16,3,2,69.9
48,Female,Murder,Preparatory,188,11,1,1,67.9
59,Male,Robbery,Bachelor's,81,9,1,1,39.9
37,Male,Vandalism,Literate,26,8,3,2,52.2
49,Male,Assault,Primary,103,11,1,1,59.5
60,Male,Robbery,Primary,127,10,3,2,74.3
27,Male,Assault,Secondary,101,12,3,3,82.2
45,Male,Fraud,Primary,28,7,2,1,48.8
51,Female,Burglary,Secondary,14,9,0,2,44.6
32,Male,Drug Offense,Secondary,78,7,2,0,49.8
31,Male,Theft,Preparatory,18,7,1,0,27.9
28,Male,Assault,Secondary,110,13,2,0,62.9
44,Female,Vandalism,Secondary,4,11,3,0,41.8
26,Male,Fraud,Preparatory,79,7,1,1,44.1
43,Male,Arson,Preparatory,94,13,2,4,84.2
32,Female,Assault,Preparatory,62,11,3,2,68.8
54,Male,Assault,Primary,95,10,0,2,58.2
55,Male,Drug Offense,Bachelor's,12,14,4,0,47.8
32,Male,Burglary,Literate,42,11,2,1,60.3
42,Male,Theft,Primary,28,7,2,0,40.5
33,Female,Assault,Primary,110,11,1,2,71.1
44,Male,Drug Offense,Secondary,88,10,2,0,45.9
36,Male,Murder,Primary,326,12,0,1,78.2
44,Male,Arson,Secondary,61,13,4,2,67.5
22,Male,Assault,Primary,30,9,1,2,70.6
27,Male,Theft,Secondary,32,9,2,0,42.8
31,Male,Fraud,Secondary,33,10,3,3,61.7
40,Male,Drug Offense,Preparatory,35,10,4,1,59.5
28,Female,Burglary,Bachelor's,40,14,0,3,53.1
35,Male,Drug Offense,Illiterate,62,18,6,6,100.0
18,Male,Murder,Illiterate,185,5,1,1,77.8
37,Male,Assault,Secondary,117,10,4,2,64.6
19,Male,Burglary,Bachelor's,21,10,0,3,60.6
44,Male,Weapons Offense,Preparatory,95,8,3,0,52.1
54,Male,Burglary,Preparatory,34,11,3,1,43.2
57,Male,Weapons Offense,Illiterate,79,6,2,0,45.7
21,Male,Drug Offense,Illiterate,37,12,3,0,68.4
49,Male,Fraud,Bachelor's,58,10,2,0,41.0
58,Female,Theft,Primary,34,9,3,1,39.9
33,Male,Fraud,Postgraduate education,50,13,0,1,39.3
34,Female,Vandalism,Secondary,17,7,1,0,29.4
52,Male,Murder,Illiterate,346,8,0,0,60.7
26,Male,Murder,Secondary,379,6,0,1,68.3
45,Male,Public Order,Secondary,15,4,0,0,19.7
52,Male,Robbery,Preparatory,47,7,1,0,43.4
55,Male,Arson,Preparatory,92,11,0,1,41.1
35,Male,Robbery,Illiterate,140,12,4,3,86.0
43,Male,Drug Offense,Preparatory,62,13,4,2,65.6
28,Male,Theft,Primary,35,10,4,2,68.1
54,Male,Vandalism,Preparatory,28,6,1,1,27.5
56,Female,Burglary,Bachelor's,31,7,0,0,22.0
32,Male,Assault,Secondary,46,11,3,2,67.3
25,Male,Theft,Primary,5,15,6,2,81.6
33,Male,Theft,Preparatory,5,11,0,2,38.5
31,Male,Robbery,Secondary,84,10,3,1,62.5
45,Male,Robbery,Secondary,63,10,1,3,55.9
48,Male,Assault,Preparatory,118,8,1,1,51.4
55,Male,Kidnapping,Illiterate,140,9,1,2,64.9
29,Male,Vandalism,Illiterate,18,8,2,0,45.5
64,Male,Drug Offense,Secondary,56,15,1,5,78.2
53,Male,Sexual Offense,Secondary,113,11,1,1,69.0
58,Male,Drug Offense,Illiterate,50,12,3,1,58.4
25,Male,Drug Offense,Primary,59,6,2,1,59.8
26,Male,Fraud,Secondary,63,8,2,1,39.4
18,Male,Burglary,Primary,59,5,1,1,46.8
18,Male,Theft,Secondary,33,13,4,0,59.5
30,Male,Theft,Postgraduate education,4,12,1,2,25.3
22,Male,Robbery,Primary,95,12,4,0,68.3
24,Female,Theft,Preparatory,6,10,3,3,67.8
42,Male,Drug Offense,Illiterate,49,9,1,0,51.4
56,Male,Murder,Primary,385,7,2,0,73.7
58,Male,Fraud,Bachelor's,55,13,2,2,50.3
25,Male,Drug Offense,Secondary,87,5,0,0,31.1
32,Male,Murder,Preparatory,221,7,2,0,61.1
50,Male,Drug Offense,Illiterate,12,5,1,0,40.8
52,Male,Robbery,Bachelor's,112,10,1,0,35.3
31,Male,Arson,Bachelor's,107,9,3,0,52.6
63,Female,Vandalism,Postgraduate education,4,11,2,2,39.8
49,Female,Sexual Offense,Secondary,117,11,3,3,71.5
27,Female,Burglary,Secondary,16,15,4,3,77.6
30,Male,Fraud,Postgraduate education,17,10,3,0,37.9
54,Female,Vandalism,Secondary,5,8,1,0,27.8
60,Male,Public Order,Primary,22,8,1,0,32.9
22,Female,Assault,Preparatory,95,8,2,2,75.4
40,Male,Sexual Offense,Primary,97,8,3,0,60.0
42,Male,Theft,Bachelor's,14,13,2,0,32.5
44,Male,Kidnapping,Secondary,286,12,3,3,89.1
32,Female,Public Order,Secondary,12,14,6,0,58.1
22,Male,Assault,Illiterate,38,8,0,2,67.8
25,Male,Theft,Secondary,37,9,1,2,46.8
23,Female,Drug Offense,Literate,94,14,5,2,91.9
32,Female,Drug Offense,Secondary,40,10,3,3,71.9
30,Male,Robbery,Secondary,131,6,2,1,55.9
50,Male,Murder,Bachelor's,210,9,1,0,53.0
45,Male,Burglary,Secondary,64,14,3,4,76.1
60,Male,Assault,Secondary,88,6,1,0,32.3
62,Male,Vandalism,Literate,4,6,0,1,26.6
55,Male,Drug Offense,Secondary,63,13,2,1,50.0
53,Male,Robbery,Illiterate,56,15,3,3,81.4
23,Male,Arson,Bachelor's,90,10,4,0,54.2
18,Male,Fraud,Primary,25,9,2,2,60.9
62,Female,Arson,Primary,88,7,2,1,53.6
20,Female,Sexual Offense,Secondary,223,10,1,2,84.5
24,Male,Vandalism,Secondary,18,8,3,0,33.3
35,Male,Robbery,Primary,81,13,5,2,83.4
19,Male,Theft,Secondary,24,3,0,0,24.7
50,Male,Vandalism,Secondary,32,10,3,0,31.3
34,Male,Assault,Secondary,111,13,2,1,72.8
57,Male,Weapons Offense,Primary,29,5,1,1,43.2
49,Male,Drug Offense,Primary,51,6,2,0,47.3
27,Male,Drug Offense,Primary,57,7,1,0,39.8
47,Female,Public Order,Preparatory,14,10,0,1,38.1
29,Male,Burglary,Secondary,46,8,3,2,49.1
36,Male,Arson,Secondary,112,11,1,2,57.2
40,Male,Theft,Bachelor's,21,6,1,0,19.4
49,Male,Public Order,Preparatory,16,21,7,3,83.2
36,Male,Fraud,Preparatory,13,8,0,2,41.9
26,Female,Public Order,Preparatory,20,9,0,0,37.7
46,Female,Theft,Secondary,27,9,1,0,27.7
26,Male,Murder,Preparatory,277,6,1,0,63.4
37,Male,Theft,Secondary,28,10,1,2,39.4
53,Male,Drug Offense,Secondary,64,9,0,2,42.3
48,Male,Theft,Preparatory,13,14,5,3,66.6
49,Male,Vandalism,Primary,13,14,4,1,54.5
22,Female,Vandalism,Preparatory,11,11,0,3,60.5
31,Male,Weapons Offense,Primary,59,6,1,0,50.2
29,Female,Fraud,Primary,61,8,3,1,54.8
20,Male,Robbery,Bachelor's,143,9,1,1,53.6
57,Male,Fraud,Illiterate,35,12,4,1,62.1
24,Male,Vandalism,Primary,12,12,0,1,53.5
18,Male,Weapons Offense,Bachelor's,66,10,1,0,46.6
30,Male,Burglary,Literate,29,12,0,3,68.9
41,Female,Theft,Secondary,42,8,3,2,46.9
32,Male,Theft,Literate,48,9,0,2,48.0
63,Male,Drug Offense,Bachelor's,86,5,0,0,25.0
35,Female,Cybercrime,Primary,12,8,1,1,44.8
35,Female,Drug Offense,Illiterate,15,9,3,2,61.9
52,Female,Assault,Primary,112,13,1,1,59.0
30,Male,Drug Offense,Bachelor's,73,11,0,1,50.7
55,Male,Theft,Bachelor's,5,11,4,1,35.3
27,Male,Theft,Bachelor's,12,10,0,3,45.4
32,Male,Assault,Bachelor's,111,11,1,2,60.1
65,Male,Assault,Secondary,29,13,2,0,43.4
61,Male,Theft,Primary,29,13,4,1,61.2
40,Female,Assault,Secondary,79,12,3,0,50.0
31,Male,Fraud,Preparatory,48,8,1,2,51.5
40,Male,Fraud,Secondary,50,9,2,0,31.7
50,Male,Assault,Primary,120,13,4,4,88.4
49,Male,Theft,Primary,14,10,0,2,41.3
26,Male,Burglary,Literate,69,14,5,0,60.6
47,Female,Drug Offense,Secondary,82,3,0,0,35.7
19,Male,Public Order,Primary,12,12,2,1,60.2
32,Male,Assault,Preparatory,84,7,0,0,48.0
28,Male,Robbery,Preparatory,91,11,1,0,58.1
42,Female,Sexual Offense,Preparatory,234,7,0,0,53.1
52,Female,Robbery,Secondary,141,12,2,1,50.9
50,Male,Sexual Offense,Literate,216,9,2,2,72.3
38,Male,Drug Offense,Bachelor's,61,15,2,4,73.5
53,Male,Burglary,Preparatory,60,8,3,0,44.5
63,Male,Theft,Secondary,5,13,5,1,51.9
48,Male,Sexual Offense,Bachelor's,161,4,0,0,39.2
34,Male,Drug Offense,Literate,61,13,4,1,65.8
23,Male,Robbery,Literate,136,7,2,1,67.5
56,Male,Robbery,Secondary,75,14,5,3,78.4
35,Female,Burglary,Secondary,51,13,3,0,48.5
48,Male,Theft,Bachelor's,17,9,1,2,37.2
32,Male,Cybercrime,Secondary,34,9,1,2,49.9
28,Male,Vandalism,Preparatory,8,12,5,1,60.0
19,Male,Kidnapping,Secondary,197,11,1,1,69.2
32,Male,Drug Offense,Preparatory,81,6,2,1,49.5
62,Male,Murder,Preparatory,215,5,1,1,60.9
64,Male,Assault,Bachelor's,84,10,1,1,44.1
50,Male,Weapons Offense,Postgraduate education,40,3,0,0,20.1
25,Male,Drug Offense,Preparatory,44,12,2,2,68.6
31,Male,Public Order,Primary,5,10,2,3,57.2
49,Female,Murder,Illiterate,287,10,4,0,83.5
31,Male,Burglary,Primary,50,8,0,1,47.8
38,Male,Theft,Bachelor's,3,8,3,1,38.6
36,Male,Drug Offense,Postgraduate education,79,13,1,0,43.3
31,Male,Murder,Primary,421,17,3,0,100.0
64,Male,Burglary,Preparatory,26,10,4,2,58.3
43,Male,Vandalism,Postgraduate education,25,5,1,0,20.9
43,Male,Drug Offense,Preparatory,29,8,3,2,66.8
28,Male,Murder,Literate,272,8,3,0,71.3
61,Male,Theft,Secondary,16,11,0,0,23.7
50,Male,Public Order,Literate,18,10,3,3,52.3
34,Male,Theft,Primary,16,13,0,0,48.2
56,Male,Vandalism,Bachelor's,26,2,0,0,6.6
59,Male,Vandalism,Secondary,5,11,4,0,42.4
43,Male,Public Order,Illiterate,9,9,3,0,42.0
52,Male,Burglary,Primary,28,7,2,0,30.3
59,Female,Burglary,Primary,63,6,1,0,36.8
64,Male,Cybercrime,Secondary,13,8,1,1,33.3
51,Male,Public Order,Secondary,12,10,3,2,43.4
24,Male,Robbery,Literate,85,12,2,2,74.3
65,Male,Murder,Illiterate,189,7,2,1,68.3
37,Male,Sexual Offense,Primary,192,11,3,2,87.1
34,Male,Assault,Illiterate,76,8,3,1,71.9
64,Male,Fraud,Preparatory,82,12,5,1,56.3
58,Male,Murder,Primary,217,12,0,3,87.2
57,Male,Murder,Primary,233,8,0,1,60.4
31,Male,Fraud,Bachelor's,62,14,2,2,54.9
39,Male,Burglary,Preparatory,39,8,1,2,52.1
51,Male,Assault,Secondary,70,10,1,3,54.8
53,Male,Burglary,Secondary,17,15,0,2,46.4
49,Male,Drug Offense,Secondary,40,9,0,2,44.3
53,Male,Murder,Secondary,332,10,0,3,75.5
29,Male,Assault,Literate,49,10,4,3,88.4
56,Male,Drug Offense,Preparatory,63,11,4,0,45.8
25,Male,Theft,Illiterate,8,11,4,0,62.8
32,Male,Robbery,Preparatory,36,11,1,1,55.8
37,Male,Kidnapping,Preparatory,184,11,2,1,67.9
49,Male,Arson,Primary,110,9,3,1,62.9
56,Male,Theft,Secondary,28,9,0,2,35.3
24,Male,Fraud,Secondary,44,13,5,2,69.4
47,Male,Theft,Bachelor's,45,11,1,1,35.4
56,Male,Theft,Postgraduate education,33,10,2,1,30.6
32,Male,Weapons Offense,Preparatory,72,8,1,1,53.2
47,Male,Fraud,Primary,16,9,3,0,44.3
55,Male,Theft,Secondary,15,6,2,1,33.5
47,Male,Robbery,Secondary,43,9,1,0,38.5
41,Male,Fraud,Secondary,32,10,0,2,45.8
35,Female,Drug Offense,Preparatory,94,5,1,0,36.9
41,Male,Drug Offense,Secondary,32,10,1,1,43.4
49,Male,Theft,Secondary,22,8,2,1,37.6
61,Male,Vandalism,Preparatory,34,10,1,0,30.4
31,Male,Burglary,Bachelor's,38,8,1,1,39.9
18,Male,Murder,Preparatory,388,12,2,3,91.1
50,Male,Assault,Secondary,94,8,1,1,44.6
44,Male,Theft,Secondary,24,9,1,0,28.9
61,Male,Burglary,Primary,36,12,0,0,40.8
48,Male,Vandalism,Bachelor's,21,9,0,0,27.2
31,Female,Weapons Offense,Postgraduate education,76,18,6,4,90.0
35,Male,Assault,Literate,49,11,2,2,77.1
27,Male,Vandalism,Secondary,25,16,6,2,72.7
56,Male,Cybercrime,Primary,27,8,1,0,37.4
51,Male,Kidnapping,Preparatory,186,8,3,0,49.7
55,Male,Public Order,Secondary,12,9,2,2,43.5
40,Male,Vandalism,Primary,31,11,0,3,58.2
34,Male,Drug Offense,Secondary,28,6,0,1,42.1
34,Male,Fraud,Preparatory,33,7,0,0,29.6
56,Male,Murder,Primary,448,17,6,1,96.6
57,Male,Cybercrime,Secondary,22,6,0,1,24.5
39,Female,Burglary,Secondary,34,12,4,0,46.5
35,Male,Weapons Offense,Secondary,85,6,2,0,35.3
51,Male,Burglary,Primary,58,11,4,3,64.2
52,Male,Fraud,Primary,27,12,3,3,62.3
33,Male,Fraud,Postgraduate education,79,7,0,0,26.2
20,Male,Robbery,Secondary,96,8,2,0,50.8
32,Male,Theft,Secondary,20,15,3,0,47.1
23,Male,Sexual Offense,Preparatory,141,3,0,0,55.0
63,Male,Theft,Literate,12,8,2,0,33.0
44,Male,Burglary,Preparatory,52,6,1,1,41.1
55,Male,Burglary,Primary,37,9,3,2,61.9
47,Male,Assault,Secondary,74,8,1,2,51.4
45,Male,Burglary,Bachelor's,72,12,4,1,52.0
26,Female,Burglary,Secondary,51,10,0,1,42.9
48,Male,Robbery,Literate,42,13,5,3,85.4
63,Female,Murder,Secondary,215,9,3,2,74.6
21,Female,Theft,Secondary,30,6,1,0,43.6
20,Male,Assault,Secondary,100,8,0,2,58.8
38,Male,Robbery,Preparatory,111,17,6,4,100.0
47,Male,Drug Offense,Primary,37,5,0,0,30.6
33,Male,Theft,Illiterate,19,5,0,1,44.2
31,Female,Assault,Secondary,58,8,3,2,61.5
63,Female,Assault,Primary,67,8,0,2,50.9
19,Female,Weapons Offense,Secondary,47,10,4,3,84.2
44,Male,Arson,Illiterate,87,8,2,1,65.6
51,Male,Assault,Preparatory,85,11,2,2,61.5
23,Male,Weapons Offense,Secondary,39,11,0,0,48.0
28,Male,Burglary,Secondary,71,8,1,1,41.1
24,Male,Murder,Literate,431,8,0,0,75.5
47,Male,Drug Offense,Secondary,50,11,1,3,55.2
61,Male,Kidnapping,Primary,183,14,6,1,84.7
49,Male,Assault,Illiterate,112,8,2,2,72.7
50,Male,Theft,Secondary,5,7,2,0,26.3
58,Male,Fraud,Secondary,27,9,0,0,24.6
19,Male,Robbery,Preparatory,94,5,1,0,54.3
51,Male,Assault,Secondary,80,7,1,0,37.2
51,Male,Assault,Primary,25,14,5,0,57.8
32,Male,Vandalism,Primary,16,11,3,0,45.1
45,Female,Robbery,Primary,122,6,0,0,41.6
18,Male,Cybercrime,Secondary,36,7,1,0,30.8
29,Male,Drug Offense,Primary,69,13,1,2,64.2
53,Male,Assault,Secondary,73,9,0,2,41.7
34,Male,Weapons Offense,Preparatory,90,12,0,3,69.3
38,Male,Assault,Primary,57,4,1,0,43.9
35,Female,Murder,Secondary,341,12,3,1,79.4
65,Male,Theft,Postgraduate education,43,6,2,0,18.3
20,Male,Cybercrime,Preparatory,60,14,0,3,66.8
63,Male,Theft,Secondary,6,15,5,5,85.0
25,Male,Theft,Bachelor's,44,12,3,3,70.2
20,Female,Drug Offense,Secondary,91,10,0,0,50.6
43,Male,Burglary,Bachelor's,64,10,3,0,39.6
28,Female,Fraud,Postgraduate education,57,7,2,1,40.1
34,Female,Public Order,Illiterate,20,10,4,1,57.7
59,Male,Vandalism,Primary,6,9,3,1,38.7
29,Male,Burglary,Literate,19,5,1,0,45.9
27,Male,Drug Offense,Primary,23,8,1,2,60.8
53,Female,Robbery,Illiterate,52,11,0,3,66.0
30,Male,Weapons Offense,Literate,28,7,1,1,63.7
62,Male,Weapons Offense,Literate,31,9,2,1,53.1
37,Male,Theft,Secondary,39,9,1,2,35.0
33,Female,Theft,Postgraduate education,22,10,0,2,36.7
51,Male,Assault,Bachelor's,69,10,2,1,43.8
46,Male,Assault,Preparatory,50,12,1,1,62.5
55,Male,Weapons Offense,Literate,66,11,3,0,57.0
58,Male,Burglary,Bachelor's,35,6,2,0,20.3
23,Male,Assault,Bachelor's,48,12,0,2,60.7
50,Female,Assault,Primary,40,6,2,1,41.8
55,Male,Public Order,Preparatory,6,9,1,2,33.6
41,Male,Assault,Preparatory,91,17,4,2,81.5
51,Male,Theft,Bachelor's,40,15,1,0,31.0
20,Male,Weapons Offense,Literate,78,9,1,0,58.3
64,Male,Vandalism,Primary,22,7,0,1,32.7
34,Male,Assault,Literate,67,13,2,1,71.7
18,Male,Arson,Preparatory,72,13,2,2,77.5
55,Male,Cybercrime,Bachelor's,53,12,3,3,61.7
19,Male,Theft,Primary,29,13,5,4,82.8
63,Male,Burglary,Primary,40,8,1,1,39.0
44,Male,Fraud,Secondary,38,15,1,1,41.0
41,Male,Assault,Illiterate,31,11,4,1,64.0
50,Male,Theft,Literate,31,11,0,0,33.3
39,Male,Arson,Preparatory,99,10,3,3,66.2
49,Male,Murder,Literate,325,7,1,1,68.3
63,Male,Burglary,Preparatory,66,11,1,0,39.7
36,Male,Vandalism,Primary,33,10,2,1,46.2
57,Male,Assault,Secondary,66,3,0,0,24.0
41,Male,Robbery,Bachelor's,108,11,3,2,57.2
62,Male,Assault,Primary,116,9,1,2,52.1
24,Male,Theft,Secondary,24,10,4,3,64.7
44,Male,Assault,Literate,70,11,2,3,69.2
55,Male,Weapons Offense,Bachelor's,81,14,4,3,72.4
45,Male,Drug Offense,Secondary,60,17,3,5,93.9
37,Male,Theft,Secondary,12,8,2,1,36.7
49,Male,Assault,Preparatory,32,9,1,1,49.0
36,Male,Weapons Offense,Secondary,49,15,4,5,88.7
35,Male,Weapons Offense,Secondary,30,10,4,0,52.5
21,Male,Public Order,Primary,8,14,4,1,70.7
36,Male,Drug Offense,Primary,58,9,2,1,55.5
45,Male,Public Order,Preparatory,18,7,1,0,29.3
60,Male,Fraud,Postgraduate education,73,8,3,0,31.4
62,Female,Arson,Preparatory,42,8,3,0,46.3
53,Male,Drug Offense,Secondary,50,7,2,1,43.3
65,Male,Theft,Preparatory,48,10,2,2,45.0
21,Male,Theft,Illiterate,24,10,3,1,65.1
61,Male,Robbery,Literate,116,11,4,2,76.4
63,Male,Murder,Primary,464,9,0,1,71.6
42,Female,Arson,Secondary,67,13,2,3,68.5
22,Male,Assault,Preparatory,90,17,7,0,80.5
50,Male,Drug Offense,Illiterate,23,10,3,0,51.7
20,Male,Vandalism,Secondary,8,8,3,2,55.3
23,Male,Vandalism,Literate,13,13,0,0,45.3
43,Male,Theft,Secondary,46,15,0,1,44.6
61,Male,Sexual Offense,Bachelor's,206,11,0,2,62.9
33,Male,Theft,Bachelor's,45,12,0,0,30.9
60,Female,Murder,Secondary,445,9,1,2,66.5
28,Female,Public Order,Illiterate,18,6,2,1,44.3
57,Male,Robbery,Bachelor's,93,11,3,1,51.0
51,Male,Arson,Secondary,91,6,2,0,35.8
43,Male,Cybercrime,Bachelor's,57,8,2,0,28.2
26,Male,Murder,Primary,227,11,3,2,85.0
29,Male,Kidnapping,Preparatory,194,9,2,1,65.5
48,Male,Sexual Offense,Preparatory,166,12,5,0,79.7
19,Male,Drug Offense,Primary,33,15,2,1,70.3
49,Male,Assault,Primary,100,11,0,3,67.0
59,Male,Theft,Secondary,33,9,3,0,36.7
46,Male,Robbery,Secondary,57,12,1,0,49.2
37,Male,Assault,Illiterate,56,8,3,2,77.7
42,Male,Burglary,Secondary,51,12,2,2,54.6
63,Male,Theft,Primary,30,10,1,1,36.5
43,Male,Theft,Secondary,3,15,4,1,51.8
27,Male,Vandalism,Secondary,3,14,6,2,65.8
53,Female,Vandalism,Primary,27,9,0,1,29.0
42,Male,Public Order,Preparatory,4,15,0,3,56.6
60,Female,Burglary,Literate,62,14,4,0,54.0
27,Male,Arson,Secondary,118,11,3,1,66.6
26,Male,Murder,Literate,206,10,3,3,93.3
32,Male,Burglary,Secondary,61,4,1,0,36.5
35,Male,Fraud,Secondary,38,15,4,5,74.0
50,Male,Weapons Offense,Secondary,90,9,3,1,56.6
38,Male,Burglary,Bachelor's,62,10,1,1,41.3
39,Male,Fraud,Secondary,53,10,3,1,45.9
61,Male,Drug Offense,Secondary,59,8,0,1,35.6
47,Male,Murder,Illiterate,360,4,1,0,69.0
39,Male,Kidnapping,Bachelor's,283,11,1,2,66.5
65,Male,Assault,Secondary,101,8,1,1,47.2
34,Male,Fraud,Primary,71,8,2,1,50.7
20,Male,Theft,Postgraduate education,25,4,1,0,30.6
30,Female,Vandalism,Literate,6,8,1,1,43.8
36,Male,Public Order,Preparatory,15,5,1,0,27.4
34,Male,Theft,Preparatory,6,10,2,2,57.0
33,Male,Drug Offense,Illiterate,79,12,2,2,80.8
40,Male,Drug Offense,Secondary,64,10,2,2,54.7
41,Male,Burglary,Primary,66,9,1,1,43.9
53,Male,Murder,Secondary,276,9,1,2,68.4
29,Male,Sexual Offense,Preparatory,217,4,0,0,54.2
45,Male,Public Order,Primary,16,12,5,3,68.1
60,Male,Sexual Offense,Secondary,128,10,4,3,68.3
31,Male,Theft,Preparatory,35,14,4,2,72.2
57,Female,Kidnapping,Preparatory,129,8,1,2,60.1
41,Male,Drug Offense,Preparatory,56,6,2,1,50.4
47,Female,Drug Offense,Bachelor's,49,6,2,1,41.3
55,Male,Fraud,Secondary,14,15,3,5,69.5
39,Male,Assault,Secondary,68,7,0,1,42.4
57,Male,Theft,Literate,21,10,2,0,39.3
31,Male,Public Order,Bachelor's,2,14,2,2,46.7
37,Female,Theft,Preparatory,26,12,2,1,49.3
25,Male,Assault,Illiterate,120,16,6,5,100.0
27,Female,Public Order,Literate,18,10,0,2,48.8
55,Male,Robbery,Bachelor's,141,11,3,3,68.0
47,Male,Public Order,Primary,5,11,0,3,48.4
20,Male,Theft,Literate,21,17,5,5,100.0
33,Male,Burglary,Preparatory,34,8,2,1,44.0
43,Male,Burglary,Primary,17,11,2,0,44.9
44,Female,Robbery,Illiterate,133,12,5,3,86.8
27,Male,Robbery,Primary,89,14,5,3,92.9
47,Female,Cybercrime,Secondary,31,9,1,0,30.2
58,Female,Kidnapping,Literate,200,12,2,0,74.6
25,Male,Cybercrime,Primary,53,14,3,0,59.3
61,Female,Murder,Illiterate,476,11,1,0,71.5
18,Male,Public Order,Secondary,6,7,1,1,45.2
23,Male,Theft,Preparatory,47,9,3,0,50.7
56,Male,Burglary,Primary,63,10,3,3,67.1
30,Male,Burglary,Secondary,26,13,3,2,54.9
19,Male,Fraud,Preparatory,52,8,2,0,45.9
23,Female,Fraud,Preparatory,19,8,3,0,45.5
46,Male,Burglary,Bachelor's,57,12,5,0,44.8
51,Male,Theft,Literate,46,6,1,0,28.3
34,Male,Assault,Primary,111,12,2,0,68.8
39,Male,Murder,Literate,197,4,1,0,51.7
37,Male,Arson,Bachelor's,77,7,1,1,41.6
63,Male,Assault,Secondary,36,8,3,0,38.3
21,Male,Burglary,Preparatory,35,11,2,3,69.8
64,Male,Public Order,Primary,8,9,0,0,27.7
18,Male,Sexual Offense,Preparatory,173,7,2,1,74.2
30,Male,Cybercrime,Illiterate,58,6,1,1,54.4
52,Female,Theft,Secondary,19,6,1,0,23.3
32,Male,Assault,Secondary,42,2,0,0,32.2
24,Male,Theft,Postgraduate education,20,9,1,1,43.0
46,Male,Vandalism,Primary,13,14,0,2,51.0
53,Female,Vandalism,Primary,16,8,3,1,38.9
58,Male,Kidnapping,Illiterate,284,8,3,1,73.5
52,Male,Assault,Preparatory,101,9,3,0,47.1
46,Male,Fraud,Illiterate,42,15,6,3,84.9
62,Male,Burglary,Secondary,16,8,3,1,43.9
21,Male,Sexual Offense,Bachelor's,117,8,3,0,70.8
42,Male,Murder,Primary,217,6,0,1,62.5
49,Male,Public Order,Preparatory,21,9,1,1,39.5
49,Male,Drug Offense,Secondary,50,18,5,3,82.0
20,Male,Sexual Offense,Secondary,171,12,2,3,86.3
40,Male,Public Order,Primary,7,9,3,2,50.0
41,Male,Drug Offense,Bachelor's,60,8,2,0,35.0
41,Male,Robbery,Literate,37,12,5,3,87.1
48,Male,Drug Offense,Preparatory,95,15,6,4,86.0
64,Male,Theft,Secondary,13,12,4,3,55.1
44,Male,Theft,Bachelor's,43,4,1,0,11.3
60,Male,Kidnapping,Bachelor's,151,9,2,0,42.9
53,Male,Cybercrime,Illiterate,13,2,0,0,21.9
19,Female,Cybercrime,Secondary,33,6,0,1,34.7
18,Male,Theft,Primary,39,6,1,1,46.2
18,Male,Theft,Preparatory,6,10,1,0,45.6
30,Female,Assault,Preparatory,45,7,1,0,46.6
51,Male,Weapons Offense,Secondary,91,11,3,2,61.7
47,Male,Assault,Preparatory,30,14,4,1,65.2
23,Male,Murder,Literate,377,15,5,1,100.0
50,Male,Public Order,Literate,11,10,4,3,59.5
45,Male,Arson,Secondary,87,10,0,2,56.3
37,Male,Public Order,Preparatory,21,9,0,2,38.4
38,Female,Fraud,Secondary,84,10,3,1,49.0
61,Male,Drug Offense,Literate,16,10,0,3,62.1
40,Male,Weapons Offense,Literate,50,7,2,1,57.6
41,Male,Vandalism,Secondary,32,7,1,1,35.0
36,Male,Vandalism,Secondary,25,8,0,2,36.5
20,Male,Fraud,Preparatory,46,12,3,3,67.5
64,Male,Drug Offense,Primary,81,12,0,2,57.9
25,Male,Kidnapping,Preparatory,247,9,2,0,64.8
34,Male,Weapons Offense,Primary,81,8,0,0,46.1
56,Male,Cybercrime,Secondary,45,6,0,0,23.6
60,Male,Robbery,Secondary,63,11,0,3,52.1
52,Male,Fraud,Secondary,72,8,1,0,28.1
25,Male,Theft,Illiterate,8,9,2,0,46.8
57,Male,Sexual Offense,Bachelor's,205,19,7,6,100.0
58,Male,Theft,Secondary,10,13,1,2,40.5
54,Male,Assault,Secondary,48,7,0,1,35.4
31,Male,Drug Offense,Primary,21,12,4,0,65.4
33,Male,Assault,Primary,65,9,2,1,55.5
59,Male,Theft,Secondary,33,12,1,2,46.2
41,Male,Robbery,Primary,90,9,0,1,53.8
62,Male,Theft,Secondary,38,10,1,3,39.0
49,Male,Assault,Literate,95,11,4,3,83.5
28,Male,Vandalism,Secondary,21,20,9,7,100.0
65,Male,Assault,Secondary,45,5,0,1,35.7
26,Male,Burglary,Preparatory,41,8,0,2,48.9
50,Male,Weapons Offense,Illiterate,55,13,2,0,59.7
54,Male,Drug Offense,Secondary,68,9,3,1,57.0
41,Male,Drug Offense,Illiterate,53,7,2,1,52.5
48,Male,Assault,Preparatory,96,9,3,2,62.3
23,Male,Burglary,Bachelor's,54,5,1,0,35.6
37,Male,Drug Offense,Primary,43,6,1,0,41.5
50,Female,Theft,Secondary,34,11,4,3,51.3
40,Male,Murder,Bachelor's,415,10,4,1,71.1
28,Male,Robbery,Illiterate,136,15,6,4,100.0
30,Male,Sexual Offense,Preparatory,186,4,1,0,54.7
44,Male,Drug Offense,Primary,85,12,0,2,60.9
24,Male,Fraud,Bachelor's,70,11,3,2,60.6
18,Male,Assault,Primary,75,9,2,2,74.6
54,Male,Burglary,Bachelor's,53,15,4,0,42.7
35,Male,Theft,Secondary,7,5,1,0,29.6
19,Male,Vandalism,Secondary,33,3,0,0,30.7
34,Male,Fraud,Bachelor's,31,6,2,1,34.9
25,Female,Theft,Bachelor's,7,9,0,1,33.3
50,Male,Drug Offense,Preparatory,91,9,3,0,44.0
59,Male,Public Order,Secondary,21,9,0,2,34.5
55,Male,Assault,Bachelor's,50,16,1,3,62.5
51,Male,Assault,Secondary,36,15,4,3,78.4
23,Male,Assault,Bachelor's,62,4,1,0,43.7
47,Male,Theft,Illiterate,29,10,1,3,56.6
36,Male,Cybercrime,Literate,17,10,2,0,34.1
37,Male,Robbery,Primary,89,4,0,0,35.8
28,Male,Burglary,Literate,26,8,0,0,42.3
39,Male,Vandalism,Secondary,13,11,4,0,46.3
27,Male,Murder,Illiterate,222,11,2,3,95.6
46,Male,Robbery,Primary,85,11,2,3,74.5
21,Female,Vandalism,Bachelor's,19,8,3,1,48.1
48,Male,Sexual Offense,Illiterate,108,6,1,1,66.7
33,Female,Assault,Postgraduate education,30,8,2,2,55.2
46,Male,Arson,Literate,60,10,4,0,56.9
39,Male,Burglary,Secondary,17,12,5,0,48.1
65,Male,Weapons Offense,Literate,37,8,3,1,55.9
49,Male,Theft,Preparatory,41,7,0,0,26.6
39,Male,Drug Offense,Illiterate,54,9,3,1,57.6
35,Male,Burglary,Primary,37,9,1,1,42.1
41,Male,Theft,Preparatory,41,8,2,2,48.6
22,Male,Assault,Secondary,64,12,5,3,85.5
53,Male,Drug Offense,Illiterate,59,13,3,3,77.7
64,Male,Burglary,Illiterate,33,9,2,0,41.7
29,Male,Robbery,Literate,46,10,0,0,56.3
55,Male,Drug Offense,Literate,48,10,1,1,52.3
28,Male,Weapons Offense,Primary,38,10,1,3,74.8
36,Male,Theft,Illiterate,35,6,2,1,39.6
41,Male,Fraud,Secondary,36,4,1,0,18.0
55,Male,Vandalism,Preparatory,12,15,2,1,47.5
18,Female,Vandalism,Bachelor's,4,15,6,2,73.5
24,Male,Cybercrime,Literate,45,10,3,0,53.6
50,Male,Sexual Offense,Preparatory,224,10,2,3,80.5
50,Female,Fraud,Preparatory,50,12,0,2,44.7
52,Male,Murder,Preparatory,243,16,7,0,76.5
33,Male,Assault,Secondary,101,16,6,1,85.9
24,Female,Robbery,Primary,117,17,6,4,100.0
54,Male,Weapons Offense,Primary,43,14,6,0,69.9
64,Male,Drug Offense,Bachelor's,24,11,4,2,56.5
30,Male,Robbery,Literate,49,12,4,0,70.0
40,Male,Cybercrime,Secondary,21,9,3,2,42.1
36,Male,Burglary,Secondary,12,9,3,1,46.9
64,Male,Cybercrime,Bachelor's,22,8,0,2,34.7
43,Male,Fraud,Bachelor's,43,7,0,0,26.2
28,Male,Theft,Primary,19,8,3,1,47.9
28,Male,Assault,Secondary,81,11,0,3,67.1
48,Male,Robbery,Literate,129,10,4,3,83.1
30,Male,Drug Offense,Secondary,87,15,5,1,73.4
52,Male,Sexual Offense,Bachelor's,197,7,1,0,42.7
48,Male,Public Order,Secondary,16,10,3,0,36.3
49,Male,Theft,Preparatory,24,14,5,2,65.6
29,Male,Vandalism,Illiterate,18,8,2,2,64.4
31,Male,Cybercrime,Preparatory,10,8,3,2,61.1
19,Male,Vandalism,Secondary,34,10,1,3,57.6
27,Male,Assault,Postgraduate education,68,12,3,0,50.7
35,Male,Fraud,Bachelor's,67,10,0,1,34.6
65,Male,Public Order,Secondary,7,14,3,4,61.3
55,Male,Public Order,Preparatory,24,13,1,4,57.5
63,Male,Murder,Primary,274,9,2,0,69.3
32,Male,Theft,Secondary,35,13,0,1,42.6
54,Male,Fraud,Primary,33,13,1,3,59.0
47,Male,Assault,Illiterate,118,13,3,0,66.8
20,Male,Drug Offense,Primary,70,3,0,0,39.1
59,Male,Assault,Secondary,98,9,2,1,49.0
33,Male,Theft,Preparatory,40,12,3,2,58.2
55,Male,Theft,Primary,18,6,2,0,26.9
37,Male,Sexual Offense,Primary,216,12,4,2,75.4
59,Male,Assault,Illiterate,95,15,0,4,82.1
53,Female,Weapons Offense,Secondary,75,10,4,0,48.0
30,Male,Assault,Preparatory,114,9,0,0,42.6
44,Male,Theft,Secondary,3,16,1,3,62.5
38,Female,Fraud,Secondary,44,9,3,2,55.8
53,Male,Fraud,Secondary,32,17,7,0,56.7
41,Male,Robbery,Primary,144,10,3,2,59.7
30,Male,Kidnapping,Secondary,209,11,0,1,63.0
36,Male,Fraud,Secondary,57,12,2,0,41.6
25,Female,Sexual Offense,Bachelor's,102,11,3,3,79.3
56,Male,Robbery,Literate,65,9,1,0,49.1
45,Male,Arson,Secondary,37,8,1,0,35.3
39,Male,Burglary,Preparatory,43,10,4,2,68.2
27,Male,Robbery,Preparatory,125,13,1,0,59.6
49,Male,Vandalism,Preparatory,5,13,2,2,50.8
63,Male,Public Order,Secondary,7,6,0,0,16.6
58,Male,Theft,Preparatory,31,8,1,0,27.0
22,Female,Cybercrime,Secondary,47,15,0,0,43.0
64,Male,Burglary,Bachelor's,31,11,3,0,39.0
61,Male,Drug Offense,Secondary,29,7,2,1,38.5
25,Male,Burglary,Secondary,72,16,1,3,60.7
55,Male,Arson,Preparatory,63,11,3,0,50.6
22,Male,Drug Offense,Bachelor's,42,13,3,2,66.3
24,Female,Public Order,Preparatory,6,9,3,0,41.4
33,Male,Assault,Secondary,98,8,3,1,64.7
34,Male,Theft,Primary,37,9,1,0,42.7
24,Male,Theft,Secondary,22,10,2,1,47.2
53,Female,Sexual Offense,Secondary,107,8,1,1,52.2
26,Male,Theft,Illiterate,19,6,1,0,46.8
19,Male,Assault,Literate,57,8,1,2,79.5
45,Male,Drug Offense,Preparatory,69,11,2,3,66.2
59,Male,Burglary,Secondary,30,9,3,1,47.5
54,Male,Assault,Bachelor's,25,7,2,1,39.3
31,Male,Public Order,Primary,21,14,6,0,59.0
37,Male,Burglary,Secondary,31,11,2,3,59.6
37,Male,Theft,Preparatory,5,11,2,2,47.7
19,Male,Fraud,Illiterate,49,10,2,2,72.4
25,Male,Burglary,Preparatory,59,11,3,1,53.9
47,Male,Theft,Secondary,12,13,3,0,47.7
61,Male,Drug Offense,Secondary,57,5,1,1,39.3
45,Male,Public Order,Preparatory,22,11,1,3,48.9
23,Male,Vandalism,Illiterate,36,7,2,0,49.8
56,Female,Murder,Secondary,434,16,7,2,99.2
63,Male,Vandalism,Preparatory,30,11,4,2,47.7
48,Male,Weapons Offense,Bachelor's,51,15,4,0,57.4
50,Male,Drug Offense,Literate,39,12,2,3,66.6
56,Male,Assault,Secondary,102,12,5,1,61.7
47,Male,Vandalism,Illiterate,35,10,4,3,73.7
48,Male,Robbery,Literate,68,10,0,0,41.4
38,Male,Assault,Bachelor's,34,12,2,0,40.1
59,Male,Assault,Secondary,59,6,0,0,29.7
25,Male,Cybercrime,Illiterate,43,6,1,0,41.5
60,Male,Robbery,Secondary,67,5,0,0,19.5
58,Male,Theft,Bachelor's,23,7,1,0,19.9
50,Male,Burglary,Secondary,61,10,4,0,43.4
52,Male,Burglary,Preparatory,20,8,3,2,45.9
20,Male,Robbery,Primary,60,7,0,1,56.3
33,Male,Assault,Secondary,64,6,1,1,54.5
34,Male,Fraud,Preparatory,65,7,2,1,48.7
47,Male,Public Order,Secondary,21,7,1,0,25.5
22,Male,Burglary,Secondary,29,6,0,0,36.7
29,Male,Cybercrime,Primary,47,13,4,0,59.5
40,Male,Arson,Secondary,70,6,1,1,39.8
36,Female,Vandalism,Preparatory,36,8,1,1,36.9
63,Male,Fraud,Preparatory,76,12,3,0,50.0
51,Male,Vandalism,Bachelor's,13,7,2,1,26.3
59,Male,Sexual Offense,Postgraduate education,123,6,1,0,42.7
20,Male,Assault,Literate,109,11,2,0,56.6
18,Female,Theft,Secondary,22,11,3,0,53.2
49,Male,Theft,Literate,14,4,1,0,31.3
36,Male,Drug Offense,Preparatory,74,7,0,0,33.1
52,Male,Cybercrime,Primary,7,10,4,0,36.4
62,Female,Murder,Preparatory,221,8,2,2,67.4
51,Male,Public Order,Literate,14,8,1,2,43.8
26,Male,Robbery,Bachelor's,99,6,1,0,38.2
21,Male,Murder,Preparatory,222,7,0,0,66.7
25,Male,Public Order,Preparatory,15,15,0,3,58.0
18,Male,Theft,Preparatory,6,11,2,0,50.6
62,Male,Robbery,Secondary,39,16,7,2,74.8
47,Male,Robbery,Preparatory,90,11,1,1,55.2
51,Male,Drug Offense,Preparatory,44,10,3,3,64.8
56,Male,Drug Offense,Secondary,93,11,2,2,60.9
21,Male,Public Order,Preparatory,4,7,0,1,38.5
47,Male,Drug Offense,Secondary,87,14,2,3,66.9
54,Male,Fraud,Secondary,48,9,1,2,40.7
47,Male,Vandalism,Literate,15,8,0,2,42.2
21,Male,Assault,Postgraduate education,55,8,2,1,52.2
26,Male,Vandalism,Bachelor's,27,8,3,0,38.5
41,Male,Vandalism,Literate,26,12,3,2,63.0
56,Male,Vandalism,Illiterate,18,8,3,1,44.5
35,Male,Arson,Primary,55,14,2,4,84.4
40,Female,Vandalism,Preparatory,4,9,1,0,30.8
62,Male,Fraud,Primary,31,2,0,0,20.9
31,Male,Vandalism,Primary,7,11,0,3,55.3
25,Male,Weapons Offense,Illiterate,41,10,4,0,67.4
19,Male,Assault,Primary,75,4,1,0,55.6
59,Male,Theft,Illiterate,11,7,2,0,38.5
29,Male,Drug Offense,Primary,94,12,1,1,72.4
45,Male,Assault,Postgraduate education,55,11,2,2,60.0
65,Male,Vandalism,Secondary,11,12,4,3,62.7
38,Male,Theft,Bachelor's,9,5,0,1,20.0
61,Male,Arson,Secondary,114,6,1,1,40.1
37,Male,Theft,Secondary,8,5,1,1,28.9
52,Male,Vandalism,Primary,31,8,3,2,56.4
38,Male,Theft,Preparatory,44,7,0,0,27.7
57,Male,Assault,Primary,102,12,3,2,64.9
55,Male,Drug Offense,Postgraduate education,35,10,3,0,32.0
30,Male,Fraud,Preparatory,41,14,5,3,84.8
40,Male,Sexual Offense,Bachelor's,181,6,0,1,49.8
59,Male,Assault,Primary,87,6,0,1,39.1
38,Male,Assault,Secondary,35,13,5,1,77.5
55,Male,Cybercrime,Bachelor's,57,7,0,1,26.6
31,Male,Vandalism,Bachelor's,11,14,4,3,65.0
40,Male,Sexual Offense,Preparatory,221,13,0,2,71.2
48,Male,Arson,Primary,85,8,0,1,55.7
34,Male,Burglary,Primary,30,7,2,1,54.5
21,Male,Theft,Secondary,35,10,2,1,50.5
26,Male,Murder,Literate,414,18,6,0,100.0
41,Male,Vandalism,Preparatory,17,11,1,3,54.6
53,Male,Drug Offense,Primary,60,11,2,0,52.1
19,Male,Theft,Illiterate,19,9,1,2,63.5
19,Male,Vandalism,Primary,25,12,2,1,56.7
64,Male,Assault,Illiterate,79,17,2,3,90.8
21,Male,Public Order,Bachelor's,8,10,1,3,51.6
27,Male,Kidnapping,Preparatory,232,8,1,0,60.9
54,Male,Public Order,Preparatory,4,9,3,1,36.7
63,Male,Burglary,Secondary,61,7,0,1,33.1
21,Male,Fraud,Secondary,41,11,1,0,43.2
65,Male,Sexual Offense,Secondary,159,11,3,1,61.5
61,Male,Assault,Preparatory,58,6,0,0,33.7
27,Male,Murder,Literate,304,7,0,1,73.0
45,Male,Vandalism,Secondary,19,10,1,3,46.2
54,Male,Robbery,Bachelor's,75,14,5,1,61.9
56,Male,Cybercrime,Secondary,28,5,0,0,14.5
47,Male,Cybercrime,Literate,52,15,5,3,84.1
30,Male,Assault,Bachelor's,111,15,2,4,88.0
64,Male,Vandalism,Preparatory,9,9,3,0,31.0
51,Male,Vandalism,Bachelor's,20,7,1,0,18.7
19,Male,Drug Offense,Primary,28,15,0,5,91.6
48,Male,Assault,Bachelor's,58,19,1,1,66.4
63,Male,Drug Offense,Postgraduate education,47,10,3,0,36.4
64,Female,Robbery,Preparatory,46,12,1,3,67.2
28,Male,Burglary,Illiterate,19,13,4,0,68.6
19,Male,Weapons Offense,Secondary,40,11,3,0,52.0
52,Male,Burglary,Preparatory,53,9,1,2,46.6
36,Male,Robbery,Primary,137,5,1,0,42.6
51,Female,Weapons Offense,Preparatory,77,7,0,0,33.5
49,Male,Robbery,Primary,62,7,2,0,46.7
38,Male,Burglary,Secondary,64,10,0,1,34.1
58,Female,Assault,Secondary,41,14,1,3,67.8
63,Male,Public Order,Secondary,24,8,2,0,15.2
55,Male,Vandalism,Primary,5,5,0,1,28.5
18,Male,Theft,Preparatory,13,2,0,0,22.0
22,Male,Cybercrime,Secondary,50,10,1,2,59.0
51,Male,Cybercrime,Secondary,30,10,3,0,39.9
39,Male,Assault,Preparatory,69,9,0,1,49.5
48,Male,Public Order,Primary,1,10,1,1,44.9
53,Male,Burglary,Secondary,26,10,0,2,41.6
19,Male,Murder,Preparatory,423,3,0,0,62.8
57,Male,Burglary,Preparatory,65,10,3,3,57.5
32,Male,Theft,Preparatory,15,9,2,0,38.9
35,Female,Kidnapping,Preparatory,133,8,0,0,57.5
28,Male,Assault,Bachelor's,71,12,1,3,66.1
56,Male,Cybercrime,Illiterate,15,10,1,1,47.5
44,Male,Theft,Secondary,33,11,2,3,56.8
27,Male,Murder,Secondary,223,6,2,0,53.1
28,Female,Theft,Secondary,20,9,3,2,51.9
40,Male,Drug Offense,Secondary,53,13,4,1,51.8
54,Male,Theft,Primary,7,6,0,1,36.5
38,Male,Weapons Offense,Bachelor's,90,8,3,1,49.0
64,Male,Fraud,Preparatory,69,12,0,3,46.8
57,Male,Burglary,Illiterate,71,6,2,1,51.3
53,Male,Theft,Preparatory,3,13,2,3,52.1
56,Male,Theft,Primary,13,9,1,2,44.2
64,Male,Weapons Offense,Bachelor's,30,10,0,2,39.8
46,Male,Murder,Preparatory,358,11,4,1,80.2
51,Male,Assault,Primary,93,12,2,1,64.9
39,Female,Theft,Primary,9,14,2,1,51.1
37,Male,Robbery,Bachelor's,92,13,1,2,54.1
29,Female,Fraud,Secondary,62,12,4,2,66.7
26,Male,Assault,Bachelor's,37,7,0,1,44.1
52,Female,Robbery,Secondary,41,10,2,1,42.6
37,Male,Weapons Offense,Secondary,58,10,1,3,61.7
60,Male,Theft,Bachelor's,19,7,2,0,28.2
43,Male,Assault,Preparatory,108,10,2,3,73.2
30,Female,Drug Offense,Primary,85,11,1,1,58.7
36,Male,Vandalism,Bachelor's,27,11,1,1,28.4
46,Male,Theft,Secondary,46,10,1,3,50.6
53,Male,Sexual Offense,Secondary,188,8,3,0,48.5
52,Male,Robbery,Illiterate,132,6,1,0,43.8
23,Male,Drug Offense,Bachelor's,70,7,2,0,38.3
59,Male,Assault,Bachelor's,88,14,4,0,54.5
46,Male,Drug Offense,Preparatory,90,10,1,1,50.9
38,Male,Assault,Illiterate,44,9,2,1,62.0
35,Male,Cybercrime,Literate,53,4,0,0,26.1
35,Male,Drug Offense,Preparatory,30,13,3,3,67.8
34,Female,Public Order,Preparatory,1,11,2,0,41.3
35,Male,Robbery,Preparatory,111,12,3,3,74.9
30,Male,Theft,Preparatory,31,10,2,2,53.8
41,Male,Murder,Postgraduate education,251,10,2,2,67.7
21,Male,Arson,Bachelor's,64,10,0,3,65.1
60,Female,Sexual Offense,Preparatory,149,8,2,2,69.3
39,Male,Theft,Preparatory,33,13,2,3,62.7
29,Female,Theft,Primary,4,10,4,3,70.7
53,Male,Assault,Preparatory,97,8,0,2,50.2
40,Male,Theft,Primary,48,11,4,3,66.4
37,Male,Arson,Preparatory,36,18,1,3,75.1
55,Male,Sexual Offense,Illiterate,181,10,2,2,80.2
49,Male,Burglary,Secondary,14,6,1,0,28.9
62,Female,Theft,Bachelor's,20,6,0,1,21.9
22,Male,Public Order,Bachelor's,13,11,2,2,48.2
39,Male,Theft,Preparatory,30,7,1,0,33.3
64,Female,Robbery,Bachelor's,113,3,0,0,24.0
46,Male,Vandalism,Secondary,4,12,4,2,55.0
65,Male,Theft,Illiterate,34,7,2,0,36.7
35,Female,Theft,Primary,18,5,0,0,19.5
33,Female,Theft,Illiterate,20,11,0,1,44.5
64,Male,Sexual Offense,Secondary,175,10,0,3,67.3
36,Male,Murder,Illiterate,375,6,2,0,72.7
33,Male,Sexual Offense,Preparatory,116,7,1,0,60.5
40,Female,Sexual Offense,Secondary,97,13,3,2,77.3
65,Male,Public Order,Bachelor's,14,11,0,1,27.0
45,Male,Theft,Secondary,34,13,3,1,52.0
37,Male,Burglary,Preparatory,68,7,0,0,34.8
32,Male,Burglary,Secondary,50,18,4,5,91.5
50,Male,Burglary,Primary,28,9,2,1,52.8
61,Male,Theft,Literate,16,13,4,0,45.0
63,Male,Cybercrime,Bachelor's,39,6,0,1,29.3
28,Male,Murder,Illiterate,416,7,1,0,79.0
62,Male,Burglary,Postgraduate education,54,10,1,1,32.3
62,Male,Sexual Offense,Bachelor's,162,7,0,0,44.0
40,Male,Weapons Offense,Preparatory,70,9,0,0,39.4
60,Male,Kidnapping,Preparatory,298,12,1,0,62.5
42,Male,Robbery,Preparatory,111,13,1,1,50.5
32,Male,Cybercrime,Preparatory,58,11,4,0,48.1
65,Male,Assault,Preparatory,109,16,3,4,82.8
46,Male,Fraud,Preparatory,72,13,5,0,55.1
64,Male,Fraud,Primary,62,12,0,2,50.3
20,Male,Theft,Preparatory,24,5,0,0,33.6
59,Male,Assault,Primary,65,9,1,2,54.6
29,Male,Fraud,Primary,80,6,0,0,31.2
51,Male,Theft,Secondary,34,9,1,1,32.5
27,Male,Robbery,Primary,57,9,2,0,57.3
18,Male,Drug Offense,Secondary,17,5,1,1,54.0
44,Female,Burglary,Bachelor's,41,10,1,0,35.3
61,Male,Assault,Secondary,59,9,1,1,43.8
20,Male,Vandalism,Literate,29,11,4,2,74.9
45,Male,Theft,Literate,8,9,3,2,56.0
34,Male,Burglary,Secondary,24,12,1,0,45.6
54,Male,Burglary,Bachelor's,69,13,4,0,52.8
23,Male,Theft,Bachelor's,19,7,0,0,34.9
60,Male,Fraud,Preparatory,53,4,0,0,18.3
39,Male,Robbery,Literate,73,6,2,0,48.3
40,Male,Fraud,Primary,47,14,2,3,76.6
30,Male,Assault,Primary,82,13,4,2,79.8
63,Female,Burglary,Illiterate,40,10,3,0,49.0
54,Female,Burglary,Preparatory,57,10,4,2,61.4
23,Male,Robbery,Postgraduate education,90,7,0,1,52.2
57,Male,Cybercrime,Secondary,19,10,0,3,43.3
52,Male,Murder,Secondary,455,13,2,4,91.8
45,Male,Theft,Secondary,12,8,2,2,45.5
38,Female,Fraud,Illiterate,27,9,1,0,42.9
56,Male,Murder,Literate,401,13,2,2,88.1
26,Male,Assault,Secondary,105,13,5,1,74.7
48,Male,Weapons Offense,Secondary,74,11,2,2,58.1
61,Female,Robbery,Preparatory,82,17,3,0,60.9
25,Male,Murder,Primary,426,10,2,0,80.3
54,Male,Drug Offense,Postgraduate education,23,15,4,5,76.9
18,Male,Public Order,Secondary,16,3,0,0,25.3
22,Male,Theft,Secondary,42,2,0,0,27.1
38,Male,Kidnapping,Bachelor's,122,14,1,1,70.9
30,Male,Drug Offense,Literate,28,17,5,1,79.9
25,Male,Vandalism,Secondary,5,11,4,3,68.5
58,Male,Fraud,Secondary,33,15,0,4,66.0
37,Male,Sexual Offense,Preparatory,142,14,2,2,68.6
27,Male,Fraud,Preparatory,39,8,2,1,46.5
58,Male,Drug Offense,Postgraduate education,57,9,3,0,34.8
20,Male,Robbery,Secondary,85,7,0,1,45.6
26,Male,Drug Offense,Illiterate,47,8,2,1,58.1
18,Male,Drug Offense,Primary,88,13,4,1,76.0
51,Male,Theft,Primary,13,12,5,0,47.6
21,Male,Robbery,Primary,132,16,7,3,100.0
40,Male,Robbery,Illiterate,131,8,2,1,61.0
56,Male,Cybercrime,Bachelor's,38,6,2,1,30.2
21,Male,Drug Offense,Bachelor's,89,8,2,2,62.7
47,Male,Robbery,Illiterate,136,8,3,1,63.0
30,Male,Weapons Offense,Illiterate,85,5,1,1,53.9
24,Male,Burglary,Secondary,56,9,3,1,53.3
62,Male,Weapons Offense,Secondary,86,13,3,1,59.3
48,Male,Burglary,Preparatory,33,8,2,2,50.4
34,Male,Theft,Literate,25,12,5,1,62.1
48,Female,Robbery,Primary,49,13,4,2,79.5
36,Male,Theft,Bachelor's,29,16,7,2,64.6
45,Male,Cybercrime,Primary,19,10,4,0,46.7
54,Male,Theft,Primary,32,7,2,0,41.1
63,Male,Theft,Illiterate,6,12,2,0,40.1
59,Male,Cybercrime,Bachelor's,20,11,4,3,53.9
58,Male,Theft,Literate,42,9,2,1,38.0
65,Male,Drug Offense,Bachelor's,76,5,0,1,32.6
29,Female,Vandalism,Preparatory,16,11,0,3,54.9
63,Female,Murder,Bachelor's,202,12,1,2,57.7
32,Male,Theft,Secondary,12,10,4,2,54.9
46,Male,Burglary,Secondary,35,10,1,1,42.3
38,Male,Weapons Offense,Bachelor's,47,5,1,0,28.6
23,Male,Theft,Bachelor's,14,4,0,0,23.4
29,Male,Weapons Offense,Preparatory,65,15,0,1,60.4
56,Male,Theft,Primary,19,10,2,1,39.5
30,Male,Cybercrime,Preparatory,24,9,0,1,51.2
34,Male,Burglary,Secondary,63,14,5,2,70.5
44,Male,Burglary,Literate,60,8,0,0,43.9
63,Male,Theft,Secondary,13,5,1,0,23.7
46,Male,Assault,Primary,83,10,0,2,59.7
50,Male,Drug Offense,Bachelor's,69,13,2,4,69.0
52,Male,Assault,Illiterate,51,11,3,0,58.9
30,Male,Fraud,Illiterate,17,5,0,0,36.8
55,Male,Theft,Preparatory,43,13,0,4,55.4
26,Male,Kidnapping,Preparatory,241,10,1,2,74.9
46,Female,Robbery,Preparatory,88,9,0,1,51.4
25,Male,Murder,Primary,416,13,1,1,85.3
59,Male,Robbery,Secondary,117,13,4,0,56.4
31,Male,Sexual Offense,Bachelor's,186,7,0,0,54.8
59,Male,Arson,Preparatory,103,9,1,0,35.7
36,Female,Arson,Primary,88,8,3,1,52.8
65,Male,Theft,Primary,16,8,1,0,25.5
38,Female,Arson,Secondary,101,6,2,0,38.5
41,Male,Sexual Offense,Postgraduate education,197,9,0,1,44.1
54,Male,Fraud,Secondary,58,12,1,2,45.7
55,Male,Vandalism,Illiterate,17,11,3,0,48.1
63,Male,Kidnapping,Literate,265,16,6,3,100.0
43,Male,Assault,Secondary,35,8,1,2,50.3
18,Male,Burglary,Bachelor's,32,4,0,0,31.6
23,Male,Robbery,Preparatory,111,9,0,0,49.4
58,Male,Sexual Offense,Preparatory,129,12,3,1,64.4
32,Male,Fraud,Primary,48,8,1,0,38.2
27,Female,Robbery,Illiterate,115,11,2,2,79.3
48,Male,Theft,Secondary,12,10,2,2,41.4
29,Male,Theft,Illiterate,15,5,1,0,41.8
41,Male,Theft,Bachelor's,45,7,2,0,33.6
30,Male,Burglary,Secondary,14,9,1,2,48.5
23,Male,Drug Offense,Bachelor's,51,13,5,2,74.7
54,Male,Theft,Primary,32,11,2,2,47.5
45,Male,Drug Offense,Secondary,37,12,4,1,60.2
56,Male,Murder,Preparatory,288,7,0,1,59.3
60,Female,Robbery,Preparatory,94,10,1,1,50.1
61,Male,Theft,Postgraduate education,35,11,2,0,22.1
27,Male,Fraud,Postgraduate education,60,6,0,1,29.6
56,Male,Murder,Preparatory,182,11,4,0,67.6
61,Female,Drug Offense,Primary,64,9,3,1,52.2
50,Male,Drug Offense,Primary,14,13,5,4,80.5
51,Male,Murder,Primary,398,9,1,0,69.1
28,Male,Vandalism,Preparatory,12,12,0,2,45.8
31,Male,Arson,Primary,56,6,2,1,58.4
49,Male,Weapons Offense,Secondary,76,10,1,2,61.6
52,Male,Drug Offense,Literate,19,9,0,0,44.3
64,Male,Assault,Primary,110,13,4,0,61.9
61,Male,Drug Offense,Bachelor's,67,12,4,0,38.5
44,Male,Theft,Literate,22,12,0,1,51.2
56,Male,Fraud,Secondary,60,13,1,1,38.2
50,Male,Assault,Secondary,120,13,5,3,81.2
65,Male,Sexual Offense,Bachelor's,139,14,6,1,76.2
35,Female,Drug Offense,Postgraduate education,14,14,3,3,55.4
33,Male,Vandalism,Secondary,26,8,2,0,34.8
23,Male,Assault,Secondary,77,8,2,2,63.1
23,Male,Robbery,Illiterate,107,11,2,1,77.7
52,Male,Drug Offense,Bachelor's,81,14,6,3,78.4
33,Male,Theft,Secondary,15,14,0,0,36.3
35,Male,Murder,Secondary,284,12,1,0,65.2
49,Female,Drug Offense,Secondary,92,11,4,2,58.7
57,Male,Theft,Secondary,13,12,3,1,48.3
28,Female,Theft,Preparatory,9,9,2,2,58.2
50,Male,Burglary,Illiterate,21,13,1,2,56.6
33,Male,Fraud,Primary,36,9,1,2,53.0
33,Male,Fraud,Secondary,39,12,2,1,50.5
61,Male,Arson,Secondary,58,6,2,0,28.9
23,Male,Theft,Primary,38,6,0,1,43.2
56,Female,Assault,Illiterate,38,8,1,0,47.2
29,Male,Drug Offense,Bachelor's,43,18,6,1,73.3
24,Male,Assault,Secondary,75,11,3,2,78.1
54,Male,Theft,Secondary,47,13,2,2,43.5
24,Male,Drug Offense,Secondary,22,9,3,1,62.3
47,Male,Fraud,Bachelor's,39,14,4,1,53.4
29,Female,Vandalism,Preparatory,19,7,2,1,43.0
31,Male,Assault,Secondary,38,11,3,1,59.8
41,Female,Robbery,Secondary,74,10,2,0,51.1
45,Male,Theft,Postgraduate education,6,3,0,0,15.1
63,Male,Assault,Literate,42,12,2,1,59.2
52,Female,Weapons Offense,Bachelor's,30,7,0,0,22.2
20,Male,Drug Offense,Secondary,78,7,2,0,49.5
18,Male,Murder,Secondary,324,15,4,4,100.0
58,Male,Drug Offense,Literate,38,10,1,3,69.7
28,Male,Drug Offense,Illiterate,59,13,3,2,80.3
56,Female,Burglary,Primary,16,10,1,2,46.0
52,Male,Drug Offense,Secondary,35,15,4,0,53.7
63,Male,Burglary,Literate,67,17,5,1,71.7
20,Female,Theft,Literate,30,10,1,2,60.1
47,Male,Sexual Offense,Literate,151,9,1,0,65.5
28,Female,Assault,Illiterate,119,11,4,3,89.0
23,Male,Assault,Literate,79,9,3,1,75.4
47,Male,Kidnapping,Preparatory,154,11,3,1,66.1
56,Male,Robbery,Primary,100,9,2,0,43.9
43,Female,Arson,Preparatory,65,14,6,1,72.8
19,Male,Theft,Secondary,8,9,0,1,36.6
48,Male,Weapons Offense,Primary,26,9,2,0,47.8
36,Female,Theft,Secondary,7,7,1,0,29.9
56,Male,Arson,Illiterate,79,10,1,2,61.0
19,Male,Vandalism,Illiterate,19,10,2,0,56.0
50,Male,Murder,Preparatory,430,14,1,1,75.4
46,Male,Vandalism,Preparatory,30,11,0,2,42.5
46,Male,Theft,Illiterate,44,18,8,4,99.2
64,Male,Theft,Preparatory,20,7,0,0,30.2
60,Male,Theft,Bachelor's,17,11,4,2,44.0
38,Male,Cybercrime,Illiterate,16,7,1,1,41.5
46,Male,Drug Offense,Postgraduate education,43,5,0,0,16.3
64,Male,Burglary,Illiterate,66,10,2,1,54.4
62,Male,Burglary,Illiterate,18,7,2,0,43.8
23,Male,Theft,Primary,4,3,0,0,39.7
45,Female,Vandalism,Preparatory,7,13,4,4,71.7
57,Male,Fraud,Literate,17,7,1,0,30.0
43,Male,Theft,Preparatory,48,12,4,3,68.0
35,Male,Assault,Illiterate,35,15,3,0,64.4
47,Male,Fraud,Secondary,68,5,0,0,25.7
54,Male,Assault,Preparatory,48,7,0,1,45.9
58,Male,Burglary,Bachelor's,62,12,4,0,39.5
34,Male,Assault,Secondary,27,13,0,4,74.9
37,Male,Murder,Illiterate,306,8,3,2,91.8
52,Female,Assault,Secondary,39,13,4,4,82.7
24,Female,Weapons Offense,Primary,66,12,0,3,79.0
62,Male,Vandalism,Preparatory,31,13,4,3,66.6
44,Female,Murder,Primary,317,8,2,2,72.8
54,Male,Theft,Preparatory,39,13,1,4,56.0
27,Male,Assault,Primary,33,17,3,1,82.6
48,Female,Assault,Secondary,40,13,1,3,66.1
27,Male,Murder,Primary,359,4,1,0,63.3
32,Male,Assault,Literate,82,11,0,1,58.9
60,Male,Cybercrime,Secondary,9,10,0,2,37.0
57,Female,Drug Offense,Secondary,35,10,1,3,52.1
52,Male,Murder,Preparatory,300,11,3,1,76.7
41,Male,Assault,Postgraduate education,45,12,4,0,47.6
57,Male,Weapons Offense,Primary,67,13,5,0,60.1
62,Male,Drug Offense,Illiterate,44,11,1,1,56.6
19,Female,Drug Offense,Secondary,63,11,0,0,52.3
60,Male,Sexual Offense,Secondary,174,7,0,0,43.1
42,Male,Robbery,Literate,94,8,2,1,58.4
33,Male,Burglary,Secondary,37,5,1,1,45.0
61,Male,Sexual Offense,Secondary,237,8,3,0,51.1
64,Male,Drug Offense,Preparatory,31,11,3,1,51.0
48,Male,Public Order,Bachelor's,8,11,3,3,46.3
37,Female,Weapons Offense,Secondary,31,6,2,1,52.4
24,Male,Burglary,Primary,15,8,0,0,47.5
25,Male,Cybercrime,Illiterate,31,11,3,1,60.4
62,Male,Cybercrime,Postgraduate education,17,9,3,1,34.0
44,Male,Burglary,Bachelor's,47,11,2,1,45.7
44,Male,Burglary,Preparatory,14,14,1,2,61.5
36,Male,Fraud,Secondary,27,13,5,3,73.0
65,Female,Drug Offense,Primary,46,11,2,0,41.7
36,Female,Theft,Literate,24,12,5,2,66.9
34,Female,Robbery,Postgraduate education,78,8,0,2,39.6
48,Male,Burglary,Secondary,52,13,4,4,70.1
53,Male,Robbery,Bachelor's,134,9,2,1,47.4
37,Male,Assault,Bachelor's,33,14,3,0,46.6
28,Male,Theft,Bachelor's,20,11,2,1,42.0
49,Male,Burglary,Primary,36,12,5,0,54.1
36,Male,Drug Offense,Preparatory,68,7,0,0,39.2
29,Male,Sexual Offense,Primary,231,16,7,0,89.2
49,Male,Drug Offense,Secondary,58,9,3,1,48.9
33,Male,Theft,Primary,10,9,3,2,62.3
34,Male,Weapons Offense,Illiterate,91,13,0,0,55.1
32,Male,Assault,Secondary,111,13,5,1,78.4
33,Male,Public Order,Secondary,18,10,1,0,38.1
28,Male,Kidnapping,Postgraduate education,126,14,1,0,53.9
64,Male,Theft,Preparatory,22,16,6,1,67.0
33,Male,Assault,Secondary,73,6,2,0,46.3
28,Male,Kidnapping,Postgraduate education,282,15,4,2,81.2
22,Female,Drug Offense,Illiterate,65,6,0,0,47.2
65,Male,Fraud,Secondary,60,10,2,2,43.4
56,Male,Burglary,Preparatory,31,9,3,1,41.0
56,Male,Vandalism,Secondary,7,7,0,1,25.9
51,Female,Drug Offense,Secondary,16,6,2,1,35.1
42,Male,Assault,Bachelor's,58,8,2,2,54.3
46,Male,Murder,Literate,264,13,0,1,78.1
38,Male,Sexual Offense,Primary,202,19,1,2,88.8
20,Male,Burglary,Illiterate,70,13,4,1,73.2
48,Male,Weapons Offense,Secondary,77,11,3,3,68.3
50,Female,Drug Offense,Literate,34,8,2,1,41.1
21,Male,Cybercrime,Primary,50,12,2,3,71.3
57,Male,Theft,Illiterate,32,5,1,1,36.1
57,Male,Fraud,Secondary,69,11,4,0,42.2
50,Female,Burglary,Bachelor's,53,9,1,0,31.6
22,Male,Robbery,Primary,68,5,0,1,49.8
43,Male,Assault,Bachelor's,45,11,1,0,44.5
33,Male,Assault,Preparatory,115,7,2,0,49.0
40,Male,Burglary,Secondary,65,14,6,3,67.7
38,Male,Sexual Offense,Secondary,212,11,2,1,66.7
38,Male,Sexual Offense,Primary,221,10,4,0,74.5
62,Male,Assault,Secondary,27,9,3,0,44.6
39,Male,Assault,Preparatory,100,7,2,1,49.7
59,Male,Vandalism,Preparatory,30,13,2,3,61.8
19,Male,Sexual Offense,Illiterate,190,15,1,3,96.9
55,Male,Robbery,Secondary,49,11,0,0,28.5
38,Male,Robbery,Bachelor's,108,10,2,1,49.2
21,Female,Fraud,Secondary,15,13,2,3,68.9
26,Male,Arson,Secondary,115,12,0,1,55.5
58,Female,Assault,Illiterate,103,15,4,2,78.7
44,Male,Robbery,Preparatory,86,10,4,0,61.3
19,Female,Robbery,Illiterate,57,7,2,0,56.7
23,Male,Assault,Literate,45,8,0,0,57.2
60,Male,Robbery,Secondary,49,8,1,2,46.9
51,Male,Vandalism,Bachelor's,25,9,3,0,32.1
55,Male,Assault,Postgraduate education,101,15,0,5,73.6
58,Male,Fraud,Primary,32,9,0,1,36.5
35,Male,Assault,Preparatory,117,12,3,2,71.5
55,Male,Vandalism,Secondary,29,6,0,1,25.2
61,Female,Arson,Primary,64,7,2,1,48.9
49,Female,Burglary,Secondary,63,13,2,4,69.8
64,Male,Weapons Offense,Literate,33,3,0,0,37.8
28,Male,Robbery,Secondary,106,11,1,3,68.0
36,Male,Vandalism,Bachelor's,6,7,0,1,29.8
23,Male,Vandalism,Secondary,13,9,1,2,48.5
48,Male,Drug Offense,Literate,47,9,0,0,39.1
54,Male,Vandalism,Preparatory,13,7,2,1,38.0
31,Male,Fraud,Primary,84,7,1,1,49.7
57,Male,Theft,Primary,36,9,1,0,36.7
39,Male,Assault,Illiterate,57,9,0,1,59.0
23,Male,Sexual Offense,Bachelor's,168,13,1,2,75.6
27,Male,Kidnapping,Preparatory,201,13,5,3,90.2
32,Male,Murder,Illiterate,283,19,1,2,100.0
61,Female,Cybercrime,Preparatory,21,13,3,2,48.8
39,Male,Robbery,Illiterate,52,16,2,0,63.1
64,Male,Burglary,Primary,44,12,2,0,46.9
40,Male,Fraud,Primary,45,10,2,2,55.9
44,Male,Assault,Preparatory,87,8,1,1,52.3
30,Male,Assault,Secondary,68,8,1,2,58.6
56,Female,Burglary,Primary,44,11,2,2,52.5
20,Male,Sexual Offense,Secondary,219,8,2,2,76.4
23,Male,Vandalism,Illiterate,18,16,7,2,82.2
30,Female,Kidnapping,Secondary,135,11,1,0,55.4
50,Male,Robbery,Illiterate,119,11,4,1,67.7
37,Male,Drug Offense,Bachelor's,18,7,2,0,35.9
60,Male,Theft,Secondary,15,14,2,4,68.8
23,Male,Weapons Offense,Secondary,44,6,1,0,47.4
61,Female,Theft,Primary,29,6,1,1,36.3
49,Male,Sexual Offense,Preparatory,213,13,3,4,95.0
47,Male,Vandalism,Primary,32,9,1,0,36.1
42,Male,Fraud,Primary,19,9,1,2,47.3
31,Male,Public Order,Literate,11,17,4,2,72.7
62,Male,Fraud,Secondary,26,10,0,1,31.2
24,Female,Theft,Secondary,39,7,2,0,42.8
38,Male,Burglary,Illiterate,51,12,2,1,66.0
64,Male,Burglary,Primary,53,9,3,0,43.6
23,Male,Drug Offense,Postgraduate education,51,8,0,2,50.5
59,Male,Robbery,Secondary,95,11,1,3,64.3
19,Male,Burglary,Preparatory,63,9,0,2,57.3
45,Male,Assault,Secondary,64,13,1,0,44.0
58,Female,Kidnapping,Primary,249,8,3,1,69.7
48,Male,Theft,Bachelor's,29,15,6,0,47.7
36,Male,Burglary,Postgraduate education,54,14,6,3,69.3
26,Male,Cybercrime,Bachelor's,35,9,3,1,36.7
33,Male,Murder,Illiterate,470,11,1,0,76.9
38,Male,Weapons Offense,Primary,28,14,5,2,80.5
28,Male,Vandalism,Bachelor's,35,4,0,0,22.1
57,Male,Assault,Literate,71,11,0,3,69.1
52,Male,Robbery,Postgraduate education,107,6,1,1,28.0
56,Female,Drug Offense,Bachelor's,87,8,2,0,38.7
37,Male,Fraud,Illiterate,54,9,2,2,58.2
57,Male,Kidnapping,Secondary,190,7,2,0,52.4
38,Male,Fraud,Postgraduate education,50,8,1,2,33.2
45,Male,Robbery,Primary,110,13,1,2,67.3
18,Male,Theft,Preparatory,22,8,0,2,47.0
27,Female,Cybercrime,Secondary,30,13,0,0,40.4
49,Male,Robbery,Preparatory,37,10,3,1,51.3
22,Male,Assault,Preparatory,111,9,3,1,76.4
40,Male,Theft,Secondary,27,6,2,1,36.5
46,Female,Kidnapping,Secondary,178,6,2,0,60.1
45,Male,Arson,Bachelor's,41,8,2,1,43.0
65,Male,Assault,Illiterate,112,9,2,1,57.6
37,Male,Assault,Bachelor's,28,13,2,4,78.7
58,Male,Robbery,Bachelor's,41,12,5,0,48.3
61,Male,Fraud,Primary,50,11,1,0,44.9
18,Male,Murder,Literate,224,13,0,0,85.0
42,Female,Fraud,Primary,34,12,2,0,46.7
49,Male,Drug Offense,Secondary,37,15,5,0,62.2
26,Male,Arson,Preparatory,100,13,0,3,71.4
39,Female,Public Order,Secondary,14,9,2,2,40.7
43,Male,Assault,Primary,119,15,3,5,88.1
47,Male,Robbery,Bachelor's,122,9,3,1,58.8
44,Male,Assault,Secondary,98,16,6,2,80.5
37,Female,Murder,Preparatory,302,12,4,2,82.9
42,Male,Drug Offense,Primary,59,7,1,0,47.2
38,Male,Fraud,Bachelor's,21,7,1,1,28.0
32,Male,Robbery,Postgraduate education,59,3,0,0,27.8
26,Male,Fraud,Illiterate,31,8,0,2,47.3
41,Male,Fraud,Secondary,22,14,1,2,49.8
27,Male,Assault,Secondary,118,6,2,0,39.7
37,Male,Arson,Bachelor's,110,6,1,0,39.4
49,Male,Assault,Secondary,88,8,3,1,57.4
58,Male,Fraud,Primary,66,7,1,0,32.7
32,Male,Burglary,Secondary,28,9,0,0,33.6
63,Male,Murder,Bachelor's,273,11,2,2,69.2
29,Male,Vandalism,Secondary,30,9,0,1,41.1
34,Male,Theft,Literate,33,12,1,2,61.8
36,Male,Weapons Offense,Secondary,38,17,5,1,69.1
49,Male,Public Order,Secondary,3,7,0,0,16.1
54,Male,Cybercrime,Primary,49,8,1,2,39.7
59,Male,Assault,Secondary,52,10,0,2,46.5
42,Male,Vandalism,Literate,3,7,0,1,44.6
44,Male,Fraud,Primary,57,10,4,2,63.2
49,Male,Fraud,Secondary,33,7,1,1,38.6
56,Male,Vandalism,Illiterate,22,14,0,1,46.4
18,Male,Sexual Offense,Primary,136,6,0,1,62.7
48,Male,Burglary,Literate,61,7,0,1,46.4
51,Male,Assault,Bachelor's,72,9,3,2,51.5
31,Male,Robbery,Secondary,65,16,7,4,99.7
39,Male,Theft,Secondary,47,10,1,1,42.9
27,Male,Burglary,Postgraduate education,12,12,3,2,52.1
61,Male,Vandalism,Secondary,24,6,2,0,21.5
50,Male,Fraud,Literate,20,9,1,2,49.1
53,Male,Weapons Offense,Postgraduate education,32,11,4,1,50.3
63,Male,Drug Offense,Literate,22,13,0,1,57.7
47,Male,Drug Offense,Secondary,38,16,6,5,92.4
58,Male,Fraud,Primary,50,9,1,0,34.9
48,Male,Theft,Primary,29,5,1,0,30.5
38,Male,Robbery,Illiterate,61,14,2,1,69.1
61,Male,Theft,Literate,45,7,1,1,35.9
56,Male,Public Order,Bachelor's,16,5,0,1,19.6
41,Male,Drug Offense,Primary,25,13,1,2,58.2
60,Male,Sexual Offense,Secondary,128,7,1,0,46.7
62,Male,Drug Offense,Preparatory,24,7,0,0,32.8
55,Male,Theft,Secondary,18,20,4,5,87.2
21,Male,Assault,Secondary,82,10,4,3,81.4
22,Male,Vandalism,Preparatory,12,6,2,0,41.2
36,Male,Drug Offense,Secondary,89,16,0,1,47.7
22,Male,Theft,Secondary,35,13,2,4,75.9
33,Male,Cybercrime,Bachelor's,51,7,0,1,23.2
22,Male,Robbery,Preparatory,99,8,1,0,52.9
44,Male,Theft,Preparatory,8,15,4,0,47.3
44,Male,Assault,Bachelor's,41,10,1,0,46.6
50,Female,Burglary,Literate,72,8,2,0,42.3
42,Male,Murder,Primary,317,8,0,0,58.4
63,Female,Drug Offense,Illiterate,28,9,0,1,46.6
54,Male,Vandalism,Secondary,21,10,0,1,22.2
30,Male,Kidnapping,Primary,201,9,0,0,62.3
47,Male,Vandalism,Preparatory,28,11,1,1,40.1
22,Male,Burglary,Secondary,66,6,1,1,38.5
45,Male,Robbery,Secondary,40,10,3,0,46.9
63,Female,Vandalism,Secondary,25,13,2,3,46.7
64,Male,Assault,Primary,50,8,2,1,50.6
54,Male,Public Order,Secondary,12,6,1,1,24.7
55,Male,Fraud,Illiterate,26,11,4,3,67.1
55,Male,Theft,Secondary,4,8,1,0,19.9
44,Male,Murder,Primary,297,13,0,0,66.4
44,Male,Assault,Preparatory,80,11,2,1,57.3
26,Male,Theft,Bachelor's,17,8,3,1,43.6
58,Male,Murder,Secondary,214,11,4,2,78.7
28,Male,Weapons Offense,Secondary,74,7,0,0,40.1
48,Male,Burglary,Literate,13,8,3,2,60.2
30,Male,Burglary,Secondary,44,11,4,3,63.8
32,Female,Fraud,Preparatory,12,6,0,0,34.1
47,Male,Murder,Secondary,357,10,2,3,80.3
43,Male,Robbery,Secondary,143,11,2,0,47.0
30,Male,Assault,Illiterate,57,9,2,2,71.7
43,Male,Burglary,Primary,37,13,4,1,58.1
34,Male,Theft,Bachelor's,24,11,3,0,36.5
35,Female,Cybercrime,Secondary,37,6,0,1,21.3
65,Female,Sexual Offense,Illiterate,186,15,6,5,100.0
51,Female,Assault,Literate,44,11,4,3,76.3
39,Male,Theft,Postgraduate education,14,5,1,1,17.3
45,Male,Fraud,Primary,75,9,0,2,43.6
50,Female,Drug Offense,Secondary,78,6,2,1,37.8
21,Male,Vandalism,Secondary,27,10,3,3,65.9
25,Male,Drug Offense,Preparatory,13,12,3,2,65.2
20,Male,Weapons Offense,Secondary,28,12,4,1,71.7
46,Male,Assault,Primary,74,4,1,0,44.0
46,Female,Sexual Offense,Secondary,223,11,1,2,70.7
36,Male,Fraud,Secondary,16,9,3,2,47.0
53,Male,Theft,Literate,36,6,1,0,29.4
38,Female,Fraud,Illiterate,40,10,2,2,58.1
27,Male,Public Order,Primary,5,5,0,0,30.9
60,Male,Burglary,Secondary,23,10,4,2,51.1
40,Male,Theft,Postgraduate education,40,10,3,2,38.8
59,Male,Arson,Secondary,37,6,1,0,29.4
54,Male,Drug Offense,Primary,35,11,1,2,57.4
38,Male,Drug Offense,Secondary,87,8,2,1,43.2
20,Male,Burglary,Secondary,27,12,4,3,76.0
53,Male,Assault,Preparatory,83,7,1,0,44.6
42,Male,Theft,Secondary,13,14,4,2,55.1
64,Male,Weapons Offense,Bachelor's,33,9,3,2,50.3
30,Male,Vandalism,Illiterate,16,10,1,0,53.2
54,Male,Public Order,Secondary,18,13,3,0,36.1
47,Male,Drug Offense,Secondary,14,11,2,2,58.6
51,Male,Burglary,Primary,56,9,1,1,45.5
54,Male,Drug Offense,Bachelor's,69,14,2,2,56.4
63,Male,Fraud,Preparatory,77,11,0,2,45.4
28,Female,Assault,Primary,63,10,1,2,63.6
53,Male,Robbery,Primary,141,8,0,1,42.1
24,Male,Assault,Preparatory,67,10,1,2,64.0
46,Male,Fraud,Preparatory,21,3,0,0,21.6
55,Male,Sexual Offense,Bachelor's,239,15,1,3,81.6
53,Male,Arson,Bachelor's,43,9,3,1,48.7
27,Male,Public Order,Preparatory,15,7,2,0,38.7
35,Male,Assault,Secondary,47,12,4,0,58.2
33,Male,Theft,Preparatory,27,14,3,2,59.7
46,Male,Assault,Secondary,106,8,3,2,59.4
28,Male,Drug Offense,Secondary,34,8,2,1,49.3
42,Male,Arson,Preparatory,60,9,3,0,49.1
43,Male,Vandalism,Preparatory,19,11,4,1,58.3
62,Male,Sexual Offense,Primary,154,14,5,1,78.6
46,Male,Burglary,Preparatory,31,5,0,0,24.7
37,Male,Weapons Offense,Preparatory,42,10,0,3,59.5
38,Male,Fraud,Bachelor's,18,11,4,1,39.5
63,Male,Assault,Bachelor's,37,16,7,3,77.0
25,Male,Assault,Bachelor's,53,15,2,3,75.3
52,Male,Theft,Preparatory,21,13,3,3,62.5
65,Male,Public Order,Secondary,2,10,3,0,27.1
60,Male,Cybercrime,Postgraduate education,6,9,0,0,20.8
56,Male,Assault,Primary,32,7,1,1,45.8
55,Male,Assault,Secondary,46,7,1,0,34.9
49,Male,Public Order,Illiterate,21,14,0,3,59.8
37,Male,Cybercrime,Preparatory,50,10,2,3,54.8
33,Male,Arson,Secondary,67,10,2,2,61.6
37,Male,Cybercrime,Literate,55,9,0,1,42.7
38,Male,Robbery,Primary,79,15,6,5,98.6
64,Male,Assault,Bachelor's,41,6,0,0,29.9
43,Male,Murder,Bachelor's,283,6,2,1,62.4
28,Female,Public Order,Secondary,5,10,0,1,33.3
47,Male,Theft,Preparatory,45,13,3,4,66.1
42,Male,Sexual Offense,Secondary,192,14,4,4,100.0
55,Female,Public Order,Primary,14,11,0,3,46.0
64,Male,Public Order,Postgraduate education,21,11,4,0,28.7
48,Male,Drug Offense,Primary,47,7,2,1,45.9
48,Male,Assault,Bachelor's,47,12,4,1,63.8
44,Male,Murder,Bachelor's,242,11,0,0,49.7
57,Male,Sexual Offense,Bachelor's,119,16,4,2,74.6
63,Female,Weapons Offense,Secondary,41,12,1,1,46.6
50,Male,Theft,Bachelor's,28,8,2,2,41.0
29,Male,Drug Offense,Primary,24,13,3,2,73.7
50,Male,Fraud,Primary,81,8,2,1,38.5
57,Male,Assault,Preparatory,54,13,3,4,73.0
23,Male,Theft,Bachelor's,25,10,3,0,50.5
43,Male,Burglary,Bachelor's,44,12,4,1,55.6
27,Male,Burglary,Secondary,67,13,4,4,78.5
57,Male,Public Order,Secondary,18,2,0,0,14.9
42,Male,Theft,Bachelor's,35,16,4,1,62.8
55,Male,Drug Offense,Illiterate,30,10,1,1,47.1
65,Male,Theft,Preparatory,37,12,0,3,44.0
44,Female,Robbery,Primary,116,12,1,2,71.7
31,Male,Fraud,Secondary,79,14,6,2,72.9
52,Male,Theft,Literate,26,13,0,0,34.0
52,Male,Assault,Secondary,105,10,1,1,49.9
36,Male,Weapons Offense,Secondary,74,13,2,0,52.2
31,Male,Burglary,Illiterate,47,9,0,0,47.4
36,Male,Theft,Literate,28,13,1,4,72.1
27,Male,Theft,Bachelor's,47,4,0,0,17.1
43,Male,Theft,Bachelor's,21,17,2,0,38.0
60,Male,Murder,Secondary,401,10,0,1,68.3
33,Male,Drug Offense,Primary,16,6,1,1,52.2
32,Female,Theft,Bachelor's,9,9,2,1,41.8
42,Male,Arson,Preparatory,54,8,0,2,49.5
51,Male,Vandalism,Primary,21,4,1,0,26.6
18,Male,Robbery,Secondary,84,12,2,1,60.2
27,Male,Murder,Illiterate,233,7,2,1,80.9
58,Male,Robbery,Preparatory,40,14,2,2,66.7
42,Male,Arson,Secondary,120,15,3,4,82.7
21,Male,Fraud,Illiterate,65,8,0,1,50.5
55,Male,Theft,Primary,45,13,4,0,48.6
39,Male,Vandalism,Secondary,27,6,0,0,21.1
26,Female,Robbery,Postgraduate education,89,11,0,0,37.5
42,Male,Murder,Primary,420,7,1,0,72.7
32,Male,Theft,Illiterate,25,5,0,0,35.4
21,Female,Weapons Offense,Primary,51,11,0,3,71.4
51,Male,Fraud,Secondary,13,15,0,4,65.9
47,Male,Theft,Bachelor's,46,12,3,2,44.9
47,Male,Drug Offense,Preparatory,33,14,4,1,72.7
33,Male,Theft,Primary,4,10,4,0,59.4
45,Male,Theft,Secondary,17,10,2,1,34.2
32,Male,Arson,Preparatory,46,9,0,1,53.6
34,Male,Arson,Primary,44,7,0,0,42.2
28,Male,Vandalism,Secondary,13,11,4,3,60.6
36,Male,Murder,Literate,272,7,1,1,65.3
50,Female,Weapons Offense,Illiterate,47,6,0,0,43.8
21,Male,Vandalism,Secondary,11,10,4,2,54.5
25,Male,Cybercrime,Secondary,13,8,2,0,33.7
28,Male,Assault,Primary,29,12,5,0,69.8
38,Male,Assault,Primary,115,11,0,1,60.8
26,Male,Weapons Offense,Illiterate,61,10,0,0,57.4
33,Male,Vandalism,Secondary,13,4,1,0,22.4
41,Male,Arson,Preparatory,112,11,4,0,59.9
43,Male,Vandalism,Primary,17,10,1,3,58.3
50,Female,Robbery,Secondary,122,13,0,2,53.4
32,Male,Fraud,Primary,46,8,2,2,52.7
27,Male,Murder,Primary,448,9,3,1,83.4
19,Male,Public Order,Preparatory,21,4,1,0,29.8
34,Male,Robbery,Preparatory,67,15,3,0,64.5
26,Male,Theft,Primary,4,15,6,5,95.5
39,Female,Arson,Primary,101,13,0,0,52.9
49,Male,Robbery,Illiterate,76,6,0,1,59.2
25,Male,Weapons Offense,Preparatory,45,6,2,0,44.4
24,Male,Theft,Primary,19,7,0,0,37.6
48,Male,Burglary,Literate,16,10,2,0,40.9
48,Male,Weapons Offense,Bachelor's,25,8,0,2,44.8
19,Male,Burglary,Preparatory,55,12,3,2,73.3
50,Male,Weapons Offense,Preparatory,66,8,2,0,43.3
61,Female,Arson,Preparatory,71,10,0,1,43.1
56,Male,Fraud,Illiterate,29,7,1,0,37.0
32,Male,Sexual Offense,Secondary,216,14,6,3,100.0
34,Male,Theft,Literate,3,10,0,2,58.5
30,Male,Drug Offense,Preparatory,31,10,3,2,60.1
40,Male,Theft,Preparatory,40,12,1,2,43.5
58,Male,Robbery,Secondary,135,15,1,3,66.4
41,Male,Theft,Preparatory,48,2,0,0,18.4
39,Male,Assault,Literate,79,15,5,4,99.0
44,Male,Weapons Offense,Bachelor's,51,9,3,1,52.8
60,Male,Assault,Preparatory,90,6,0,0,34.4
22,Male,Theft,Bachelor's,38,12,0,1,57.7
22,Male,Burglary,Preparatory,29,12,0,0,46.3
28,Male,Cybercrime,Preparatory,54,14,2,4,75.0
57,Male,Burglary,Secondary,34,7,2,0,30.1
33,Male,Theft,Secondary,28,9,2,0,37.6
20,Male,Assault,Primary,47,5,1,1,52.7
56,Male,Vandalism,Bachelor's,21,8,2,1,28.5
63,Male,Theft,Primary,41,5,0,1,32.0
49,Male,Robbery,Postgraduate education,70,10,2,1,46.0
64,Male,Drug Offense,Secondary,71,4,1,0,25.8
20,Male,Murder,Secondary,474,9,2,2,86.9
44,Male,Theft,Primary,27,15,0,4,65.5
39,Male,Weapons Offense,Primary,73,10,1,3,64.4
24,Male,Theft,Primary,46,6,1,1,49.7
34,Male,Assault,Bachelor's,75,10,3,2,64.9
52,Female,Sexual Offense,Illiterate,109,10,0,1,61.7
51,Male,Theft,Secondary,48,2,0,0,7.0
61,Male,Cybercrime,Preparatory,46,11,4,0,47.5
35,Female,Theft,Bachelor's,13,4,1,0,17.6
24,Female,Assault,Secondary,82,9,1,2,68.2
60,Male,Theft,Secondary,39,8,0,2,32.8
55,Male,Robbery,Preparatory,65,12,4,3,74.5
44,Male,Arson,Literate,69,7,1,0,45.9
52,Male,Assault,Secondary,115,5,1,0,28.7
44,Male,Weapons Offense,Bachelor's,73,16,6,5,94.1
38,Male,Sexual Offense,Secondary,113,14,2,3,77.0
53,Female,Vandalism,Secondary,10,6,2,0,25.9
28,Male,Arson,Secondary,104,10,4,3,79.3
50,Male,Drug Offense,Primary,86,9,3,2,61.0
22,Male,Fraud,Secondary,49,10,3,1,50.8
24,Male,Fraud,Postgraduate education,54,9,0,0,32.2
41,Male,Sexual Offense,Illiterate,167,12,1,0,70.0
31,Male,Fraud,Literate,53,10,3,1,63.4
41,Male,Public Order,Illiterate,4,12,2,3,61.6
45,Male,Vandalism,Primary,9,15,2,0,47.5
35,Male,Theft,Illiterate,20,9,2,1,43.4
20,Male,Fraud,Illiterate,42,10,4,2,77.3
25,Male,Assault,Postgraduate education,29,11,4,0,42.9
46,Male,Drug Offense,Literate,64,10,1,2,57.9
51,Male,Burglary,Secondary,54,12,1,0,35.4
39,Male,Robbery,Preparatory,62,8,1,1,42.9
65,Male,Public Order,Secondary,19,10,2,1,32.0
65,Male,Cybercrime,Preparatory,57,13,1,3,58.1
59,Female,Assault,Primary,76,9,1,2,60.9
44,Male,Cybercrime,Postgraduate education,34,14,6,1,50.8
64,Female,Assault,Bachelor's,95,8,2,0,43.1
62,Female,Drug Offense,Secondary,73,9,3,0,42.0
22,Female,Vandalism,Primary,12,11,2,2,63.5
40,Male,Drug Offense,Secondary,75,10,2,3,65.8
47,Male,Robbery,Secondary,36,7,2,0,42.9
58,Male,Robbery,Primary,38,7,2,0,39.0
34,Male,Weapons Offense,Primary,31,10,3,3,78.8
20,Male,Burglary,Illiterate,55,13,2,3,80.2
43,Male,Assault,Literate,24,7,0,0,44.0
46,Male,Theft,Preparatory,48,9,3,1,51.2
65,Male,Theft,Preparatory,23,6,2,1,25.0
18,Male,Vandalism,Primary,32,14,0,4,76.4
28,Male,Drug Offense,Illiterate,49,6,2,1,62.9
31,Male,Drug Offense,Preparatory,64,13,5,3,84.3
47,Male,Weapons Offense,Literate,80,11,2,3,81.5
20,Male,Fraud,Primary,21,6,1,1,49.8
43,Male,Public Order,Secondary,11,9,3,2,42.8
50,Male,Assault,Bachelor's,40,13,2,3,58.3
39,Male,Vandalism,Preparatory,32,6,1,1,37.7
50,Male,Drug Offense,Secondary,67,11,0,1,42.4
57,Male,Sexual Offense,Literate,185,10,1,3,77.6
20,Male,Burglary,Bachelor's,27,7,0,0,31.7
34,Male,Drug Offense,Postgraduate education,40,8,2,2,50.0
23,Male,Theft,Secondary,6,8,0,1,39.6
63,Male,Assault,Preparatory,65,10,0,2,50.1
36,Male,Robbery,Secondary,58,13,2,3,69.0
35,Male,Public Order,Literate,14,9,3,0,38.6
54,Male,Robbery,Secondary,100,7,2,1,42.3
65,Male,Theft,Secondary,3,5,0,1,27.4
41,Male,Theft,Postgraduate education,36,18,8,3,75.7
20,Female,Assault,Primary,52,5,0,1,56.9
42,Male,Assault,Secondary,107,9,0,2,53.7
53,Male,Fraud,Bachelor's,29,10,3,1,48.0
44,Male,Theft,Preparatory,25,6,2,0,29.0
60,Male,Assault,Preparatory,44,11,3,2,60.6
57,Female,Theft,Preparatory,34,10,0,1,38.6
35,Male,Theft,Primary,46,8,1,0,35.2
55,Male,Vandalism,Secondary,30,10,1,0,25.1
59,Male,Weapons Offense,Secondary,43,12,5,2,65.6
43,Male,Assault,Illiterate,106,16,3,2,87.5
29,Male,Fraud,Preparatory,73,14,5,3,75.1
55,Female,Assault,Bachelor's,33,6,2,0,35.6
55,Male,Cybercrime,Primary,27,9,3,1,54.6
31,Male,Public Order,Preparatory,7,12,3,2,57.3
35,Male,Burglary,Bachelor's,45,20,9,3,99.9
59,Male,Theft,Postgraduate education,30,16,5,4,64.4
62,Male,Burglary,Primary,60,9,2,0,42.8
23,Male,Drug Offense,Illiterate,31,8,3,2,75.0
62,Male,Assault,Primary,43,4,1,0,43.6
27,Male,Drug Offense,Primary,69,13,2,4,78.4
20,Male,Assault,Postgraduate education,24,9,3,0,46.2
24,Male,Sexual Offense,Literate,209,14,1,1,83.8
22,Male,Assault,Illiterate,95,16,2,0,76.7
56,Female,Drug Offense,Primary,50,8,2,0,47.3
53,Male,Weapons Offense,Secondary,39,9,0,1,42.3
26,Female,Assault,Preparatory,100,6,0,1,46.5
33,Male,Theft,Bachelor's,23,11,0,2,44.9
50,Male,Drug Offense,Bachelor's,54,8,0,2,37.5
59,Female,Assault,Secondary,58,7,1,0,42.8
19,Male,Robbery,Bachelor's,79,7,1,0,46.2
20,Male,Kidnapping,Secondary,132,8,1,1,56.1
39,Male,Weapons Offense,Primary,90,12,4,3,82.1
64,Male,Assault,Secondary,99,17,2,5,92.1
20,Male,Public Order,Secondary,3,11,0,2,49.3
24,Male,Fraud,Primary,14,10,1,1,57.2
26,Female,Theft,Bachelor's,21,13,5,3,63.8
45,Female,Vandalism,Secondary,12,13,3,2,52.8
50,Male,Sexual Offense,Secondary,184,9,0,2,62.9
54,Male,Burglary,Secondary,15,11,1,1,43.5
47,Male,Robbery,Preparatory,107,13,0,0,51.3
34,Male,Sexual Offense,Primary,115,17,5,5,100.0
29,Male,Cybercrime,Literate,21,4,0,0,33.7
32,Male,Vandalism,Secondary,26,12,3,2,60.7
44,Female,Fraud,Secondary,27,8,2,0,39.4
44,Male,Assault,Bachelor's,89,10,1,3,62.7
58,Male,Theft,Postgraduate education,42,10,4,0,28.8
40,Male,Robbery,Bachelor's,108,10,2,0,40.1
61,Male,Robbery,Literate,70,9,3,1,60.1
40,Male,Fraud,Bachelor's,84,12,2,1,47.0
38,Male,Cybercrime,Secondary,60,10,4,3,68.2
32,Male,Public Order,Postgraduate education,24,11,3,3,52.6
53,Female,Fraud,Illiterate,35,9,3,1,48.4
44,Male,Burglary,Bachelor's,35,7,0,1,30.0
41,Male,Robbery,Preparatory,100,12,2,3,74.6
65,Male,Robbery,Preparatory,109,10,2,2,65.0
33,Male,Public Order,Preparatory,12,11,1,0,41.7
35,Male,Weapons Offense,Bachelor's,84,10,1,1,47.8
50,Male,Murder,Bachelor's,243,8,1,2,59.1
55,Male,Assault,Preparatory,72,14,0,0,46.4
57,Male,Fraud,Bachelor's,65,7,2,0,31.4
27,Female,Assault,Literate,54,6,2,1,61.7
44,Male,Theft,Literate,24,10,3,2,52.8
32,Female,Theft,Primary,41,10,0,3,66.5
63,Male,Fraud,Primary,72,11,3,2,73.1
53,Male,Arson,Illiterate,53,13,5,0,60.2
50,Male,Cybercrime,Preparatory,49,14,5,1,61.7
19,Male,Murder,Preparatory,189,11,1,0,77.3
26,Male,Drug Offense,Secondary,46,9,1,0,40.1
47,Male,Fraud,Primary,24,6,0,1,30.7
59,Male,Burglary,Illiterate,59,9,1,1,46.0
31,Male,Burglary,Secondary,64,15,5,2,67.2
51,Male,Drug Offense,Preparatory,71,11,1,2,53.8
54,Male,Cybercrime,Preparatory,37,6,2,1,31.8
65,Male,Assault,Secondary,120,10,1,0,42.6
21,Male,Theft,Secondary,6,13,0,0,37.0
36,Male,Burglary,Primary,59,11,0,1,54.0
47,Male,Burglary,Illiterate,17,17,2,4,83.2
59,Male,Assault,Preparatory,103,12,4,1,63.3
40,Male,Burglary,Bachelor's,71,13,1,0,36.9
36,Male,Robbery,Secondary,114,6,2,0,45.8
26,Male,Theft,Bachelor's,34,8,1,0,38.0
48,Male,Burglary,Preparatory,35,10,4,1,50.0
46,Male,Theft,Postgraduate education,45,16,1,5,65.0
51,Male,Fraud,Illiterate,48,8,1,1,40.7
51,Male,Public Order,Primary,13,5,1,0,20.7
30,Male,Murder,Preparatory,453,6,0,0,61.4
49,Male,Assault,Primary,26,12,3,2,68.9
65,Male,Robbery,Primary,124,10,3,0,49.6
58,Male,Murder,Secondary,368,9,2,1,71.1
60,Male,Drug Offense,Preparatory,72,15,5,1,68.8
21,Female,Murder,Bachelor's,305,18,3,6,100.0
61,Male,Assault,Primary,106,7,1,1,55.3
58,Male,Public Order,Bachelor's,10,6,1,0,15.6
44,Male,Fraud,Secondary,72,11,4,1,44.8
55,Female,Fraud,Postgraduate education,69,10,3,3,46.8
51,Male,Theft,Postgraduate education,39,10,4,0,35.8
51,Male,Burglary,Preparatory,70,15,5,1,58.4
23,Female,Cybercrime,Primary,51,11,2,2,60.8
36,Male,Robbery,Secondary,53,12,0,0,45.0
63,Female,Theft,Secondary,31,15,3,2,55.2
29,Male,Drug Offense,Postgraduate education,18,9,2,0,31.8
23,Male,Assault,Preparatory,97,10,2,2,76.7
45,Male,Drug Offense,Preparatory,86,8,2,2,48.3
42,Female,Fraud,Secondary,84,9,1,1,45.2
57,Female,Drug Offense,Secondary,73,17,1,1,54.9
53,Male,Theft,Bachelor's,11,8,3,2,39.8
19,Male,Sexual Offense,Literate,103,8,1,2,71.3
24,Male,Burglary,Secondary,54,14,0,2,62.4
44,Male,Fraud,Primary,53,9,3,2,54.8
49,Male,Fraud,Primary,17,15,4,2,68.7
54,Male,Assault,Secondary,109,11,4,0,55.9
18,Male,Theft,Secondary,43,11,2,0,43.3
40,Male,Assault,Primary,44,4,0,0,35.9
60,Male,Vandalism,Bachelor's,21,11,0,0,20.8
64,Male,Public Order,Preparatory,23,12,2,3,53.0
60,Male,Robbery,Preparatory,41,7,0,0,36.7
40,Male,Theft,Preparatory,24,9,2,1,30.7
22,Male,Burglary,Bachelor's,25,13,0,0,42.3
33,Male,Weapons Offense,Preparatory,81,9,0,0,45.5
61,Male,Assault,Primary,116,9,1,2,61.0
26,Male,Vandalism,Primary,33,7,1,1,44.5
38,Male,Drug Offense,Illiterate,94,9,2,2,73.9
55,Male,Theft,Illiterate,33,12,3,2,59.7
22,Male,Drug Offense,Primary,77,14,4,4,94.3
19,Female,Fraud,Bachelor's,16,11,4,0,53.5
48,Male,Public Order,Preparatory,23,5,0,1,25.7
44,Male,Assault,Secondary,84,10,2,0,48.0
27,Male,Cybercrime,Secondary,35,10,1,3,60.4
25,Male,Burglary,Secondary,35,9,2,2,58.5
42,Male,Drug Offense,Primary,18,9,1,1,49.5
31,Male,Arson,Preparatory,109,10,0,0,48.4
41,Male,Cybercrime,Primary,34,15,2,4,67.2
64,Male,Fraud,Primary,13,7,1,0,30.2
48,Female,Arson,Secondary,120,11,4,2,63.8
49,Male,Drug Offense,Secondary,50,10,0,2,55.1
47,Male,Robbery,Secondary,131,11,2,3,69.2
61,Female,Theft,Secondary,8,6,2,1,27.2
34,Male,Drug Offense,Secondary,96,6,0,1,38.7
43,Male,Burglary,Secondary,37,8,0,2,43.1
29,Male,Weapons Offense,Primary,62,11,3,1,68.6
34,Male,Cybercrime,Illiterate,26,7,2,1,54.8
22,Male,Vandalism,Preparatory,28,8,1,1,32.7
31,Female,Theft,Preparatory,27,8,0,0,35.3
27,Male,Theft,Postgraduate education,25,9,3,1,39.1
61,Male,Burglary,Preparatory,41,9,3,2,63.0
65,Female,Vandalism,Bachelor's,6,11,1,2,43.8
37,Male,Assault,Illiterate,118,6,2,1,53.6
59,Male,Cybercrime,Secondary,50,13,0,4,53.3
64,Male,Drug Offense,Secondary,43,6,0,1,33.5
56,Male,Weapons Offense,Preparatory,44,9,1,2,57.1
56,Male,Kidnapping,Preparatory,237,7,0,0,49.2
48,Male,Robbery,Primary,111,14,1,4,76.0
55,Male,Theft,Illiterate,14,6,1,0,35.4
62,Male,Drug Offense,Secondary,88,13,5,2,63.8
24,Male,Sexual Offense,Primary,218,12,3,0,72.4
18,Male,Theft,Primary,47,10,3,2,63.1
24,Male,Theft,Preparatory,15,6,1,0,30.9
48,Male,Assault,Literate,55,11,2,1,64.0
45,Male,Vandalism,Primary,26,4,1,0,32.4
49,Male,Sexual Offense,Secondary,113,8,3,1,61.9
51,Male,Sexual Offense,Secondary,112,14,2,4,89.2
64,Male,Vandalism,Secondary,33,12,2,1,32.5
45,Male,Weapons Offense,Primary,44,10,4,0,62.7
27,Male,Fraud,Bachelor's,81,5,0,0,24.5
38,Male,Drug Offense,Bachelor's,67,14,0,1,51.4
30,Male,Drug Offense,Secondary,82,12,5,2,70.3
63,Male,Weapons Offense,Secondary,69,9,2,1,48.4
27,Male,Assault,Secondary,37,12,2,3,73.6
41,Male,Burglary,Secondary,50,9,3,0,42.8
59,Male,Assault,Literate,91,12,4,1,61.7
60,Male,Kidnapping,Primary,190,12,4,1,79.4
61,Male,Theft,Secondary,36,17,5,2,67.4
33,Male,Theft,Postgraduate education,38,9,1,0,24.1
40,Male,Theft,Secondary,37,7,0,0,23.2
48,Male,Kidnapping,Secondary,209,14,3,1,65.8
19,Male,Robbery,Literate,37,8,2,1,72.0
38,Male,Theft,Secondary,44,6,2,1,38.7
53,Female,Vandalism,Preparatory,34,13,2,0,36.7
34,Male,Assault,Secondary,81,9,3,1,61.9
52,Male,Sexual Offense,Bachelor's,192,11,3,3,75.6
30,Male,Vandalism,Primary,24,14,3,0,60.4
33,Female,Burglary,Secondary,40,11,1,3,59.7
35,Male,Fraud,Primary,73,10,0,1,46.3
54,Female,Theft,Secondary,47,6,1,1,32.4
45,Female,Burglary,Literate,71,15,3,1,66.6
22,Male,Burglary,Preparatory,25,10,2,2,64.8
53,Female,Assault,Primary,64,9,0,1,53.3
21,Male,Burglary,Secondary,12,15,5,5,88.7
38,Female,Theft,Preparatory,29,10,4,1,50.4
19,Male,Cybercrime,Secondary,33,13,1,4,71.6
28,Male,Robbery,Bachelor's,98,10,3,2,61.5
46,Male,Public Order,Preparatory,19,6,0,1,31.4
52,Male,Weapons Offense,Secondary,95,13,3,2,59.6
23,Male,Robbery,Postgraduate education,65,9,1,0,37.8
42,Male,Burglary,Preparatory,45,11,4,3,64.5
51,Male,Assault,Primary,119,11,1,3,65.3
56,Male,Fraud,Secondary,58,12,4,2,52.6
46,Male,Theft,Secondary,37,8,0,2,32.5
34,Female,Robbery,Secondary,112,12,0,3,67.0
42,Male,Assault,Bachelor's,64,8,3,0,48.7
29,Male,Burglary,Preparatory,29,11,4,3,65.9
33,Male,Theft,Literate,35,14,4,4,77.4
35,Male,Assault,Preparatory,33,9,2,2,65.7
57,Male,Murder,Secondary,445,4,0,0,51.7
48,Male,Assault,Bachelor's,92,6,0,1,42.5
32,Male,Burglary,Secondary,52,8,0,1,45.6
19,Female,Robbery,Illiterate,72,10,2,0,66.6
40,Male,Assault,Preparatory,94,13,4,0,57.6
41,Male,Robbery,Secondary,109,9,3,0,46.1
32,Male,Weapons Offense,Primary,40,12,5,2,77.1
60,Male,Assault,Postgraduate education,48,12,2,3,57.2
57,Male,Weapons Offense,Bachelor's,76,8,3,0,36.1
39,Male,Fraud,Secondary,59,10,2,1,41.2
57,Female,Robbery,Bachelor's,110,11,0,1,46.3
60,Male,Murder,Postgraduate education,260,12,3,1,62.1
50,Male,Sexual Offense,Secondary,96,10,3,0,50.4
51,Male,Assault,Secondary,105,8,3,0,44.2
48,Male,Vandalism,Literate,33,5,0,1,29.2
30,Male,Weapons Offense,Primary,84,9,3,0,55.6
47,Male,Drug Offense,Preparatory,43,9,2,1,54.0
45,Male,Fraud,Secondary,84,12,0,1,43.5
49,Male,Robbery,Primary,37,7,0,1,47.8
21,Male,Robbery,Postgraduate education,120,10,0,1,48.4
20,Male,Theft,Preparatory,42,12,5,1,70.6
64,Female,Arson,Illiterate,46,20,8,7,100.0
19,Female,Drug Offense,Secondary,30,10,0,1,48.3
43,Male,Assault,Literate,61,6,1,1,52.1
42,Male,Robbery,Primary,46,11,3,0,49.0
65,Male,Assault,Illiterate,80,8,1,0,48.9
38,Male,Murder,Secondary,406,14,3,0,78.7
28,Male,Drug Offense,Secondary,87,10,4,0,57.8
53,Male,Theft,Preparatory,35,14,2,1,49.6
37,Male,Robbery,Primary,61,16,2,0,58.0
62,Male,Theft,Primary,28,9,0,1,36.2
39,Male,Assault,Preparatory,51,18,1,2,71.6
57,Female,Theft,Preparatory,47,7,0,1,31.1
19,Male,Vandalism,Bachelor's,29,9,2,1,48.6
56,Male,Burglary,Secondary,46,9,1,0,32.6
24,Male,Murder,Secondary,194,11,1,0,67.7
29,Male,Weapons Offense,Bachelor's,52,18,6,5,100.0
46,Male,Vandalism,Secondary,10,12,4,0,45.4
36,Female,Sexual Offense,Literate,117,12,1,0,65.3
32,Male,Assault,Illiterate,78,13,5,1,88.9
62,Male,Theft,Bachelor's,26,9,3,1,41.7
51,Male,Fraud,Primary,76,10,3,3,64.9
31,Female,Assault,Bachelor's,90,12,1,0,41.3
25,Male,Burglary,Preparatory,39,11,2,0,45.0
39,Male,Theft,Preparatory,33,4,0,0,26.0
41,Female,Fraud,Primary,43,10,1,3,62.7
65,Female,Vandalism,Primary,3,13,4,3,62.3
38,Female,Arson,Secondary,92,10,4,0,48.6
48,Female,Theft,Postgraduate education,21,10,1,0,22.5
20,Male,Drug Offense,Secondary,80,9,1,1,55.2
59,Male,Assault,Illiterate,104,11,1,3,69.0
52,Female,Vandalism,Preparatory,12,10,2,0,26.4
31,Male,Assault,Secondary,84,3,0,0,41.4
58,Male,Assault,Literate,38,11,1,2,64.6
19,Male,Theft,Illiterate,32,6,1,0,40.8
65,Female,Arson,Secondary,50,9,3,1,54.2
43,Male,Assault,Literate,111,16,7,3,92.4
25,Male,Drug Offense,Secondary,67,9,3,0,46.9
23,Male,Robbery,Secondary,92,13,4,3,89.3
60,Male,Theft,Illiterate,22,12,2,2,56.4
39,Male,Theft,Secondary,40,12,5,0,40.5
26,Male,Assault,Preparatory,97,11,4,3,83.1
57,Male,Weapons Offense,Preparatory,63,8,1,2,49.6
57,Male,Assault,Primary,113,14,0,0,54.4
59,Male,Weapons Offense,Bachelor's,52,9,2,2,45.6
59,Male,Murder,Preparatory,429,11,0,0,68.8
26,Female,Robbery,Primary,101,9,2,2,68.5
65,Male,Theft,Secondary,18,10,2,0,29.1
40,Male,Arson,Primary,118,6,0,1,45.9
60,Male,Robbery,Secondary,136,12,4,2,65.0
57,Male,Sexual Offense,Preparatory,159,14,6,0,68.6
60,Male,Arson,Secondary,69,9,2,0,46.0
40,Male,Weapons Offense,Secondary,26,8,0,0,33.2
35,Male,Cybercrime,Secondary,54,16,1,3,54.1
52,Male,Fraud,Secondary,52,10,1,0,35.5
24,Male,Drug Offense,Preparatory,68,13,5,2,81.1
21,Male,Assault,Preparatory,33,6,0,0,45.0
49,Male,Public Order,Preparatory,4,12,1,1,42.5
43,Female,Public Order,Bachelor's,4,9,2,0,25.6
32,Female,Burglary,Secondary,30,10,2,2,56.5
42,Male,Drug Offense,Secondary,58,13,2,2,65.7
21,Male,Burglary,Primary,38,8,3,2,69.2
42,Female,Fraud,Primary,31,9,1,1,53.4
40,Male,Theft,Preparatory,40,13,2,4,66.8
50,Male,Burglary,Bachelor's,62,10,3,1,41.4
55,Male,Assault,Secondary,98,9,0,2,57.3
37,Male,Fraud,Secondary,84,13,1,0,40.1
59,Male,Vandalism,Literate,17,11,0,1,40.9
59,Male,Arson,Secondary,48,11,4,1,59.5
45,Male,Robbery,Preparatory,141,11,2,0,61.1
23,Male,Weapons Offense,Primary,35,9,2,1,56.6
44,Male,Vandalism,Primary,9,5,0,0,27.4
41,Male,Robbery,Postgraduate education,123,17,5,0,54.7
60,Male,Drug Offense,Secondary,65,9,3,0,41.8
65,Male,Sexual Offense,Preparatory,118,6,1,1,53.4
60,Male,Murder,Bachelor's,292,10,1,2,66.2
64,Male,Murder,Primary,439,16,6,1,96.8
49,Male,Theft,Secondary,38,13,2,3,60.2
30,Male,Drug Offense,Bachelor's,33,9,2,2,50.3
37,Female,Vandalism,Secondary,3,7,0,1,26.6
63,Male,Robbery,Secondary,75,5,1,0,37.8
45,Male,Arson,Primary,57,20,0,2,75.4
45,Male,Burglary,Primary,21,11,3,1,59.5
38,Male,Fraud,Secondary,30,14,5,4,77.6
45,Male,Vandalism,Primary,19,7,0,0,31.5
25,Male,Fraud,Illiterate,13,5,1,1,46.5
54,Male,Robbery,Literate,116,11,3,1,61.9
41,Male,Cybercrime,Primary,29,10,0,2,42.9
43,Female,Assault,Illiterate,59,10,0,1,53.6
59,Female,Weapons Offense,Secondary,80,8,1,1,43.4
28,Male,Theft,Primary,22,5,0,1,34.0
20,Male,Burglary,Secondary,43,12,3,1,57.5
51,Female,Kidnapping,Primary,224,11,4,2,82.6
48,Male,Burglary,Literate,38,7,2,1,46.7
26,Male,Weapons Offense,Preparatory,61,13,1,3,73.5
45,Female,Robbery,Preparatory,101,6,1,1,42.3
25,Male,Vandalism,Secondary,31,17,4,3,78.1
58,Male,Arson,Secondary,55,12,0,3,53.3
54,Male,Drug Offense,Primary,21,3,0,0,33.0
30,Male,Fraud,Bachelor's,32,8,3,0,41.4
64,Male,Fraud,Preparatory,12,10,0,2,40.3
61,Male,Fraud,Preparatory,68,14,3,1,57.3
59,Male,Arson,Illiterate,45,10,1,0,52.8
43,Male,Sexual Offense,Secondary,123,13,3,4,93.6
48,Male,Theft,Primary,5,5,1,0,26.3
31,Male,Assault,Primary,37,12,5,1,71.8
59,Male,Public Order,Bachelor's,24,9,3,2,41.1
24,Male,Theft,Preparatory,37,7,2,1,46.6
18,Male,Assault,Preparatory,39,11,2,1,69.3
56,Male,Assault,Secondary,102,9,3,1,54.8
59,Female,Public Order,Illiterate,12,9,0,0,32.5
35,Male,Drug Offense,Primary,73,6,2,1,50.0
52,Female,Fraud,Primary,23,12,2,3,57.5
38,Male,Theft,Secondary,30,12,4,1,54.1
18,Male,Vandalism,Primary,27,11,3,1,55.7
40,Male,Fraud,Bachelor's,64,4,0,0,18.6
59,Male,Theft,Bachelor's,34,14,1,1,35.8
53,Male,Theft,Bachelor's,24,10,4,0,34.1
24,Male,Murder,Secondary,398,14,3,3,100.0
59,Male,Vandalism,Primary,5,7,1,0,29.1
44,Male,Theft,Primary,7,4,1,0,25.3
38,Male,Vandalism,Bachelor's,34,12,2,0,32.7
59,Male,Theft,Secondary,36,12,4,0,40.9
22,Male,Public Order,Preparatory,12,11,1,2,55.1
29,Male,Assault,Preparatory,71,12,0,2,68.9
21,Female,Burglary,Secondary,60,9,2,0,36.5
43,Male,Vandalism,Bachelor's,10,9,1,2,37.8
36,Male,Public Order,Preparatory,7,8,1,1,31.6
21,Male,Public Order,Illiterate,9,7,0,1,45.6
30,Male,Burglary,Illiterate,69,4,0,0,32.5
27,Male,Theft,Bachelor's,45,13,0,1,37.4
43,Male,Vandalism,Preparatory,14,8,3,0,41.2
59,Female,Assault,Preparatory,65,10,2,2,57.6
59,Male,Assault,Preparatory,91,15,6,3,88.0
57,Male,Burglary,Preparatory,46,14,3,4,70.5
25,Female,Weapons Offense,Literate,50,11,2,1,59.3
29,Male,Assault,Secondary,65,6,2,1,54.8
34,Male,Robbery,Secondary,122,9,0,2,49.6
33,Male,Public Order,Bachelor's,16,14,4,4,70.1
41,Male,Drug Offense,Preparatory,63,12,5,3,76.9
37,Male,Robbery,Secondary,43,10,2,2,55.7
48,Male,Vandalism,Secondary,20,6,1,0,26.2
45,Male,Fraud,Secondary,78,7,1,1,36.8
33,Male,Fraud,Postgraduate education,58,10,2,1,38.4
59,Male,Vandalism,Primary,18,10,1,1,44.0
52,Male,Theft,Bachelor's,34,11,3,2,50.9
65,Male,Theft,Secondary,15,12,0,0,27.8
25,Male,Theft,Secondary,7,7,0,0,27.9
32,Male,Public Order,Secondary,1,11,0,3,53.0
36,Male,Burglary,Secondary,35,11,0,2,53.1
61,Male,Assault,Illiterate,30,8,3,1,65.4
23,Male,Theft,Bachelor's,46,9,0,2,43.5
30,Female,Weapons Offense,Primary,24,7,2,0,48.4
45,Male,Burglary,Postgraduate education,15,10,3,3,60.3
61,Male,Theft,Preparatory,20,14,1,3,52.4
26,Male,Fraud,Bachelor's,41,10,2,2,49.6
25,Male,Robbery,Bachelor's,55,4,1,0,38.0
30,Male,Theft,Illiterate,31,7,2,1,50.6
25,Male,Murder,Primary,308,10,4,1,85.4
20,Male,Theft,Secondary,39,13,4,1,58.5
41,Male,Theft,Bachelor's,3,8,1,0,19.9
18,Male,Arson,Primary,92,13,3,0,69.9
32,Male,Theft,Preparatory,17,13,5,1,62.1
41,Male,Theft,Secondary,18,13,0,2,41.2
41,Male,Theft,Secondary,4,9,1,0,32.1
27,Male,Vandalism,Postgraduate education,27,10,2,2,45.9
48,Female,Theft,Preparatory,30,9,0,0,22.6
19,Male,Murder,Postgraduate education,367,12,2,0,63.5
46,Male,Robbery,Secondary,110,10,2,0,50.6
20,Male,Theft,Primary,12,7,0,0,37.8
26,Male,Cybercrime,Secondary,45,7,1,0,32.5
49,Male,Drug Offense,Primary,62,11,1,2,57.4
25,Male,Assault,Bachelor's,103,12,0,3,61.1
63,Female,Weapons Offense,Secondary,38,14,5,2,74.4
43,Male,Murder,Primary,424,9,1,2,79.3
24,Male,Public Order,Illiterate,9,10,3,3,71.4
28,Male,Theft,Primary,35,12,2,1,60.8
37,Female,Cybercrime,Postgraduate education,34,8,2,2,33.4
31,Male,Drug Offense,Primary,21,10,0,0,41.8
65,Male,Vandalism,Secondary,8,14,1,3,48.0
54,Female,Theft,Preparatory,41,8,2,2,46.0
38,Male,Weapons Offense,Secondary,93,11,3,0,52.1
40,Male,Vandalism,Primary,3,9,1,2,38.9
25,Male,Vandalism,Bachelor's,28,10,0,0,29.9
23,Male,Fraud,Primary,16,10,4,0,52.2
25,Male,Theft,Primary,17,9,3,0,46.8
23,Male,Assault,Bachelor's,35,7,1,1,48.3
47,Male,Weapons Offense,Postgraduate education,84,11,2,3,56.2
55,Male,Public Order,Preparatory,1,14,6,0,55.5
19,Male,Theft,Secondary,44,7,2,1,40.9
65,Female,Robbery,Literate,87,7,1,1,55.5
64,Male,Cybercrime,Preparatory,58,10,4,3,58.2
27,Male,Theft,Preparatory,20,6,1,1,37.6
31,Male,Drug Offense,Primary,96,8,1,1,56.4
63,Female,Theft,Literate,33,13,0,4,58.2
38,Female,Drug Offense,Bachelor's,30,13,4,1,60.9
35,Female,Assault,Literate,31,4,1,0,38.8
59,Male,Public Order,Primary,24,7,0,1,28.8
22,Male,Assault,Preparatory,75,10,0,2,63.8
21,Male,Vandalism,Bachelor's,25,12,2,2,59.8
24,Male,Robbery,Literate,71,14,0,3,86.0
62,Male,Robbery,Illiterate,132,10,0,1,60.1
49,Male,Burglary,Primary,71,13,1,3,61.0
32,Male,Assault,Bachelor's,98,8,1,2,52.8
38,Male,Theft,Primary,21,11,2,2,54.6
24,Male,Cybercrime,Preparatory,47,7,0,0,37.5
24,Female,Drug Offense,Primary,66,14,6,3,94.2
65,Female,Burglary,Literate,55,9,1,1,41.0
18,Female,Murder,Bachelor's,203,6,1,0,52.1
58,Male,Assault,Bachelor's,119,11,4,3,63.9
38,Male,Fraud,Literate,79,10,3,0,45.9
32,Female,Robbery,Secondary,77,6,1,1,45.4
58,Male,Robbery,Primary,75,14,3,2,71.7
49,Male,Robbery,Primary,119,10,4,2,70.3
59,Male,Assault,Preparatory,101,9,0,1,48.4
48,Male,Drug Offense,Preparatory,58,10,2,3,62.2
27,Male,Fraud,Primary,73,8,1,0,41.7
38,Male,Public Order,Secondary,7,6,2,0,25.6
48,Male,Weapons Offense,Literate,65,4,0,0,36.8
57,Male,Murder,Preparatory,189,8,2,0,62.5
65,Male,Burglary,Illiterate,58,6,2,1,47.7
60,Female,Theft,Primary,39,9,3,0,41.3
27,Male,Assault,Preparatory,43,11,1,0,57.8
42,Male,Theft,Bachelor's,41,11,2,3,56.7
56,Male,Burglary,Illiterate,72,8,2,0,39.7
58,Male,Drug Offense,Bachelor's,16,11,2,0,40.0
62,Male,Weapons Offense,Secondary,72,10,4,0,54.9
29,Male,Assault,Bachelor's,102,6,2,0,47.6
19,Male,Assault,Secondary,107,7,0,1,56.3
21,Male,Vandalism,Illiterate,10,6,1,0,44.9
27,Female,Vandalism,Preparatory,24,11,0,2,55.9
56,Male,Murder,Secondary,262,7,2,0,55.8
31,Male,Theft,Primary,34,13,2,3,73.6
49,Male,Theft,Secondary,16,21,8,2,83.8
51,Male,Weapons Offense,Bachelor's,39,13,1,0,41.8
45,Male,Assault,Literate,57,8,0,1,49.4
23,Male,Vandalism,Preparatory,34,7,0,0,38.6
30,Male,Robbery,Preparatory,125,11,2,2,72.1
49,Male,Burglary,Secondary,55,10,2,0,35.3
37,Male,Theft,Primary,5,6,0,0,27.6
46,Male,Cybercrime,Primary,29,7,2,0,35.4
59,Male,Theft,Secondary,21,8,3,0,26.8
27,Male,Public Order,Secondary,19,9,2,2,47.0
26,Male,Vandalism,Primary,3,10,3,2,50.5
54,Male,Drug Offense,Secondary,82,10,1,0,42.5
49,Male,Vandalism,Secondary,17,13,0,1,35.3
43,Male,Vandalism,Preparatory,32,14,0,4,65.9
55,Male,Theft,Preparatory,43,9,1,0,29.7
24,Male,Drug Offense,Bachelor's,28,7,2,0,45.2
55,Male,Burglary,Literate,54,5,1,1,46.7
58,Male,Drug Offense,Illiterate,15,5,1,0,40.5
48,Male,Fraud,Secondary,17,11,2,3,49.5
29,Male,Fraud,Secondary,79,14,6,1,68.6
36,Male,Cybercrime,Literate,14,7,1,0,29.9
64,Male,Burglary,Literate,14,7,1,0,27.1
53,Male,Burglary,Secondary,68,9,0,1,35.4
63,Male,Assault,Bachelor's,120,10,4,0,52.0
64,Male,Burglary,Bachelor's,18,7,0,1,25.1
33,Male,Public Order,Postgraduate education,18,14,4,2,55.4
46,Female,Burglary,Secondary,19,18,3,3,77.9
32,Female,Theft,Secondary,38,11,3,1,53.0
29,Male,Drug Offense,Preparatory,91,8,2,0,49.7
56,Male,Theft,Literate,17,15,0,0,42.8
22,Female,Vandalism,Primary,18,12,3,1,60.1
52,Male,Assault,Primary,107,9,1,1,52.3
46,Female,Vandalism,Secondary,9,8,2,0,38.8
32,Male,Assault,Secondary,97,10,1,2,64.4
35,Male,Robbery,Preparatory,75,8,0,2,49.5
19,Male,Assault,Postgraduate education,25,8,2,0,43.7
38,Female,Weapons Offense,Primary,88,9,3,2,62.1
51,Male,Burglary,Primary,58,8,1,1,44.6
24,Male,Arson,Illiterate,107,17,5,2,100.0
29,Male,Kidnapping,Preparatory,202,6,0,1,60.5
21,Male,Theft,Bachelor's,20,5,1,1,30.6
49,Male,Public Order,Secondary,11,7,1,0,27.9
50,Male,Fraud,Preparatory,59,10,1,3,60.2
45,Male,Theft,Bachelor's,18,10,4,2,48.4
31,Male,Assault,Illiterate,76,7,0,1,62.7
44,Male,Assault,Secondary,108,10,3,2,58.7
62,Male,Arson,Primary,48,8,1,1,47.0
54,Male,Theft,Preparatory,8,12,0,3,48.0
24,Female,Drug Offense,Primary,40,11,0,2,65.7
19,Male,Assault,Secondary,48,13,3,2,72.2
34,Male,Burglary,Preparatory,16,11,3,3,69.6
47,Male,Weapons Offense,Preparatory,51,12,1,2,63.5
19,Male,Vandalism,Secondary,6,12,1,2,42.6
18,Male,Weapons Offense,Preparatory,29,16,3,1,74.6
48,Male,Theft,Primary,20,8,1,0,28.5
46,Female,Robbery,Primary,107,8,2,1,55.4
35,Female,Burglary,Preparatory,62,13,1,1,49.8
38,Male,Assault,Primary,41,13,2,3,68.4
54,Male,Theft,Secondary,17,7,1,0,23.4
42,Male,Weapons Offense,Secondary,39,3,0,0,32.2
26,Male,Assault,Literate,119,10,3,3,84.7
64,Male,Fraud,Secondary,14,11,4,2,52.0
32,Male,Public Order,Primary,18,8,3,2,51.4
24,Male,Arson,Secondary,89,8,2,2,61.4
52,Male,Weapons Offense,Secondary,59,13,2,2,62.3
38,Male,Public Order,Preparatory,24,11,0,3,47.3
62,Male,Arson,Bachelor's,93,10,4,0,50.2
34,Male,Burglary,Postgraduate education,28,9,2,2,39.6
21,Female,Drug Offense,Bachelor's,59,10,3,1,53.2
62,Male,Fraud,Secondary,47,8,2,0,28.9
18,Male,Burglary,Literate,37,10,3,0,57.1
59,Male,Robbery,Secondary,122,6,0,1,41.6
33,Male,Public Order,Illiterate,9,8,0,0,38.1
58,Male,Cybercrime,Primary,46,8,0,2,45.5
52,Male,Drug Offense,Illiterate,21,3,0,0,31.7
34,Male,Robbery,Preparatory,75,13,4,2,73.1
51,Male,Public Order,Illiterate,10,13,1,0,41.8
20,Male,Sexual Offense,Primary,187,6,1,1,69.6
34,Male,Fraud,Secondary,49,7,2,0,44.0
64,Female,Vandalism,Primary,26,11,1,1,42.9
44,Male,Public Order,Secondary,20,8,0,1,32.4
27,Male,Fraud,Literate,68,10,0,1,45.1
45,Male,Public Order,Preparatory,23,7,1,1,29.4
48,Male,Kidnapping,Illiterate,249,11,2,3,85.7
25,Male,Cybercrime,Secondary,30,8,1,0,39.1
40,Male,Drug Offense,Illiterate,27,14,6,3,89.7
41,Male,Drug Offense,Primary,25,18,0,2,70.3
39,Female,Assault,Bachelor's,33,20,6,6,100.0
49,Male,Drug Offense,Secondary,73,20,0,0,60.5
48,Male,Public Order,Secondary,7,11,2,3,49.2
24,Male,Sexual Offense,Bachelor's,136,7,2,0,62.0
62,Male,Murder,Preparatory,209,9,2,2,67.9
28,Male,Public Order,Illiterate,17,5,1,0,45.0
34,Female,Robbery,Secondary,72,11,2,2,72.0
41,Male,Drug Offense,Secondary,35,15,1,3,64.6
34,Male,Theft,Secondary,17,16,6,0,63.4
29,Male,Arson,Bachelor's,66,7,2,0,42.7
46,Male,Robbery,Secondary,123,9,2,1,51.0
35,Male,Weapons Offense,Secondary,44,11,4,0,49.7
55,Male,Sexual Offense,Postgraduate education,119,12,4,1,55.8
63,Male,Weapons Offense,Primary,91,14,6,1,67.3
54,Female,Theft,Illiterate,45,9,1,1,46.0
37,Male,Vandalism,Bachelor's,19,15,4,2,61.1
43,Male,Public Order,Secondary,21,4,1,0,13.8
65,Male,Kidnapping,Secondary,246,12,3,2,72.4
53,Male,Public Order,Secondary,16,17,7,3,70.3
43,Male,Drug Offense,Preparatory,44,12,1,0,46.3
54,Male,Burglary,Preparatory,32,8,2,0,35.9
33,Male,Theft,Literate,9,9,3,2,65.4
52,Male,Assault,Bachelor's,97,7,0,1,40.4
46,Male,Assault,Preparatory,78,8,2,0,41.3
62,Female,Arson,Secondary,46,9,0,1,46.2
55,Male,Burglary,Preparatory,36,13,2,2,50.4
34,Male,Murder,Secondary,287,6,1,1,67.5
25,Male,Cybercrime,Preparatory,60,6,2,1,40.0
18,Male,Fraud,Secondary,69,7,1,1,47.9
38,Male,Theft,Preparatory,44,8,1,0,30.7
45,Male,Burglary,Bachelor's,49,14,4,0,43.4
59,Male,Public Order,Preparatory,22,10,3,2,46.3
37,Male,Vandalism,Preparatory,33,8,3,1,46.0
25,Male,Fraud,Preparatory,71,15,4,1,63.1
21,Male,Fraud,Bachelor's,14,7,0,1,37.8
62,Male,Fraud,Primary,48,5,1,1,32.7
20,Male,Vandalism,Secondary,23,11,4,3,72.1
47,Male,Theft,Preparatory,43,13,3,4,77.6
31,Male,Weapons Offense,Primary,94,11,0,3,72.5
35,Male,Kidnapping,Secondary,287,6,1,1,58.1
48,Male,Vandalism,Secondary,29,7,1,1,30.0
31,Male,Robbery,Primary,59,8,1,0,52.8
18,Male,Public Order,Illiterate,19,6,1,0,43.6
39,Female,Vandalism,Secondary,13,8,1,1,30.9
48,Female,Assault,Preparatory,114,13,0,4,75.8
62,Male,Assault,Secondary,110,3,0,0,29.8
50,Female,Assault,Bachelor's,95,13,1,4,69.2
55,Female,Vandalism,Bachelor's,30,8,2,0,26.0
43,Male,Fraud,Preparatory,81,9,1,0,43.1
19,Male,Burglary,Preparatory,55,15,4,1,69.3
37,Male,Burglary,Bachelor's,50,9,0,0,25.5
36,Male,Fraud,Illiterate,73,10,0,1,47.4
56,Male,Vandalism,Preparatory,17,12,4,0,43.1
48,Male,Vandalism,Secondary,19,7,0,1,36.2
26,Male,Theft,Postgraduate education,39,12,5,2,55.8
22,Male,Fraud,Bachelor's,66,10,4,0,55.3
55,Male,Vandalism,Secondary,14,8,2,1,38.2
39,Male,Fraud,Illiterate,21,12,4,3,68.9
40,Male,Assault,Illiterate,103,7,0,1,57.7
50,Male,Theft,Secondary,4,9,3,2,43.9
51,Male,Burglary,Bachelor's,31,10,1,2,47.0
65,Male,Theft,Bachelor's,33,9,3,1,35.3
37,Male,Vandalism,Preparatory,14,10,4,1,48.9
35,Male,Theft,Illiterate,47,14,1,2,54.1
42,Male,Drug Offense,Bachelor's,90,10,4,3,66.9
25,Male,Sexual Offense,Secondary,172,11,0,2,71.2
44,Female,Theft,Illiterate,9,16,4,5,92.9
52,Male,Assault,Secondary,36,6,1,0,40.1
34,Male,Fraud,Primary,22,10,2,3,64.5
59,Male,Vandalism,Bachelor's,6,9,1,2,40.3
41,Male,Fraud,Preparatory,67,11,2,1,51.0
59,Male,Theft,Secondary,21,5,1,1,27.9
30,Male,Burglary,Preparatory,68,11,3,1,61.3
61,Male,Public Order,Bachelor's,17,10,0,3,32.4
50,Male,Burglary,Secondary,27,10,0,1,37.0
37,Male,Drug Offense,Primary,43,12,3,2,64.7
18,Male,Kidnapping,Bachelor's,241,5,0,1,58.7
26,Male,Theft,Preparatory,16,10,4,1,49.9
22,Male,Fraud,Bachelor's,54,10,4,2,62.2
40,Male,Assault,Secondary,42,11,4,2,65.2
35,Male,Drug Offense,Primary,77,8,1,2,59.6
33,Male,Theft,Bachelor's,48,11,4,3,61.2
47,Male,Assault,Bachelor's,117,10,0,3,63.0
50,Female,Assault,Bachelor's,100,10,2,2,57.5
23,Male,Vandalism,Postgraduate education,31,13,3,1,43.2
28,Male,Assault,Preparatory,92,10,1,2,64.6
42,Female,Theft,Primary,31,4,1,0,31.6
42,Male,Vandalism,Literate,27,8,2,2,50.7
57,Female,Fraud,Primary,48,10,3,1,47.3
24,Male,Assault,Illiterate,89,7,0,0,57.4
21,Male,Robbery,Primary,126,6,2,0,58.0
18,Male,Theft,Illiterate,41,10,3,0,60.3
35,Male,Drug Offense,Preparatory,35,11,2,3,68.8
45,Male,Assault,Illiterate,103,6,1,0,51.4
43,Male,Fraud,Illiterate,38,14,4,0,56.7
41,Male,Theft,Illiterate,10,7,1,1,52.4
64,Male,Robbery,Preparatory,143,10,3,0,51.6
32,Female,Theft,Primary,6,12,0,2,46.4
62,Male,Sexual Offense,Illiterate,214,12,1,3,89.8
35,Male,Theft,Bachelor's,26,12,3,3,57.4
44,Female,Vandalism,Postgraduate education,3,8,3,2,42.5
29,Female,Sexual Offense,Secondary,209,11,0,3,82.0
31,Male,Burglary,Secondary,63,12,3,1,57.7
58,Male,Theft,Bachelor's,3,13,0,0,21.2
24,Male,Weapons Offense,Secondary,76,6,1,0,47.6
28,Male,Vandalism,Secondary,13,9,0,0,36.2
28,Female,Drug Offense,Primary,12,5,1,1,46.5
44,Male,Assault,Primary,112,6,2,1,46.5
55,Male,Fraud,Literate,52,9,3,0,41.3
23,Female,Robbery,Primary,128,8,3,0,65.7
20,Male,Vandalism,Illiterate,4,10,0,3,65.8
20,Female,Robbery,Illiterate,76,9,0,2,74.0
65,Male,Theft,Literate,23,9,0,0,29.3
57,Female,Cybercrime,Bachelor's,46,14,3,2,49.1
44,Male,Public Order,Preparatory,20,16,3,5,68.7
30,Male,Sexual Offense,Primary,222,5,0,0,60.7
49,Male,Fraud,Bachelor's,44,10,2,0,38.6
50,Male,Robbery,Literate,96,9,2,1,55.0
40,Male,Robbery,Literate,87,11,3,3,81.9
34,Male,Fraud,Bachelor's,76,7,2,0,31.6
44,Male,Vandalism,Secondary,24,15,4,4,79.2
34,Female,Kidnapping,Literate,247,11,0,1,82.7
24,Male,Robbery,Secondary,136,13,5,2,79.6
24,Male,Fraud,Secondary,21,3,0,0,30.7
54,Male,Vandalism,Primary,34,8,2,0,30.8
20,Male,Fraud,Secondary,60,13,4,2,68.3
38,Female,Robbery,Secondary,47,13,0,2,59.0
37,Female,Robbery,Literate,69,13,3,2,68.8
27,Male,Assault,Secondary,91,7,2,1,53.6
52,Male,Fraud,Illiterate,54,8,1,1,45.0
25,Male,Drug Offense,Secondary,34,9,3,0,52.5
44,Male,Cybercrime,Bachelor's,34,6,1,0,26.5
20,Male,Burglary,Preparatory,48,7,0,1,48.8
60,Male,Robbery,Bachelor's,36,6,0,0,31.3
46,Female,Drug Offense,Illiterate,95,14,5,1,74.3
18,Male,Assault,Bachelor's,52,5,1,0,47.5
45,Male,Assault,Secondary,52,10,2,1,51.6
56,Male,Vandalism,Preparatory,9,9,2,0,34.6
61,Male,Burglary,Bachelor's,62,14,3,3,61.8
23,Male,Theft,Preparatory,3,23,8,7,100.0
23,Male,Cybercrime,Primary,13,14,0,4,75.6
63,Male,Cybercrime,Illiterate,34,10,3,0,46.6
48,Male,Burglary,Primary,35,10,3,2,62.7
41,Male,Theft,Secondary,33,9,0,1,32.0
48,Male,Assault,Preparatory,112,15,3,3,81.4
23,Male,Theft,Bachelor's,38,7,0,1,30.4
32,Male,Cybercrime,Primary,6,8,3,0,43.6
58,Male,Theft,Preparatory,31,8,0,0,26.1
29,Male,Drug Offense,Preparatory,37,11,4,3,77.5
45,Female,Assault,Postgraduate education,112,8,0,0,28.2
21,Female,Drug Offense,Literate,17,9,1,2,63.2
40,Male,Vandalism,Secondary,32,8,2,0,35.4
58,Female,Fraud,Secondary,80,12,0,0,33.7
52,Male,Burglary,Secondary,33,14,6,4,78.4
43,Male,Theft,Primary,9,11,0,0,35.9
65,Male,Murder,Illiterate,363,11,0,2,77.0
49,Male,Theft,Illiterate,28,13,4,4,85.5
59,Male,Theft,Secondary,48,13,0,0,32.9
33,Male,Burglary,Preparatory,33,12,4,2,67.0
57,Male,Cybercrime,Literate,13,6,1,0,35.8
43,Male,Fraud,Illiterate,64,11,1,0,50.2
27,Female,Fraud,Secondary,56,9,0,1,39.9
52,Male,Weapons Offense,Secondary,73,11,1,1,51.6
21,Male,Fraud,Postgraduate education,60,11,1,0,33.3
50,Male,Weapons Offense,Secondary,42,6,1,0,42.3
29,Male,Robbery,Illiterate,106,9,1,0,60.4
19,Male,Robbery,Secondary,107,8,1,1,53.9
47,Male,Vandalism,Bachelor's,34,10,1,1,33.6
24,Male,Assault,Primary,60,9,2,0,59.6
25,Male,Public Order,Secondary,14,9,3,0,39.8
42,Male,Robbery,Primary,66,15,6,1,67.8
63,Male,Vandalism,Primary,4,11,0,0,30.6
18,Male,Theft,Secondary,23,14,2,3,62.1
59,Male,Theft,Preparatory,47,1,0,0,17.0
58,Male,Theft,Primary,46,8,2,1,40.4
33,Male,Drug Offense,Illiterate,48,7,2,0,58.1
47,Female,Public Order,Secondary,11,12,2,0,32.6
65,Male,Burglary,Primary,12,13,3,0,47.1
26,Male,Assault,Illiterate,82,8,1,1,63.6
45,Male,Theft,Primary,46,5,1,1,42.1
21,Male,Drug Offense,Illiterate,27,18,0,2,81.3
57,Male,Public Order,Bachelor's,11,11,2,1,38.6
37,Male,Weapons Offense,Preparatory,24,9,1,0,38.6
52,Male,Assault,Illiterate,44,13,2,1,64.1
50,Male,Robbery,Illiterate,56,7,0,1,42.4
40,Male,Burglary,Preparatory,20,14,6,4,82.6
52,Male,Robbery,Preparatory,43,9,0,0,44.6
25,Male,Theft,Preparatory,8,11,0,2,52.7
46,Male,Assault,Secondary,68,9,0,2,53.4
18,Male,Theft,Postgraduate education,42,14,3,3,59.0
65,Male,Cybercrime,Secondary,11,7,1,0,16.4
50,Male,Kidnapping,Bachelor's,146,12,5,0,63.9
26,Male,Sexual Offense,Bachelor's,222,8,3,2,73.4
34,Male,Theft,Primary,26,11,4,1,60.1
22,Male,Murder,Bachelor's,288,13,3,4,97.0
31,Male,Theft,Preparatory,42,8,2,0,36.8
27,Male,Fraud,Secondary,45,16,7,0,61.2
46,Male,Assault,Secondary,29,11,1,0,51.6
54,Female,Drug Offense,Literate,38,5,0,0,33.9
56,Male,Public Order,Preparatory,7,8,1,1,37.9
44,Male,Assault,Literate,39,5,0,0,42.4
31,Male,Drug Offense,Primary,23,11,2,0,49.3
26,Male,Assault,Secondary,96,6,1,1,47.1
32,Female,Fraud,Primary,36,10,2,0,52.3
45,Male,Public Order,Primary,23,9,1,0,36.6
30,Male,Robbery,Secondary,76,5,0,1,49.0
62,Female,Public Order,Primary,14,9,0,2,37.8
53,Male,Fraud,Secondary,52,13,1,0,35.0
24,Female,Fraud,Primary,25,10,0,3,59.8
52,Male,Murder,Preparatory,390,7,0,1,58.6
32,Male,Drug Offense,Illiterate,37,5,1,1,58.6
18,Male,Vandalism,Primary,17,4,0,0,31.1
62,Male,Drug Offense,Primary,96,10,1,2,56.4
54,Male,Arson,Primary,114,8,0,0,35.8
64,Male,Theft,Illiterate,3,8,2,0,34.3
19,Male,Burglary,Bachelor's,70,8,1,0,37.0
45,Female,Assault,Primary,29,6,2,0,51.4
49,Male,Fraud,Secondary,71,11,0,0,39.7
38,Male,Assault,Preparatory,78,6,0,0,35.1
30,Male,Theft,Primary,34,10,2,1,48.7
30,Male,Vandalism,Secondary,12,8,3,2,52.7
30,Male,Vandalism,Secondary,4,8,3,1,45.6
23,Male,Public Order,Secondary,10,5,1,0,32.2
47,Male,Drug Offense,Preparatory,24,12,1,3,63.5
51,Male,Fraud,Literate,84,10,0,1,38.4
50,Male,Cybercrime,Secondary,32,19,2,6,85.1
30,Male,Assault,Postgraduate education,46,12,1,1,44.5
50,Male,Theft,Preparatory,39,3,0,0,15.5
42,Male,Fraud,Bachelor's,63,13,5,3,70.3
50,Male,Assault,Bachelor's,44,13,3,0,46.3
49,Male,Robbery,Bachelor's,83,8,1,0,39.3
28,Male,Robbery,Primary,38,9,0,0,48.6
45,Male,Theft,Preparatory,11,5,1,0,26.1
28,Male,Theft,Secondary,32,5,0,1,33.7
56,Male,Burglary,Illiterate,15,15,0,5,73.2
51,Male,Murder,Illiterate,459,6,0,1,72.2
40,Female,Burglary,Bachelor's,41,12,2,1,47.6
53,Male,Weapons Offense,Secondary,58,11,3,3,66.8
52,Male,Burglary,Bachelor's,32,7,1,1,39.3
52,Male,Sexual Offense,Bachelor's,130,12,0,1,50.7
42,Male,Theft,Illiterate,35,11,2,3,68.8
62,Male,Sexual Offense,Secondary,202,11,3,0,57.7
37,Male,Weapons Offense,Secondary,84,10,1,1,56.9
58,Male,Burglary,Illiterate,43,14,0,0,54.2
64,Male,Vandalism,Primary,36,4,0,0,30.4
29,Female,Drug Offense,Primary,42,5,1,0,46.2
46,Male,Fraud,Bachelor's,79,11,1,3,53.2
51,Male,Robbery,Bachelor's,78,10,3,0,40.4
38,Male,Public Order,Illiterate,21,10,2,0,46.5
64,Male,Sexual Offense,Primary,138,6,2,1,50.0
25,Male,Drug Offense,Preparatory,29,7,0,1,42.7
35,Male,Drug Offense,Postgraduate education,44,8,1,0,32.2
33,Male,Theft,Postgraduate education,13,10,1,2,37.8
46,Male,Vandalism,Primary,33,9,1,2,45.1
44,Male,Theft,Primary,3,12,4,3,73.0
46,Male,Sexual Offense,Preparatory,99,15,3,5,99.0
25,Male,Assault,Preparatory,73,14,4,3,78.1
26,Male,Drug Offense,Preparatory,96,12,3,1,58.9
38,Male,Fraud,Literate,55,17,0,2,60.2
60,Male,Theft,Primary,30,7,2,1,28.8
43,Male,Drug Offense,Secondary,19,18,5,5,87.2
47,Male,Public Order,Preparatory,20,12,4,3,67.3
35,Male,Drug Offense,Illiterate,45,11,0,0,46.8
24,Male,Burglary,Secondary,71,9,2,1,51.8
32,Male,Drug Offense,Preparatory,42,12,1,2,64.0
57,Male,Burglary,Preparatory,60,7,0,1,27.6
56,Male,Theft,Primary,19,8,3,1,38.9
45,Male,Kidnapping,Primary,225,2,0,0,42.4
45,Female,Theft,Preparatory,26,12,3,0,41.5
49,Male,Murder,Secondary,339,9,1,1,73.7
30,Male,Weapons Offense,Secondary,44,13,3,3,73.0
44,Male,Burglary,Preparatory,53,9,1,1,35.2
43,Male,Sexual Offense,Literate,205,9,0,2,71.5
44,Male,Vandalism,Secondary,5,9,3,2,46.3
55,Male,Theft,Secondary,5,15,1,5,65.6
54,Female,Theft,Illiterate,9,11,3,2,57.7
45,Male,Vandalism,Secondary,23,12,3,3,64.7
37,Male,Robbery,Secondary,40,11,1,3,69.0
21,Male,Cybercrime,Bachelor's,60,8,0,0,38.0
43,Male,Kidnapping,Preparatory,196,10,3,3,79.7
59,Male,Vandalism,Illiterate,23,11,3,2,62.9
29,Male,Theft,Secondary,38,8,0,1,42.0
54,Male,Cybercrime,Secondary,58,15,6,4,73.9
30,Male,Arson,Primary,49,9,0,0,46.5
44,Female,Fraud,Secondary,63,12,5,2,58.8
54,Female,Theft,Preparatory,43,13,0,2,41.8
52,Male,Fraud,Bachelor's,27,10,1,3,46.5
49,Male,Drug Offense,Primary,93,8,0,0,42.8
27,Male,Public Order,Preparatory,6,8,2,2,44.1
27,Female,Public Order,Bachelor's,9,12,0,1,36.6
33,Male,Murder,Primary,391,10,0,3,91.2
39,Male,Assault,Secondary,69,7,1,0,36.9
21,Male,Public Order,Primary,16,7,2,1,48.0
61,Male,Theft,Postgraduate education,3,8,0,1,22.7
28,Male,Sexual Offense,Bachelor's,145,10,4,0,70.2
63,Male,Weapons Offense,Secondary,87,4,0,0,25.0
39,Male,Drug Offense,Secondary,52,7,0,0,28.9
54,Female,Burglary,Primary,16,16,7,3,83.3
61,Male,Robbery,Postgraduate education,103,11,1,0,35.8
65,Male,Weapons Offense,Secondary,30,10,3,3,67.1
24,Male,Weapons Offense,Secondary,26,12,4,0,71.0
60,Male,Public Order,Literate,16,7,1,0,25.5
47,Male,Robbery,Secondary,65,9,1,2,47.3
32,Male,Public Order,Secondary,10,10,3,2,45.2
40,Male,Assault,Bachelor's,87,9,1,0,44.4
62,Male,Robbery,Secondary,73,9,3,0,43.3
48,Female,Theft,Secondary,28,10,0,1,31.2
64,Male,Drug Offense,Literate,77,9,1,2,55.5
31,Male,Robbery,Secondary,37,7,0,0,37.5
44,Male,Cybercrime,Secondary,10,12,2,1,41.1
19,Male,Murder,Secondary,329,10,0,3,86.0
29,Male,Burglary,Secondary,16,11,3,0,50.9
42,Male,Theft,Literate,11,12,1,1,51.8
45,Male,Fraud,Secondary,18,12,0,0,34.1
29,Male,Drug Offense,Illiterate,94,6,1,1,51.0
41,Male,Murder,Illiterate,450,14,3,4,100.0
65,Male,Robbery,Postgraduate education,84,10,3,0,32.7
40,Female,Drug Offense,Postgraduate education,40,6,1,0,25.4
36,Male,Robbery,Illiterate,95,15,1,0,60.0
62,Male,Arson,Preparatory,119,13,5,3,77.1
31,Male,Kidnapping,Secondary,276,17,0,1,69.8
59,Male,Robbery,Preparatory,131,11,2,2,57.8
59,Female,Vandalism,Secondary,33,8,1,2,39.3
31,Female,Sexual Offense,Literate,229,11,3,3,99.9
28,Male,Theft,Illiterate,28,12,1,2,64.0
37,Male,Theft,Secondary,8,15,6,4,73.6
38,Male,Arson,Postgraduate education,100,15,1,5,79.6
55,Male,Assault,Postgraduate education,30,9,2,1,38.3
49,Male,Vandalism,Preparatory,26,8,2,2,46.9
59,Male,Drug Offense,Bachelor's,61,14,1,2,50.9
60,Male,Assault,Literate,56,6,0,0,30.9
63,Male,Arson,Postgraduate education,52,11,3,3,61.6
45,Male,Theft,Bachelor's,34,5,0,1,13.7
56,Male,Burglary,Preparatory,42,8,1,1,39.7
50,Male,Vandalism,Bachelor's,18,7,1,0,18.3
46,Male,Assault,Preparatory,66,7,2,0,45.7
28,Male,Drug Offense,Secondary,91,6,2,0,37.3
45,Male,Burglary,Secondary,18,12,1,3,58.2
51,Male,Robbery,Literate,122,9,3,0,53.4
55,Male,Burglary,Preparatory,35,7,0,1,36.3
46,Female,Cybercrime,Literate,16,14,5,3,75.7
43,Male,Kidnapping,Illiterate,227,11,1,0,71.4
40,Male,Drug Offense,Secondary,33,11,2,1,46.5
48,Female,Assault,Secondary,118,12,4,0,65.3
49,Female,Fraud,Primary,40,11,2,3,61.0
30,Female,Theft,Secondary,39,13,3,2,68.7
32,Male,Drug Offense,Secondary,75,9,2,0,48.5
39,Female,Cybercrime,Secondary,33,7,0,0,27.1
65,Male,Assault,Preparatory,30,6,1,1,41.3
27,Male,Theft,Illiterate,5,7,1,0,46.6
28,Male,Assault,Secondary,96,4,0,0,42.9
40,Female,Vandalism,Secondary,32,12,2,2,44.1
21,Male,Fraud,Secondary,53,9,2,0,43.2
32,Male,Drug Offense,Bachelor's,65,12,3,1,52.4
30,Male,Sexual Offense,Primary,151,8,0,0,56.4
49,Male,Fraud,Secondary,33,8,2,0,32.6
64,Male,Drug Offense,Bachelor's,33,12,0,3,46.7
63,Female,Public Order,Primary,13,12,4,2,55.7
29,Male,Weapons Offense,Secondary,84,19,6,4,100.0
38,Male,Theft,Bachelor's,13,8,2,2,40.0
60,Male,Vandalism,Preparatory,11,9,1,0,28.2
60,Male,Robbery,Secondary,129,8,2,0,41.3
24,Male,Drug Offense,Primary,89,6,1,0,51.1
35,Male,Vandalism,Secondary,27,8,0,0,21.4
60,Male,Public Order,Secondary,21,6,1,1,25.0
42,Male,Robbery,Primary,71,16,4,1,71.5
18,Female,Weapons Offense,Secondary,42,7,1,1,52.7
49,Male,Drug Offense,Bachelor's,69,10,4,2,59.2
32,Male,Fraud,Primary,68,11,2,2,60.0
21,Male,Theft,Secondary,25,8,3,0,43.5
23,Male,Theft,Illiterate,15,8,3,1,57.9
23,Male,Assault,Literate,26,6,0,0,49.4
48,Male,Theft,Primary,26,6,1,1,34.3
44,Male,Weapons Offense,Secondary,75,7,0,0,34.1
64,Male,Fraud,Illiterate,23,12,0,3,59.8
64,Male,Sexual Offense,Primary,96,15,5,4,96.6
23,Male,Burglary,Secondary,33,9,1,1,46.8
47,Male,Robbery,Preparatory,144,9,2,0,49.6
59,Male,Vandalism,Preparatory,32,13,5,4,63.3
30,Male,Murder,Preparatory,334,10,1,2,85.3
23,Male,Robbery,Preparatory,77,7,1,1,56.1
57,Male,Arson,Secondary,66,10,0,2,46.7
33,Male,Vandalism,Bachelor's,30,10,0,2,42.0
62,Male,Robbery,Preparatory,38,13,0,3,63.2
44,Male,Vandalism,Bachelor's,24,15,1,5,68.4
32,Male,Cybercrime,Primary,59,14,4,1,56.6
18,Male,Arson,Bachelor's,57,14,6,0,61.3
52,Male,Public Order,Secondary,3,11,3,2,44.3
58,Female,Fraud,Secondary,19,13,4,0,52.3
54,Male,Fraud,Primary,19,12,0,3,45.3
48,Male,Vandalism,Preparatory,10,14,4,1,53.8
43,Male,Burglary,Bachelor's,41,6,2,0,31.8
21,Male,Theft,Literate,32,20,2,7,100.0
60,Male,Drug Offense,Secondary,68,12,5,1,63.3
56,Male,Burglary,Secondary,30,19,7,6,100.0
44,Male,Murder,Secondary,204,11,1,2,76.1
53,Male,Drug Offense,Bachelor's,31,8,0,0,29.7
27,Male,Weapons Offense,Primary,89,11,4,1,72.5
60,Male,Murder,Primary,420,10,4,3,99.2
46,Male,Assault,Bachelor's,43,12,5,0,56.1
34,Male,Assault,Secondary,91,8,3,1,61.7
65,Male,Drug Offense,Postgraduate education,69,10,0,1,30.8
34,Female,Burglary,Secondary,12,10,0,3,53.3
20,Male,Assault,Bachelor's,56,5,1,1,44.8
49,Male,Drug Offense,Primary,26,6,2,0,44.9
30,Male,Vandalism,Primary,31,8,2,2,59.0
27,Male,Theft,Bachelor's,27,7,0,1,32.0
46,Male,Assault,Illiterate,26,6,2,1,65.8
52,Male,Assault,Bachelor's,120,8,2,0,38.8
43,Male,Drug Offense,Bachelor's,27,9,1,1,37.7
59,Male,Theft,Secondary,6,5,0,0,21.0
54,Male,Drug Offense,Secondary,39,8,1,2,43.0
60,Male,Weapons Offense,Preparatory,54,13,1,2,66.2
48,Female,Theft,Primary,44,10,2,3,59.8
57,Male,Theft,Secondary,48,10,0,0,20.3
33,Male,Murder,Illiterate,321,6,0,0,72.6
46,Male,Robbery,Secondary,72,7,1,1,47.6
56,Male,Arson,Secondary,105,5,1,0,33.5
22,Male,Drug Offense,Primary,44,7,1,1,58.6
27,Male,Murder,Illiterate,217,13,1,3,98.7
57,Female,Burglary,Secondary,46,9,0,2,40.0
56,Male,Drug Offense,Bachelor's,66,13,1,4,59.0
61,Male,Assault,Bachelor's,33,6,2,1,39.5
36,Male,Theft,Bachelor's,30,10,3,1,32.1
64,Male,Theft,Secondary,46,8,0,0,27.5
27,Male,Robbery,Postgraduate education,88,7,0,1,42.5
48,Male,Public Order,Primary,17,12,5,3,66.8
65,Female,Murder,Primary,185,11,0,3,78.8
34,Male,Assault,Secondary,99,16,6,2,90.2
62,Male,Assault,Primary,24,13,1,3,66.7
20,Male,Burglary,Preparatory,59,10,4,2,73.4
51,Male,Theft,Primary,38,4,1,0,23.6
56,Male,Arson,Secondary,114,17,3,2,71.4
37,Male,Assault,Primary,36,9,2,2,60.6
57,Male,Public Order,Primary,17,10,2,1,39.5
31,Male,Fraud,Secondary,16,10,4,0,45.6
23,Male,Cybercrime,Secondary,20,5,1,0,36.5
31,Male,Drug Offense,Literate,30,11,2,1,58.5
46,Female,Assault,Secondary,31,10,0,1,48.8
52,Male,Robbery,Secondary,90,8,1,2,53.8
50,Male,Drug Offense,Secondary,59,4,1,0,27.2
34,Male,Robbery,Preparatory,59,7,0,0,47.5
23,Male,Drug Offense,Literate,52,13,3,1,78.7
59,Male,Assault,Secondary,36,14,6,4,79.4
61,Female,Cybercrime,Literate,45,15,0,5,73.7
52,Male,Fraud,Preparatory,43,8,3,2,45.2
28,Female,Burglary,Preparatory,44,11,1,2,52.8
31,Male,Burglary,Preparatory,69,11,0,0,44.9
28,Male,Theft,Postgraduate education,17,11,0,2,36.2
27,Male,Burglary,Literate,59,18,5,5,100.0
31,Male,Vandalism,Preparatory,30,11,1,0,47.3
38,Female,Burglary,Illiterate,24,9,1,2,52.0
32,Male,Theft,Secondary,47,9,3,1,50.7
38,Male,Sexual Offense,Illiterate,174,13,0,2,83.3
51,Male,Cybercrime,Illiterate,60,9,3,0,37.1
61,Male,Assault,Primary,118,8,0,0,51.5
40,Male,Kidnapping,Secondary,235,8,2,1,63.5
19,Male,Cybercrime,Literate,46,10,4,3,81.5
41,Male,Public Order,Secondary,13,4,0,0,16.8
19,Male,Fraud,Preparatory,29,7,2,0,41.4
44,Male,Burglary,Secondary,17,13,5,0,59.1
44,Female,Fraud,Illiterate,22,10,4,3,67.0
41,Male,Theft,Bachelor's,4,13,1,2,43.7
31,Male,Arson,Bachelor's,72,13,4,1,62.9
46,Male,Robbery,Preparatory,125,10,4,2,71.7
52,Male,Drug Offense,Primary,74,7,1,0,38.4
23,Male,Assault,Secondary,92,14,5,1,75.8
48,Male,Theft,Secondary,24,8,2,2,45.3
33,Male,Assault,Secondary,118,13,1,1,67.5
22,Male,Sexual Offense,Secondary,153,10,0,3,73.8
60,Male,Fraud,Bachelor's,69,7,2,0,25.5
62,Male,Vandalism,Secondary,34,10,4,2,46.8
42,Male,Robbery,Literate,116,7,1,1,60.3
38,Female,Theft,Literate,3,7,0,0,32.8
52,Female,Drug Offense,Secondary,64,13,1,1,55.1
34,Male,Vandalism,Literate,27,10,3,3,65.3
25,Male,Theft,Illiterate,46,12,1,0,46.4
42,Male,Sexual Offense,Secondary,147,20,2,2,86.6
56,Male,Robbery,Illiterate,85,9,0,0,45.6
60,Male,Burglary,Secondary,51,10,1,0,27.7
27,Male,Theft,Secondary,27,6,2,1,37.4
18,Male,Burglary,Preparatory,56,13,2,2,67.5
49,Male,Theft,Illiterate,29,7,0,0,36.1
59,Male,Theft,Preparatory,24,10,2,1,35.8
59,Female,Arson,Bachelor's,76,12,1,1,49.8
58,Male,Murder,Secondary,217,16,3,4,100.0
26,Male,Burglary,Preparatory,51,13,2,3,69.2
55,Male,Vandalism,Secondary,35,8,1,2,30.8
51,Female,Arson,Preparatory,47,12,0,0,46.3
18,Male,Robbery,Secondary,62,12,5,2,85.3
63,Male,Burglary,Postgraduate education,44,10,2,2,44.8
19,Male,Robbery,Secondary,100,9,0,0,46.5
36,Male,Arson,Primary,98,11,0,1,54.5
26,Male,Vandalism,Literate,34,15,4,5,88.8
49,Male,Burglary,Secondary,72,5,1,0,35.2
32,Male,Theft,Secondary,46,10,3,0,46.8
50,Male,Robbery,Preparatory,74,10,0,3,52.0
62,Male,Arson,Postgraduate education,108,9,0,0,24.9
49,Male,Arson,Preparatory,69,12,1,1,55.9
29,Male,Theft,Secondary,5,16,0,4,60.2
22,Male,Vandalism,Preparatory,32,8,3,0,46.4
28,Male,Sexual Offense,Secondary,154,13,3,0,69.8
24,Male,Public Order,Primary,23,11,2,3,63.1
46,Male,Theft,Illiterate,46,10,3,2,61.0
31,Male,Theft,Preparatory,31,7,0,1,41.2
19,Male,Sexual Offense,Bachelor's,222,10,1,2,67.3
38,Male,Murder,Bachelor's,452,6,0,0,55.0
38,Male,Burglary,Preparatory,13,7,0,0,28.3
34,Male,Fraud,Bachelor's,33,11,2,2,50.7
43,Male,Cybercrime,Literate,42,8,0,1,40.2
40,Male,Weapons Offense,Illiterate,32,13,1,4,83.1
47,Male,Vandalism,Secondary,7,12,2,0,35.0
32,Male,Drug Offense,Literate,81,13,4,1,72.2
59,Male,Burglary,Preparatory,14,11,1,0,37.7
29,Male,Murder,Bachelor's,226,6,2,0,55.8
56,Male,Theft,Bachelor's,20,11,3,0,39.5
42,Male,Theft,Secondary,28,13,4,0,50.6
20,Female,Assault,Bachelor's,44,6,2,1,55.9
20,Male,Robbery,Illiterate,127,5,0,1,53.9
54,Female,Theft,Secondary,16,8,2,1,43.3
62,Male,Cybercrime,Primary,19,5,0,1,25.4
41,Male,Public Order,Secondary,14,9,0,0,28.5
26,Male,Theft,Primary,39,14,1,0,52.0
35,Male,Theft,Primary,26,14,0,3,55.5
60,Male,Sexual Offense,Primary,148,12,5,1,74.0
32,Male,Theft,Preparatory,15,10,3,0,40.0
21,Male,Weapons Offense,Bachelor's,43,8,0,2,53.4
36,Female,Assault,Illiterate,49,7,0,1,48.6
39,Male,Drug Offense,Preparatory,42,16,3,2,64.3
33,Male,Burglary,Preparatory,54,7,2,0,43.9
51,Female,Fraud,Primary,40,14,0,2,49.7
56,Male,Robbery,Preparatory,125,14,5,1,69.3
18,Male,Murder,Literate,252,11,1,1,76.0
61,Male,Fraud,Illiterate,51,12,5,3,73.9
45,Male,Drug Offense,Primary,58,7,0,1,53.8
18,Female,Vandalism,Primary,19,9,2,0,52.7
58,Female,Fraud,Bachelor's,77,11,2,0,37.0
63,Male,Sexual Offense,Primary,169,9,2,1,67.2
59,Male,Theft,Literate,44,13,1,0,38.8
56,Male,Burglary,Illiterate,36,9,1,0,40.2
40,Male,Assault,Bachelor's,24,7,0,0,29.4
43,Male,Vandalism,Literate,34,9,0,1,38.6
40,Male,Public Order,Literate,24,9,2,1,43.7
55,Female,Fraud,Bachelor's,72,7,2,1,29.2
58,Male,Theft,Preparatory,28,13,3,0,41.8
59,Male,Theft,Secondary,35,8,3,2,40.5
58,Female,Public Order,Secondary,22,14,6,2,61.8
45,Male,Assault,Secondary,105,8,1,1,52.9
53,Male,Drug Offense,Secondary,33,8,2,2,50.3
18,Male,Theft,Bachelor's,38,9,3,0,42.4
49,Male,Theft,Primary,46,8,0,2,46.3
39,Male,Assault,Secondary,35,10,0,1,55.2
34,Male,Theft,Postgraduate education,33,10,0,3,39.5
25,Male,Murder,Preparatory,331,16,6,0,97.9
39,Male,Cybercrime,Preparatory,29,11,0,3,51.1
40,Male,Murder,Illiterate,254,12,0,3,84.3
58,Male,Theft,Preparatory,40,9,2,1,31.2
40,Male,Burglary,Primary,70,5,0,1,39.0
34,Male,Assault,Literate,56,17,7,4,100.0
31,Male,Theft,Bachelor's,42,7,1,0,34.5
19,Male,Weapons Offense,Primary,31,11,0,3,64.7
59,Male,Robbery,Preparatory,74,6,0,0,34.2
46,Male,Vandalism,Preparatory,31,8,0,0,32.0
36,Male,Theft,Preparatory,13,10,3,1,46.9
29,Male,Robbery,Bachelor's,61,13,3,0,52.8
60,Male,Burglary,Secondary,40,8,3,0,42.8
44,Male,Burglary,Illiterate,48,9,1,1,49.1
40,Male,Theft,Preparatory,46,13,5,2,59.0
20,Male,Burglary,Postgraduate education,51,10,3,0,41.9
20,Male,Murder,Secondary,463,10,3,1,91.1
25,Male,Drug Offense,Primary,90,12,1,1,63.6
65,Male,Drug Offense,Literate,81,6,2,0,45.3
28,Male,Assault,Secondary,69,9,3,2,64.9
45,Female,Theft,Illiterate,27,9,0,1,35.4
36,Male,Sexual Offense,Bachelor's,218,9,3,1,67.0
42,Male,Murder,Primary,266,10,0,3,86.3
39,Female,Murder,Bachelor's,209,5,1,0,42.7
65,Male,Drug Offense,Postgraduate education,51,13,2,4,62.9
33,Male,Vandalism,Secondary,12,11,0,0,33.5
40,Male,Theft,Secondary,13,9,0,2,35.4
50,Male,Theft,Preparatory,43,9,2,0,33.2
39,Male,Theft,Primary,46,10,3,1,50.4
27,Male,Robbery,Illiterate,59,6,2,0,58.8
61,Male,Murder,Preparatory,468,19,0,1,77.6
25,Male,Public Order,Bachelor's,19,13,1,0,33.4
51,Male,Fraud,Preparatory,38,10,0,3,53.7
56,Male,Cybercrime,Bachelor's,27,9,3,1,35.6
30,Male,Assault,Primary,25,13,3,3,86.2
64,Male,Burglary,Illiterate,47,8,0,2,54.1
51,Male,Theft,Preparatory,33,9,0,2,42.0
47,Male,Drug Offense,Secondary,20,14,1,0,43.6
55,Male,Theft,Illiterate,3,11,2,3,57.3
49,Female,Murder,Illiterate,361,7,2,0,70.9
49,Male,Weapons Offense,Primary,59,7,1,0,42.9
19,Male,Drug Offense,Postgraduate education,26,12,1,0,47.3
37,Male,Assault,Preparatory,50,12,4,3,81.3
53,Male,Burglary,Secondary,71,14,3,2,59.8
58,Male,Vandalism,Preparatory,30,11,4,3,53.7
56,Male,Weapons Offense,Secondary,96,16,5,0,65.6
42,Male,Fraud,Literate,72,11,1,0,49.2
31,Male,Robbery,Primary,132,10,1,2,68.7
20,Male,Cybercrime,Secondary,42,8,1,0,42.6
60,Female,Robbery,Preparatory,77,7,2,1,46.5
61,Male,Theft,Bachelor's,7,8,2,0,18.5
61,Male,Burglary,Bachelor's,37,6,1,1,25.9
51,Male,Burglary,Bachelor's,61,12,5,1,54.3
50,Male,Vandalism,Secondary,30,11,0,3,40.7
20,Female,Vandalism,Secondary,9,11,4,3,64.5
48,Male,Burglary,Primary,67,10,4,0,53.4
33,Male,Burglary,Primary,54,9,3,2,64.0
31,Male,Assault,Illiterate,33,12,1,3,84.7
51,Female,Burglary,Illiterate,34,7,1,1,39.7
61,Male,Theft,Preparatory,38,9,1,1,34.8
27,Male,Theft,Secondary,21,11,4,1,53.7
47,Male,Cybercrime,Illiterate,19,10,3,1,68.9
34,Male,Assault,Secondary,53,10,1,3,63.0
64,Male,Theft,Bachelor's,23,13,3,2,51.8
40,Male,Fraud,Primary,36,11,1,2,59.1
22,Male,Arson,Preparatory,77,14,3,2,80.7
55,Male,Fraud,Preparatory,14,6,1,0,29.4
18,Male,Drug Offense,Bachelor's,46,9,2,1,47.7
32,Male,Theft,Primary,45,10,0,1,40.2
41,Male,Kidnapping,Bachelor's,223,7,0,0,43.8
41,Female,Theft,Preparatory,6,10,2,2,50.7
61,Male,Robbery,Illiterate,123,10,3,1,61.3
57,Male,Weapons Offense,Literate,60,10,4,2,67.8
43,Male,Burglary,Preparatory,22,12,4,1,55.3
45,Male,Burglary,Secondary,14,4,1,0,23.2
52,Male,Arson,Preparatory,61,7,0,0,44.1
23,Male,Burglary,Illiterate,17,11,2,2,77.3
30,Male,Theft,Literate,15,13,3,3,73.9
51,Male,Theft,Primary,44,9,3,1,46.6
32,Male,Cybercrime,Preparatory,53,8,3,0,35.4
32,Male,Theft,Illiterate,21,16,5,3,87.8
49,Male,Murder,Secondary,281,7,2,1,76.7
53,Male,Fraud,Secondary,38,12,2,2,44.4
32,Female,Assault,Literate,113,7,0,0,60.2
28,Male,Vandalism,Secondary,9,3,0,0,20.6
53,Male,Fraud,Primary,35,8,2,2,49.7
41,Male,Assault,Illiterate,46,2,0,0,39.7
23,Male,Assault,Preparatory,107,7,0,1,55.5
33,Male,Robbery,Bachelor's,96,13,4,4,85.7
51,Male,Theft,Preparatory,22,14,4,1,47.0
56,Female,Assault,Preparatory,112,9,3,2,64.6
61,Male,Assault,Illiterate,112,9,2,2,65.8
19,Male,Theft,Preparatory,7,11,4,3,70.8
29,Male,Drug Offense,Preparatory,93,12,1,2,63.9
32,Male,Murder,Bachelor's,470,13,1,1,84.6
32,Female,Public Order,Secondary,5,14,6,4,75.1
29,Male,Drug Offense,Preparatory,47,9,0,1,54.6
45,Male,Burglary,Primary,64,6,1,1,47.5
44,Male,Sexual Offense,Primary,140,11,4,0,74.5
20,Male,Drug Offense,Secondary,65,14,2,0,57.0
24,Male,Theft,Preparatory,46,11,2,0,45.4
28,Male,Theft,Secondary,34,7,0,1,33.6
53,Male,Drug Offense,Primary,74,9,0,2,47.5
20,Female,Robbery,Postgraduate education,144,9,1,1,50.0
27,Male,Public Order,Primary,15,11,3,0,48.2
24,Female,Cybercrime,Literate,41,8,0,1,50.3
30,Male,Theft,Secondary,22,9,1,2,44.1
50,Male,Burglary,Secondary,46,15,3,1,62.8
59,Female,Assault,Illiterate,52,12,3,2,74.0
26,Male,Assault,Preparatory,114,9,1,0,57.6
44,Female,Burglary,Bachelor's,55,13,1,2,50.2
39,Male,Sexual Offense,Preparatory,108,11,3,0,66.0
45,Male,Assault,Illiterate,76,8,1,1,50.4
55,Male,Drug Offense,Bachelor's,65,9,1,1,38.4
43,Female,Burglary,Primary,59,13,0,1,44.2
41,Male,Theft,Bachelor's,20,7,1,1,30.7
40,Male,Assault,Preparatory,87,10,1,3,64.0
51,Male,Theft,Secondary,24,12,2,0,30.8
50,Male,Theft,Postgraduate education,35,10,0,0,21.3
62,Male,Robbery,Secondary,108,9,2,1,42.1
28,Male,Drug Offense,Postgraduate education,16,8,2,0,37.4
36,Male,Robbery,Illiterate,80,10,3,3,75.8
42,Male,Theft,Literate,33,13,1,1,46.2
51,Male,Robbery,Bachelor's,107,10,0,0,36.6
52,Female,Weapons Offense,Secondary,24,11,0,2,41.1
32,Male,Fraud,Secondary,49,12,0,0,39.2
18,Male,Vandalism,Postgraduate education,4,15,2,2,50.3
37,Male,Burglary,Secondary,39,11,3,0,44.9
57,Female,Murder,Illiterate,372,3,0,0,55.2
38,Male,Theft,Preparatory,9,12,4,3,67.7
57,Male,Assault,Postgraduate education,87,16,3,1,56.7
64,Male,Burglary,Secondary,55,14,6,1,64.6
23,Male,Drug Offense,Illiterate,72,14,1,2,77.0
41,Male,Burglary,Bachelor's,16,9,0,1,31.8
43,Male,Fraud,Primary,50,11,0,3,58.8
51,Male,Drug Offense,Secondary,13,6,1,1,37.2
61,Female,Assault,Secondary,24,8,1,0,32.5
39,Male,Cybercrime,Primary,26,5,1,0,27.1
48,Male,Sexual Offense,Secondary,168,11,4,0,61.9
25,Male,Fraud,Secondary,67,11,0,3,51.7
42,Male,Fraud,Postgraduate education,20,14,2,3,53.7
60,Male,Public Order,Preparatory,13,12,1,3,47.5
19,Male,Burglary,Primary,35,16,0,3,77.5
42,Male,Sexual Offense,Illiterate,117,16,4,4,100.0
36,Male,Arson,Bachelor's,85,3,0,0,30.9
57,Female,Robbery,Primary,137,9,3,0,51.1
41,Male,Vandalism,Preparatory,15,11,0,1,40.7
35,Male,Burglary,Illiterate,24,5,0,0,40.5
33,Female,Murder,Secondary,338,6,2,0,66.1
56,Male,Public Order,Secondary,13,13,1,1,39.7
64,Male,Sexual Offense,Bachelor's,125,8,2,2,55.2
50,Male,Robbery,Secondary,72,10,3,3,63.8
24,Male,Theft,Preparatory,17,10,2,2,60.8
37,Male,Robbery,Literate,138,16,4,1,78.6
65,Male,Weapons Offense,Bachelor's,81,11,0,2,39.9
57,Male,Burglary,Secondary,69,11,3,2,51.7
56,Male,Theft,Secondary,21,11,2,2,45.8
36,Male,Weapons Offense,Secondary,34,14,2,2,66.2
30,Male,Vandalism,Primary,31,6,2,1,42.3
56,Male,Theft,Illiterate,14,5,1,1,38.5
39,Male,Vandalism,Bachelor's,34,18,3,4,67.4
26,Female,Theft,Secondary,29,9,2,1,39.7
40,Male,Assault,Primary,113,18,8,6,100.0
22,Male,Fraud,Postgraduate education,18,6,0,1,29.1
36,Male,Fraud,Preparatory,60,11,3,3,65.6
49,Male,Vandalism,Secondary,15,9,2,2,42.9
65,Male,Public Order,Primary,20,8,1,1,34.0
42,Male,Assault,Secondary,84,8,2,0,49.9
38,Male,Assault,Postgraduate education,40,9,1,2,47.6
19,Male,Robbery,Primary,39,3,0,0,46.2
28,Male,Drug Offense,Secondary,50,6,0,0,32.4
31,Male,Kidnapping,Literate,270,12,2,0,76.6
46,Male,Robbery,Literate,122,7,1,1,58.4
42,Male,Robbery,Secondary,90,10,2,0,52.5
50,Male,Murder,Secondary,184,16,6,4,100.0
51,Male,Assault,Primary,34,15,3,1,65.6
37,Male,Sexual Offense,Primary,105,10,0,0,52.5
65,Male,Drug Offense,Secondary,48,15,4,3,74.5
36,Male,Robbery,Preparatory,93,13,4,4,83.5
26,Male,Robbery,Secondary,97,3,0,0,37.0
53,Male,Theft,Primary,32,10,0,1,42.2
59,Male,Assault,Bachelor's,82,15,3,5,92.3
38,Female,Cybercrime,Primary,13,12,4,3,64.2
34,Male,Theft,Preparatory,13,8,3,2,52.9
53,Female,Theft,Primary,36,7,2,0,30.8
56,Male,Theft,Bachelor's,38,13,0,1,33.8
59,Male,Assault,Preparatory,24,9,1,2,58.2
64,Male,Theft,Primary,44,8,3,1,39.0
61,Male,Vandalism,Secondary,14,9,2,1,43.6
38,Male,Weapons Offense,Bachelor's,85,8,2,0,48.5
62,Male,Arson,Secondary,67,10,1,2,52.4
23,Male,Assault,Preparatory,90,20,6,1,91.7
43,Male,Fraud,Preparatory,79,10,3,3,64.1
44,Male,Weapons Offense,Secondary,95,8,1,1,49.6
43,Male,Assault,Primary,49,1,0,0,31.8
27,Male,Fraud,Primary,78,8,0,1,46.7
44,Male,Drug Offense,Preparatory,58,10,0,1,53.3
35,Male,Assault,Secondary,52,9,2,1,54.1
43,Male,Public Order,Secondary,9,7,2,1,39.7
54,Male,Robbery,Literate,119,13,0,0,47.3
47,Male,Theft,Secondary,5,11,1,0,36.4
22,Male,Cybercrime,Secondary,22,9,2,2,49.9
50,Male,Theft,Illiterate,46,9,2,0,38.5
55,Male,Theft,Primary,27,13,0,0,40.1
38,Male,Drug Offense,Preparatory,66,8,2,2,59.0
57,Male,Theft,Bachelor's,41,10,0,0,28.0
28,Female,Burglary,Secondary,32,12,4,1,61.3
26,Male,Theft,Primary,10,10,3,2,61.0
38,Male,Robbery,Secondary,124,11,3,2,65.0
27,Male,Assault,Postgraduate education,35,11,4,0,44.9
59,Male,Assault,Secondary,117,12,1,0,42.1
54,Male,Burglary,Primary,27,13,1,3,59.7
39,Male,Vandalism,Primary,12,10,3,1,53.0
19,Male,Robbery,Secondary,93,15,6,0,73.4
43,Female,Theft,Bachelor's,48,13,0,3,55.7
60,Female,Cybercrime,Bachelor's,51,8,1,2,36.9
41,Male,Fraud,Illiterate,39,10,3,3,68.9
22,Male,Theft,Secondary,34,12,2,0,48.4
33,Male,Drug Offense,Preparatory,29,8,0,2,49.2
31,Male,Public Order,Preparatory,12,9,2,2,49.1
36,Male,Theft,Secondary,6,10,1,2,41.3
32,Male,Murder,Secondary,390,10,1,0,56.6
47,Male,Assault,Primary,30,9,2,0,50.6
22,Female,Weapons Offense,Secondary,46,6,1,1,49.3
63,Female,Cybercrime,Literate,25,12,5,1,63.3
61,Male,Robbery,Primary,140,16,3,0,64.3
58,Male,Burglary,Secondary,64,16,4,0,60.3
45,Male,Public Order,Secondary,14,7,1,0,20.0
65,Male,Assault,Postgraduate education,34,6,0,1,27.2
33,Male,Public Order,Primary,23,4,1,0,31.3
47,Male,Vandalism,Primary,19,11,2,3,66.7
20,Male,Robbery,Illiterate,130,9,2,2,77.1
38,Male,Sexual Offense,Preparatory,131,7,2,1,61.4
60,Male,Arson,Secondary,76,10,3,0,41.3
35,Male,Fraud,Literate,63,8,2,2,55.3
57,Male,Drug Offense,Preparatory,24,8,0,1,44.3
57,Female,Sexual Offense,Secondary,212,13,1,1,65.0
31,Male,Theft,Primary,3,14,2,3,63.7
32,Male,Assault,Preparatory,53,7,1,0,41.8
56,Male,Robbery,Bachelor's,52,10,1,3,60.1
53,Male,Robbery,Secondary,43,12,2,0,40.1
55,Female,Arson,Secondary,62,13,0,2,56.1
24,Male,Weapons Offense,Illiterate,84,10,1,1,66.8
53,Male,Theft,Bachelor's,46,7,1,1,30.7
30,Male,Vandalism,Primary,20,11,2,2,56.1
58,Male,Drug Offense,Bachelor's,91,14,1,3,61.6
28,Female,Theft,Bachelor's,46,9,3,1,48.1
41,Male,Fraud,Primary,60,9,1,2,50.0
27,Female,Robbery,Preparatory,85,12,0,0,54.2
40,Male,Assault,Secondary,53,6,0,0,33.6
56,Male,Murder,Primary,216,12,1,2,73.2
19,Male,Fraud,Postgraduate education,76,14,3,3,68.7
50,Male,Assault,Preparatory,47,17,6,5,97.9
51,Female,Theft,Bachelor's,24,10,4,0,25.8
48,Male,Cybercrime,Preparatory,44,11,4,0,55.2
46,Male,Theft,Bachelor's,38,10,4,2,51.7
56,Male,Vandalism,Secondary,36,14,1,2,39.9
36,Male,Vandalism,Secondary,4,10,1,2,45.3
46,Male,Fraud,Preparatory,52,9,3,2,44.2
61,Male,Drug Offense,Illiterate,38,10,4,2,72.6
28,Male,Weapons Offense,Secondary,88,10,2,0,52.7
46,Male,Assault,Primary,98,9,3,2,67.7
53,Female,Drug Offense,Illiterate,55,8,3,2,58.6
60,Female,Theft,Preparatory,40,12,5,2,45.6
21,Female,Public Order,Primary,1,9,3,1,51.8
58,Male,Burglary,Preparatory,42,14,3,3,59.6
49,Male,Burglary,Literate,52,9,3,2,70.2
34,Male,Arson,Illiterate,97,11,4,3,89.0
33,Male,Murder,Illiterate,457,13,3,3,100.0
59,Male,Drug Offense,Literate,35,10,2,0,36.9
21,Male,Arson,Preparatory,59,14,1,4,86.1
57,Male,Drug Offense,Secondary,91,9,2,1,40.1
58,Male,Theft,Preparatory,43,11,4,1,49.1
43,Male,Assault,Preparatory,27,4,1,0,41.0
49,Male,Burglary,Primary,33,9,1,2,46.8
44,Male,Public Order,Secondary,18,6,2,0,18.1
33,Male,Drug Offense,Bachelor's,36,6,2,1,45.1
18,Male,Theft,Preparatory,43,8,1,2,58.1
51,Male,Theft,Literate,39,9,0,2,42.0
20,Male,Public Order,Primary,24,14,1,4,79.7
42,Female,Sexual Offense,Primary,105,11,2,3,77.5
53,Male,Vandalism,Literate,18,6,1,1,36.9
24,Male,Theft,Literate,22,10,1,1,57.5
42,Male,Burglary,Primary,19,14,2,2,61.2
20,Male,Vandalism,Illiterate,32,8,0,1,50.4
59,Male,Weapons Offense,Preparatory,45,14,4,0,58.9
22,Male,Murder,Illiterate,415,16,0,0,88.9
28,Male,Theft,Secondary,33,11,3,2,55.0
57,Male,Vandalism,Secondary,9,8,1,0,19.7
59,Male,Theft,Primary,28,10,1,1,38.0
35,Male,Cybercrime,Preparatory,27,12,3,2,51.1
52,Male,Assault,Preparatory,99,8,0,0,36.8
19,Female,Vandalism,Primary,32,13,1,2,64.5
64,Male,Murder,Secondary,323,12,1,2,73.8
49,Female,Public Order,Bachelor's,1,5,0,1,25.0
55,Male,Sexual Offense,Secondary,151,10,3,2,73.0
65,Male,Assault,Primary,115,13,1,2,63.9
43,Male,Burglary,Illiterate,12,11,0,2,58.5
36,Male,Burglary,Primary,25,7,1,0,34.1
19,Male,Vandalism,Literate,32,9,2,2,59.7
20,Male,Theft,Bachelor's,32,7,2,1,47.3
40,Male,Assault,Primary,114,9,2,0,60.2
57,Male,Robbery,Secondary,90,10,1,0,32.9
31,Male,Fraud,Literate,30,3,0,0,34.4
58,Male,Burglary,Secondary,44,15,5,0,46.7
28,Male,Vandalism,Literate,27,9,2,1,52.7
32,Male,Cybercrime,Secondary,9,11,2,0,35.1
65,Female,Murder,Postgraduate education,186,9,0,0,40.4
52,Female,Assault,Preparatory,112,10,0,0,41.7
23,Male,Arson,Preparatory,74,6,2,1,58.4
37,Male,Burglary,Preparatory,32,9,2,0,38.2
61,Male,Assault,Preparatory,35,7,0,1,44.7
24,Male,Theft,Preparatory,9,10,3,2,60.7
18,Male,Cybercrime,Postgraduate education,60,8,3,1,45.7
60,Female,Public Order,Bachelor's,8,6,0,1,20.2
41,Male,Robbery,Bachelor's,97,11,3,0,51.3
30,Male,Assault,Illiterate,81,11,1,3,73.6
18,Female,Assault,Preparatory,79,11,4,2,79.2
35,Male,Kidnapping,Primary,194,13,2,3,89.9
48,Female,Fraud,Secondary,51,13,2,0,40.1
45,Male,Robbery,Secondary,73,20,4,6,100.0
29,Male,Robbery,Preparatory,84,12,5,0,63.8
52,Male,Murder,Secondary,426,6,2,0,55.1
32,Male,Murder,Illiterate,377,4,1,0,78.2
20,Male,Burglary,Secondary,27,12,4,3,75.2
60,Male,Vandalism,Illiterate,4,12,5,1,65.7
57,Male,Drug Offense,Illiterate,68,7,2,1,49.4
59,Male,Fraud,Postgraduate education,24,14,4,0,44.0
57,Male,Fraud,Secondary,40,11,0,3,36.1
27,Male,Drug Offense,Preparatory,74,13,1,2,66.9
27,Male,Drug Offense,Illiterate,23,6,1,1,55.0
41,Male,Drug Offense,Postgraduate education,56,13,5,0,47.1
61,Male,Vandalism,Primary,35,14,5,3,66.2
36,Male,Theft,Secondary,46,8,2,0,33.1
55,Male,Weapons Offense,Secondary,79,11,2,0,43.2
29,Male,Arson,Illiterate,88,10,2,0,66.5
43,Male,Vandalism,Bachelor's,4,8,1,0,29.7
54,Male,Fraud,Illiterate,78,6,1,0,42.6
31,Male,Burglary,Secondary,25,19,7,0,71.6
44,Male,Assault,Illiterate,90,11,0,2,65.4
49,Male,Drug Offense,Secondary,43,11,3,2,56.3
36,Male,Robbery,Secondary,48,10,4,3,72.8
63,Male,Fraud,Illiterate,80,9,1,1,45.5
49,Male,Burglary,Secondary,30,7,0,0,29.7
49,Male,Drug Offense,Primary,62,12,1,3,68.9
51,Male,Robbery,Preparatory,113,12,2,1,56.1
64,Female,Burglary,Bachelor's,18,11,1,3,51.4
44,Male,Murder,Secondary,464,8,2,2,83.0
37,Male,Assault,Literate,41,6,2,1,62.3
46,Male,Burglary,Literate,71,10,2,3,71.5
29,Male,Theft,Secondary,38,9,2,2,43.2
47,Male,Fraud,Primary,44,13,4,4,77.4
24,Male,Public Order,Secondary,9,11,2,0,39.3
47,Male,Sexual Offense,Bachelor's,129,8,1,2,56.9
37,Male,Drug Offense,Preparatory,54,5,0,1,35.5
25,Male,Burglary,Preparatory,16,10,0,3,56.9
47,Male,Fraud,Secondary,82,13,5,2,63.2
37,Male,Drug Offense,Illiterate,92,9,0,0,45.6
38,Male,Theft,Secondary,31,12,5,2,63.0
34,Male,Sexual Offense,Bachelor's,220,10,0,0,56.2
44,Male,Assault,Preparatory,38,11,2,3,67.3
32,Male,Burglary,Literate,39,5,1,0,35.2
20,Male,Arson,Primary,113,5,1,1,56.9
36,Male,Drug Offense,Bachelor's,28,10,4,1,51.6
34,Male,Robbery,Bachelor's,132,11,0,1,58.7
52,Male,Fraud,Illiterate,36,8,3,2,51.9
41,Male,Robbery,Preparatory,125,9,1,0,42.1
40,Male,Theft,Primary,9,8,3,0,36.8
59,Male,Drug Offense,Illiterate,24,10,2,1,53.6
36,Male,Assault,Primary,106,11,1,1,61.2
60,Male,Theft,Literate,39,10,1,1,40.5
50,Male,Burglary,Secondary,45,9,1,0,34.3
34,Male,Public Order,Secondary,22,12,1,3,45.1
24,Male,Assault,Literate,80,14,5,2,94.9
49,Male,Weapons Offense,Preparatory,88,10,0,3,58.6
39,Male,Vandalism,Illiterate,9,8,1,0,43.4
61,Male,Robbery,Secondary,68,12,2,1,57.7
18,Female,Theft,Primary,37,7,1,0,41.2
56,Male,Burglary,Secondary,67,11,2,0,40.8
43,Male,Theft,Secondary,27,9,1,2,39.1
38,Male,Robbery,Literate,108,8,3,0,56.9
33,Male,Burglary,Literate,38,5,0,1,43.2
58,Male,Assault,Literate,25,14,5,2,80.8
28,Male,Cybercrime,Primary,17,7,1,0,42.1
44,Male,Theft,Illiterate,40,16,2,3,73.7
52,Male,Cybercrime,Bachelor's,55,7,0,1,30.1
53,Male,Theft,Primary,3,14,2,4,61.1
39,Female,Assault,Literate,74,5,1,1,46.3
51,Male,Drug Offense,Secondary,95,13,1,1,45.9
58,Male,Weapons Offense,Postgraduate education,25,9,0,0,25.4
47,Male,Public Order,Secondary,14,12,2,2,55.2
54,Male,Weapons Offense,Primary,83,4,0,0,34.9
42,Female,Fraud,Literate,46,10,3,1,57.9
22,Male,Public Order,Illiterate,19,8,1,2,59.0
53,Male,Theft,Secondary,11,13,1,0,35.0
47,Male,Drug Offense,Literate,88,8,0,0,34.9
37,Male,Weapons Offense,Secondary,76,10,3,0,52.9
31,Male,Arson,Primary,110,10,4,2,81.8
28,Male,Fraud,Secondary,81,10,4,3,62.2
49,Male,Robbery,Primary,113,13,5,2,91.5
23,Male,Theft,Secondary,17,10,2,0,42.6
33,Male,Vandalism,Preparatory,32,9,1,2,43.2
27,Female,Drug Offense,Primary,95,10,4,3,78.6
31,Male,Vandalism,Illiterate,30,12,2,2,64.7
23,Male,Theft,Primary,38,10,0,1,50.8
49,Male,Theft,Secondary,40,11,4,1,54.7
44,Male,Sexual Offense,Secondary,110,13,5,4,91.1
61,Male,Weapons Offense,Primary,78,6,2,0,42.1
47,Male,Drug Offense,Literate,17,8,1,0,43.8
29,Male,Vandalism,Preparatory,9,14,0,1,38.9
35,Male,Robbery,Secondary,139,14,0,2,63.1
22,Male,Drug Offense,Literate,92,11,1,3,75.6
28,Male,Robbery,Preparatory,104,11,2,3,68.2
65,Male,Murder,Illiterate,202,9,2,1,74.2
54,Male,Assault,Secondary,90,6,1,1,43.3
43,Male,Murder,Illiterate,432,10,3,2,91.9
60,Male,Theft,Illiterate,43,17,5,3,78.4
60,Male,Assault,Illiterate,96,9,0,0,43.8
49,Male,Burglary,Secondary,54,11,1,0,41.2
38,Male,Drug Offense,Secondary,90,8,2,1,52.5
26,Male,Public Order,Bachelor's,12,9,1,1,37.0
58,Male,Theft,Secondary,20,15,2,5,66.4
45,Male,Sexual Offense,Illiterate,182,4,0,0,54.2
62,Male,Theft,Secondary,27,7,0,1,27.9
27,Male,Burglary,Secondary,55,11,3,1,51.2
36,Male,Drug Offense,Illiterate,56,9,2,2,68.4
25,Male,Theft,Bachelor's,31,10,1,0,29.0
26,Male,Robbery,Preparatory,115,7,1,0,44.5
41,Male,Assault,Preparatory,44,8,1,1,52.9
36,Male,Assault,Preparatory,55,9,1,2,53.5
21,Female,Assault,Primary,40,13,5,0,73.0
60,Male,Theft,Secondary,46,10,2,3,52.5
21,Male,Sexual Offense,Preparatory,164,6,2,1,74.7
59,Male,Drug Offense,Secondary,76,10,2,3,60.4
18,Male,Cybercrime,Literate,49,7,2,0,42.1
27,Male,Theft,Secondary,39,9,1,1,45.8
48,Female,Assault,Primary,79,11,2,0,56.7
53,Male,Arson,Bachelor's,97,7,1,0,30.3
42,Male,Assault,Secondary,68,6,0,0,36.1
26,Male,Fraud,Primary,61,12,4,0,61.2
52,Male,Sexual Offense,Preparatory,194,11,4,0,66.4
35,Female,Assault,Preparatory,108,10,3,2,58.3
43,Male,Public Order,Preparatory,8,11,0,3,51.9
20,Male,Burglary,Primary,37,12,2,3,74.7
59,Male,Vandalism,Primary,31,4,0,0,26.3
57,Male,Theft,Primary,43,9,1,0,27.4
50,Male,Assault,Primary,39,9,3,2,68.7
62,Male,Fraud,Primary,61,8,1,2,41.8
31,Male,Assault,Preparatory,66,12,0,1,52.8
59,Male,Theft,Literate,28,8,3,1,49.8
59,Male,Assault,Preparatory,70,10,2,2,59.5
59,Male,Robbery,Primary,58,8,1,0,38.8
54,Male,Theft,Primary,44,15,3,3,72.3
27,Male,Drug Offense,Secondary,71,11,2,3,74.3
64,Male,Assault,Bachelor's,115,7,2,0,39.0
62,Male,Sexual Offense,Preparatory,145,15,5,3,90.0
42,Male,Robbery,Secondary,36,11,1,1,55.6
55,Male,Drug Offense,Preparatory,45,11,3,0,47.4
32,Male,Murder,Primary,309,15,5,4,100.0
56,Male,Drug Offense,Secondary,61,13,2,3,66.9
62,Female,Assault,Primary,88,13,3,2,72.3
44,Male,Drug Offense,Illiterate,79,9,2,0,54.1
60,Male,Assault,Primary,117,13,4,1,66.2
38,Male,Theft,Primary,8,17,4,5,76.1
57,Male,Robbery,Secondary,124,9,0,1,44.0
46,Male,Kidnapping,Secondary,127,6,2,1,52.3
38,Male,Theft,Postgraduate education,4,6,2,0,21.0
41,Male,Vandalism,Primary,11,7,1,0,27.3
58,Female,Assault,Bachelor's,67,11,4,0,51.5
57,Male,Arson,Bachelor's,90,4,0,0,15.2
54,Male,Murder,Bachelor's,267,9,3,2,67.5
44,Male,Burglary,Preparatory,27,7,0,1,48.1
46,Male,Theft,Preparatory,47,5,1,1,29.4
33,Male,Weapons Offense,Literate,54,14,2,3,85.2
65,Female,Robbery,Secondary,61,4,1,0,36.2
29,Male,Sexual Offense,Illiterate,142,18,2,0,85.3
36,Male,Vandalism,Illiterate,9,7,1,0,32.3
42,Female,Vandalism,Preparatory,16,9,2,0,38.5
39,Male,Vandalism,Secondary,35,8,2,2,42.6
44,Male,Assault,Illiterate,50,11,4,3,83.5
24,Male,Drug Offense,Bachelor's,28,10,0,2,56.2
51,Male,Theft,Preparatory,43,8,0,2,37.1
49,Male,Vandalism,Primary,16,8,3,1,46.0
35,Male,Theft,Secondary,27,7,2,1,38.2
31,Male,Fraud,Primary,63,13,4,0,57.3
58,Male,Vandalism,Secondary,34,11,3,1,42.4
20,Male,Robbery,Illiterate,128,8,1,2,73.2
64,Female,Robbery,Secondary,129,10,4,0,49.5
32,Female,Vandalism,Illiterate,11,10,2,3,68.4
59,Male,Fraud,Preparatory,17,6,1,0,31.8
34,Male,Vandalism,Primary,26,12,2,3,62.1
28,Male,Drug Offense,Secondary,43,12,1,0,42.8
39,Male,Assault,Bachelor's,56,14,3,4,70.5
20,Female,Weapons Offense,Bachelor's,54,10,2,2,65.8
20,Male,Cybercrime,Postgraduate education,20,14,1,2,45.1
57,Male,Robbery,Secondary,113,13,3,3,64.3
26,Male,Vandalism,Literate,20,7,0,0,40.3
21,Male,Theft,Preparatory,38,7,1,0,38.9
60,Male,Robbery,Bachelor's,87,10,2,0,36.9
33,Male,Drug Offense,Illiterate,31,7,1,0,49.1
53,Male,Burglary,Secondary,40,11,4,3,60.4
37,Male,Fraud,Secondary,17,12,3,1,44.8
40,Male,Assault,Bachelor's,49,7,1,0,42.5
51,Male,Drug Offense,Secondary,28,9,1,2,43.0
43,Male,Theft,Secondary,3,7,2,0,32.1
37,Male,Cybercrime,Preparatory,12,6,1,0,28.2
47,Male,Theft,Preparatory,28,9,2,1,43.7
40,Male,Assault,Secondary,105,9,0,1,51.4
65,Male,Fraud,Preparatory,62,10,0,0,31.4
55,Male,Vandalism,Secondary,11,12,0,0,24.7
28,Male,Robbery,Illiterate,66,8,0,2,64.8
19,Male,Burglary,Illiterate,18,13,0,0,59.1
20,Male,Vandalism,Preparatory,9,9,1,1,58.2
65,Male,Fraud,Primary,22,11,0,1,39.1
60,Male,Theft,Primary,48,15,3,4,63.2
27,Male,Public Order,Literate,13,6,0,1,36.5
24,Male,Theft,Literate,29,5,1,1,48.5
61,Male,Public Order,Literate,1,5,1,1,30.2
63,Male,Drug Offense,Bachelor's,50,8,3,1,43.1
26,Male,Kidnapping,Literate,193,10,0,1,65.1
33,Male,Burglary,Literate,56,12,0,3,73.7
21,Male,Theft,Literate,36,8,0,1,34.5
56,Male,Drug Offense,Literate,96,8,3,0,43.6
33,Male,Drug Offense,Bachelor's,84,9,3,1,49.2
24,Male,Burglary,Primary,22,10,1,0,46.1
56,Male,Fraud,Secondary,74,14,3,4,60.3
44,Male,Robbery,Secondary,102,18,0,2,61.2
35,Male,Assault,Preparatory,31,14,4,4,90.4
52,Male,Cybercrime,Secondary,35,6,0,1,29.5
47,Male,Fraud,Preparatory,47,18,6,2,75.3
18,Male,Theft,Preparatory,41,7,2,1,44.6
21,Male,Cybercrime,Primary,9,14,2,0,53.5
26,Male,Burglary,Literate,33,15,6,1,76.2
45,Male,Sexual Offense,Preparatory,221,11,0,1,61.6
65,Female,Vandalism,Preparatory,12,10,3,0,36.4
36,Male,Drug Offense,Secondary,72,9,0,2,47.3
63,Male,Assault,Secondary,118,4,1,0,29.8
29,Male,Burglary,Preparatory,16,6,1,1,42.6
35,Male,Drug Offense,Literate,32,10,3,1,60.1
51,Male,Burglary,Secondary,17,11,3,0,44.3
30,Male,Weapons Offense,Literate,44,13,2,2,70.6
31,Male,Public Order,Preparatory,16,14,3,1,53.4
61,Male,Murder,Secondary,201,10,0,0,54.9
64,Male,Public Order,Primary,6,12,3,1,45.5
37,Male,Burglary,Secondary,21,13,3,3,63.9
34,Male,Fraud,Secondary,78,10,3,1,54.8
60,Male,Murder,Secondary,296,11,2,0,62.9
62,Male,Theft,Preparatory,13,8,2,1,37.5
62,Female,Sexual Offense,Primary,213,12,2,3,85.1
35,Male,Weapons Offense,Bachelor's,94,15,2,1,55.2
64,Female,Cybercrime,Primary,39,10,3,2,49.7
46,Male,Weapons Offense,Preparatory,34,11,3,3,74.6
64,Female,Weapons Offense,Illiterate,55,9,1,2,64.7
20,Male,Kidnapping,Primary,243,12,4,1,93.4
41,Male,Theft,Secondary,14,9,3,0,40.3
40,Male,Assault,Primary,118,11,4,2,76.1
62,Male,Theft,Preparatory,38,12,4,2,56.1
44,Female,Theft,Preparatory,22,12,5,3,66.9
50,Male,Fraud,Preparatory,71,7,1,0,29.6
64,Male,Fraud,Secondary,24,14,2,1,42.9
35,Male,Kidnapping,Bachelor's,217,14,5,0,70.3
41,Male,Drug Offense,Preparatory,29,8,1,0,42.6
60,Male,Assault,Bachelor's,108,11,0,1,45.7
18,Male,Robbery,Literate,123,7,2,1,62.7
41,Male,Drug Offense,Secondary,92,14,6,4,87.6
24,Male,Kidnapping,Illiterate,214,7,2,1,79.3
40,Male,Burglary,Primary,16,13,3,3,66.0
27,Male,Fraud,Preparatory,76,10,1,1,48.0
19,Male,Weapons Offense,Bachelor's,30,10,2,3,67.3
65,Male,Fraud,Preparatory,43,11,2,1,42.1
30,Male,Robbery,Bachelor's,143,7,2,0,50.2
38,Male,Public Order,Literate,14,10,0,1,39.4
38,Male,Sexual Offense,Primary,200,7,0,1,64.4
58,Male,Public Order,Primary,2,8,0,2,40.5
62,Male,Cybercrime,Secondary,59,11,0,1,37.1
31,Male,Fraud,Bachelor's,46,10,1,3,57.7
30,Male,Theft,Illiterate,46,6,0,0,38.4
44,Male,Drug Offense,Illiterate,58,3,0,0,32.2
33,Male,Weapons Offense,Secondary,47,6,2,0,45.3
28,Female,Burglary,Bachelor's,37,13,1,3,65.3
35,Male,Robbery,Secondary,43,16,4,1,66.3
45,Male,Drug Offense,Preparatory,48,11,1,1,53.2
28,Male,Drug Offense,Bachelor's,16,18,2,4,79.7
47,Female,Kidnapping,Preparatory,140,13,5,1,82.1
65,Male,Theft,Illiterate,11,5,1,1,34.3
36,Female,Public Order,Preparatory,1,14,6,0,54.8
41,Male,Drug Offense,Bachelor's,25,18,2,5,84.1
25,Male,Assault,Secondary,107,15,3,0,66.8
19,Male,Burglary,Illiterate,15,11,3,1,64.2
60,Female,Sexual Offense,Preparatory,145,7,0,0,35.9
62,Male,Vandalism,Primary,14,14,1,1,46.4
19,Male,Drug Offense,Illiterate,65,5,1,1,58.6
36,Male,Robbery,Literate,43,7,2,0,49.0
47,Male,Vandalism,Secondary,16,6,0,0,28.3
22,Male,Fraud,Secondary,39,13,3,3,72.9
23,Male,Assault,Preparatory,64,11,4,2,77.3
20,Male,Theft,Preparatory,25,18,7,1,79.0
59,Male,Theft,Preparatory,25,7,2,1,37.8
22,Male,Theft,Primary,20,11,2,1,55.8
64,Male,Assault,Illiterate,43,10,3,1,61.9
22,Male,Burglary,Preparatory,18,8,1,1,49.6
39,Male,Theft,Secondary,14,16,3,4,68.9
64,Male,Theft,Primary,26,12,3,1,48.5
57,Male,Theft,Preparatory,44,9,0,2,41.9
44,Female,Theft,Primary,47,11,2,1,50.2
49,Male,Robbery,Primary,144,4,0,0,43.7
62,Male,Burglary,Bachelor's,23,13,4,0,48.5
27,Male,Theft,Secondary,37,8,0,1,35.4
59,Female,Robbery,Secondary,58,4,1,0,34.8
37,Female,Murder,Preparatory,197,8,0,0,56.9
65,Male,Drug Offense,Literate,41,13,4,1,62.7
33,Male,Theft,Illiterate,40,10,4,0,54.3
65,Male,Murder,Secondary,230,11,4,2,78.3
63,Male,Arson,Illiterate,112,21,4,4,100.0
57,Male,Theft,Bachelor's,42,8,0,0,24.5
46,Female,Theft,Secondary,11,8,1,2,35.3
60,Male,Vandalism,Primary,36,11,2,3,50.7
46,Male,Robbery,Illiterate,126,17,2,5,100.0
55,Male,Burglary,Literate,34,10,4,0,48.0
34,Male,Robbery,Primary,41,9,2,1,59.3
27,Male,Robbery,Literate,67,8,3,0,64.2
52,Female,Assault,Secondary,74,12,1,3,57.1
45,Female,Murder,Bachelor's,199,10,0,3,71.5
39,Male,Arson,Secondary,53,8,1,2,52.4
62,Female,Theft,Primary,4,12,3,3,59.6
65,Male,Assault,Secondary,53,9,0,1,39.3
60,Male,Assault,Illiterate,87,12,0,2,63.8
18,Male,Cybercrime,Primary,9,4,1,0,40.3
50,Male,Burglary,Primary,57,4,0,0,29.1
62,Male,Burglary,Secondary,18,13,1,4,57.0
40,Male,Burglary,Secondary,54,9,3,0,35.4
33,Male,Fraud,Bachelor's,61,14,0,1,48.0
59,Male,Theft,Bachelor's,12,16,6,4,76.8
55,Male,Robbery,Literate,53,8,2,1,51.8
42,Male,Cybercrime,Illiterate,49,9,1,0,42.1
53,Female,Fraud,Secondary,26,12,0,0,20.0
23,Male,Theft,Primary,46,7,0,1,53.7
33,Male,Kidnapping,Primary,287,7,2,0,62.8
60,Female,Assault,Bachelor's,51,8,2,0,38.7
44,Male,Assault,Primary,50,16,4,3,81.3
31,Male,Drug Offense,Postgraduate education,17,11,3,2,61.6
43,Male,Fraud,Postgraduate education,66,15,4,4,64.1
18,Male,Fraud,Illiterate,15,8,0,2,58.4
59,Male,Vandalism,Illiterate,6,12,5,1,59.9
53,Male,Fraud,Secondary,58,14,5,2,63.8
21,Male,Drug Offense,Preparatory,16,7,1,0,39.1
40,Female,Public Order,Bachelor's,10,15,3,1,50.4
37,Male,Murder,Secondary,214,16,0,1,58.6
26,Male,Fraud,Preparatory,59,14,2,4,73.4
18,Male,Drug Offense,Secondary,86,15,5,3,89.7
57,Female,Assault,Illiterate,39,7,1,0,51.4
58,Male,Kidnapping,Bachelor's,276,14,4,3,83.7
52,Male,Assault,Primary,25,11,3,2,63.2
33,Male,Weapons Offense,Preparatory,59,11,4,0,64.8
54,Male,Sexual Offense,Postgraduate education,218,12,2,3,70.7
45,Male,Fraud,Postgraduate education,17,13,4,3,64.1
35,Male,Assault,Secondary,49,11,0,3,62.0
65,Female,Robbery,Preparatory,118,18,0,4,73.8
60,Male,Cybercrime,Secondary,9,9,3,1,35.4
63,Male,Vandalism,Preparatory,15,10,0,2,41.2
55,Male,Assault,Primary,78,15,1,5,83.8
46,Male,Cybercrime,Preparatory,29,9,1,2,47.0
31,Male,Robbery,Illiterate,76,11,3,3,88.0
33,Male,Sexual Offense,Postgraduate education,168,14,5,0,75.3
30,Male,Theft,Illiterate,9,12,2,3,70.3
28,Male,Murder,Secondary,193,5,0,1,56.0
31,Male,Theft,Illiterate,3,16,3,1,68.2
33,Male,Vandalism,Illiterate,12,7,1,1,51.2
33,Male,Theft,Secondary,3,6,0,0,29.8
56,Male,Theft,Preparatory,34,10,1,0,34.5
63,Male,Vandalism,Primary,28,12,2,1,41.0
43,Male,Theft,Bachelor's,19,9,1,0,24.5
37,Male,Drug Offense,Primary,87,11,3,2,66.7
36,Male,Sexual Offense,Bachelor's,115,11,4,1,65.5
45,Female,Theft,Secondary,32,10,3,1,44.3
62,Male,Assault,Preparatory,26,13,3,4,80.5
39,Male,Drug Offense,Bachelor's,16,10,2,0,36.4
28,Male,Theft,Bachelor's,36,12,4,3,64.8
59,Male,Vandalism,Primary,24,14,0,4,56.6
55,Male,Theft,Preparatory,23,13,3,2,45.0
42,Male,Vandalism,Bachelor's,16,12,1,3,46.0
30,Male,Assault,Primary,48,8,0,2,55.2
56,Female,Assault,Literate,93,11,1,2,67.0
36,Male,Fraud,Secondary,50,7,2,1,41.7
37,Male,Kidnapping,Bachelor's,291,11,0,3,71.5
61,Male,Weapons Offense,Preparatory,28,10,4,3,73.8
57,Female,Theft,Primary,24,11,4,3,65.0
32,Male,Assault,Primary,74,13,5,2,91.9
31,Male,Sexual Offense,Secondary,142,7,0,0,45.8
63,Male,Theft,Primary,40,7,2,0,41.1
28,Male,Assault,Secondary,44,6,1,1,51.9
30,Male,Sexual Offense,Secondary,177,7,2,1,61.1
22,Male,Cybercrime,Literate,54,4,0,0,40.5
45,Male,Kidnapping,Bachelor's,275,8,0,1,54.7
44,Male,Theft,Bachelor's,30,12,0,3,46.2
38,Male,Drug Offense,Preparatory,32,9,2,2,58.1
63,Male,Kidnapping,Bachelor's,212,6,0,1,45.6
53,Male,Murder,Secondary,348,9,1,0,60.5
34,Male,Weapons Offense,Secondary,62,13,2,1,65.0
64,Male,Robbery,Secondary,109,11,4,3,63.8
53,Male,Assault,Bachelor's,119,8,2,2,51.4
34,Male,Weapons Offense,Preparatory,26,11,0,0,53.6
51,Male,Burglary,Secondary,37,9,2,0,27.3
20,Male,Sexual Offense,Secondary,153,14,0,0,68.4
29,Male,Sexual Offense,Primary,115,10,0,3,74.7
40,Male,Burglary,Preparatory,41,8,0,0,24.2
56,Male,Theft,Illiterate,21,10,2,3,61.4
63,Male,Assault,Preparatory,26,10,1,1,47.2
22,Male,Assault,Secondary,52,12,0,2,62.4
33,Female,Robbery,Primary,58,8,1,2,57.3
56,Male,Drug Offense,Secondary,44,14,1,1,53.7
40,Male,Theft,Primary,34,12,3,2,64.1
53,Male,Robbery,Preparatory,126,7,0,0,37.5
37,Male,Fraud,Preparatory,51,12,2,0,52.1
32,Male,Theft,Bachelor's,41,8,2,0,26.5
40,Male,Theft,Secondary,6,12,3,3,56.9
46,Male,Assault,Bachelor's,66,11,1,3,59.0
18,Male,Robbery,Postgraduate education,76,13,0,3,67.4
48,Male,Vandalism,Secondary,27,12,3,1,44.7
63,Male,Burglary,Bachelor's,25,14,4,2,47.6
31,Female,Theft,Primary,19,9,3,0,43.2
48,Male,Public Order,Secondary,3,14,3,3,58.8
45,Male,Theft,Primary,29,5,1,0,23.2
63,Male,Robbery,Bachelor's,137,11,3,0,45.4
62,Male,Sexual Offense,Secondary,202,8,3,1,64.3
37,Male,Theft,Preparatory,47,7,2,1,41.1
46,Male,Kidnapping,Preparatory,135,14,5,0,76.3
42,Male,Cybercrime,Preparatory,11,7,2,0,33.0
49,Male,Arson,Secondary,75,5,0,0,43.1
19,Female,Theft,Bachelor's,40,8,1,1,41.9
27,Male,Drug Offense,Secondary,54,14,3,2,63.2
56,Male,Assault,Literate,90,13,5,4,88.0
33,Male,Public Order,Preparatory,16,11,1,2,51.9
42,Male,Theft,Primary,33,5,1,1,40.9
25,Male,Theft,Primary,20,7,2,0,43.9
60,Female,Arson,Preparatory,56,9,0,0,37.9
44,Male,Vandalism,Secondary,30,9,0,1,36.0
39,Male,Burglary,Secondary,42,17,1,5,79.2
41,Male,Assault,Secondary,67,11,2,1,53.4
61,Male,Theft,Secondary,40,14,1,0,35.3
58,Female,Arson,Postgraduate education,67,16,6,2,66.5
56,Male,Drug Offense,Primary,63,14,1,4,73.1
60,Male,Weapons Offense,Primary,30,10,2,3,69.2
55,Male,Theft,Primary,19,7,2,0,35.2
49,Male,Fraud,Bachelor's,37,10,2,2,43.2
57,Male,Arson,Bachelor's,37,11,1,0,37.3
22,Female,Sexual Offense,Preparatory,138,9,1,0,60.6
46,Male,Vandalism,Preparatory,24,14,6,3,69.0
64,Male,Cybercrime,Preparatory,60,17,7,0,58.8
40,Male,Assault,Primary,107,13,3,1,62.6
35,Male,Theft,Secondary,47,13,0,4,54.9
60,Male,Sexual Offense,Secondary,175,10,0,2,55.5
35,Female,Burglary,Primary,21,16,1,2,63.5
57,Female,Arson,Bachelor's,104,11,0,3,52.0
18,Male,Assault,Preparatory,113,10,4,3,80.5
64,Female,Drug Offense,Bachelor's,93,13,0,4,59.1
57,Male,Sexual Offense,Preparatory,161,7,0,1,54.7
60,Male,Burglary,Preparatory,41,12,2,1,53.2
24,Male,Assault,Preparatory,85,14,6,0,83.6
52,Male,Cybercrime,Literate,31,13,1,1,42.6
28,Male,Assault,Preparatory,84,12,1,1,63.1
23,Male,Assault,Preparatory,32,15,4,4,91.9
36,Male,Drug Offense,Primary,21,9,1,1,52.0
54,Male,Theft,Preparatory,48,5,0,0,22.0
25,Male,Robbery,Secondary,86,13,1,1,57.7
57,Male,Assault,Secondary,117,14,0,2,59.1
45,Male,Weapons Offense,Literate,33,15,3,5,97.7
50,Male,Robbery,Secondary,116,10,0,1,44.6
58,Male,Burglary,Preparatory,68,12,1,0,37.9
53,Male,Theft,Secondary,9,4,1,0,20.3
43,Male,Theft,Primary,45,7,2,0,28.3
54,Male,Drug Offense,Primary,80,12,1,3,59.0
41,Male,Burglary,Primary,21,11,4,3,71.4
56,Male,Public Order,Illiterate,20,7,2,0,37.1
30,Male,Theft,Secondary,18,6,0,1,30.8
34,Male,Theft,Primary,9,6,2,1,44.8
22,Male,Robbery,Postgraduate education,59,7,2,1,49.4
22,Male,Vandalism,Primary,31,8,2,2,47.8
23,Male,Public Order,Preparatory,1,8,0,2,48.3
45,Male,Drug Offense,Postgraduate education,89,12,0,0,35.4
30,Male,Theft,Illiterate,28,9,0,0,43.2
37,Male,Murder,Primary,331,14,5,3,100.0
28,Male,Public Order,Bachelor's,12,10,0,0,28.5
33,Male,Weapons Offense,Secondary,46,12,5,1,70.8
64,Male,Theft,Primary,22,8,0,0,25.3
62,Male,Robbery,Bachelor's,44,7,0,0,27.2
36,Male,Drug Offense,Primary,85,7,2,0,48.3
46,Male,Burglary,Secondary,42,12,3,0,49.1
18,Male,Assault,Secondary,71,3,0,0,38.0
53,Male,Theft,Bachelor's,16,8,0,2,29.9
39,Male,Fraud,Bachelor's,36,5,0,1,29.8
43,Female,Drug Offense,Preparatory,41,7,2,0,32.2
45,Male,Burglary,Secondary,65,8,3,1,43.7
37,Female,Robbery,Primary,110,13,2,4,79.3
50,Female,Theft,Preparatory,15,11,3,0,40.1
26,Male,Vandalism,Secondary,11,13,2,3,59.3
58,Male,Vandalism,Secondary,20,8,1,2,34.5
26,Male,Murder,Literate,251,9,1,0,69.2
22,Male,Vandalism,Primary,19,7,1,0,40.3
31,Male,Vandalism,Primary,30,8,2,0,34.9
56,Male,Murder,Literate,474,13,5,3,100.0
55,Male,Assault,Literate,39,9,3,2,69.6
24,Male,Theft,Preparatory,40,4,0,0,33.2
57,Male,Murder,Bachelor's,200,6,0,0,43.4
24,Male,Theft,Secondary,46,6,0,1,37.4
41,Male,Weapons Offense,Preparatory,78,12,1,2,65.8
23,Male,Public Order,Illiterate,21,10,2,3,62.1
42,Male,Public Order,Illiterate,24,9,2,0,41.7
19,Male,Public Order,Secondary,23,5,0,0,28.3
35,Female,Assault,Illiterate,113,9,0,2,65.1
30,Male,Cybercrime,Primary,21,13,0,0,55.5
44,Male,Fraud,Primary,35,11,1,2,53.4
24,Male,Theft,Bachelor's,25,9,3,0,41.7
35,Male,Drug Offense,Secondary,94,6,1,1,42.6
57,Male,Theft,Secondary,41,11,0,0,28.8
65,Female,Drug Offense,Bachelor's,91,9,1,2,49.7
60,Male,Cybercrime,Primary,24,11,2,1,45.3
22,Male,Fraud,Bachelor's,84,7,2,0,43.5
26,Male,Vandalism,Preparatory,22,8,3,1,51.7
52,Male,Vandalism,Illiterate,4,11,3,3,63.6
22,Male,Assault,Literate,34,9,3,0,63.9
39,Female,Vandalism,Primary,29,13,4,0,51.3
19,Male,Robbery,Secondary,82,6,0,1,46.6
58,Male,Burglary,Primary,50,9,1,2,50.0
49,Male,Theft,Bachelor's,29,3,0,0,7.2
20,Female,Fraud,Primary,15,15,2,4,91.0
40,Male,Vandalism,Primary,30,8,2,1,38.4
65,Male,Robbery,Postgraduate education,107,9,2,2,49.8
52,Male,Murder,Postgraduate education,456,14,3,0,66.1
19,Male,Robbery,Secondary,41,15,2,3,74.1
34,Male,Murder,Secondary,345,10,2,2,85.2
40,Female,Theft,Preparatory,16,9,3,2,56.5
28,Male,Theft,Primary,43,6,2,1,43.5
46,Male,Drug Offense,Secondary,24,9,1,2,45.2
23,Female,Murder,Preparatory,470,11,1,2,86.0
24,Male,Burglary,Secondary,49,10,4,2,60.1
22,Male,Vandalism,Preparatory,31,9,2,2,55.6
61,Male,Cybercrime,Postgraduate education,15,10,0,1,21.3
22,Female,Weapons Offense,Primary,88,10,4,3,81.0
42,Male,Sexual Offense,Primary,144,11,2,2,69.0
56,Male,Murder,Illiterate,443,9,3,2,88.2
61,Male,Murder,Literate,456,10,0,3,86.3
58,Male,Assault,Primary,115,6,1,0,35.6
52,Male,Assault,Primary,84,11,4,0,52.8
31,Male,Theft,Preparatory,38,14,4,3,78.9
53,Male,Drug Offense,Primary,57,6,2,1,45.2
31,Male,Assault,Preparatory,94,9,1,0,51.7
22,Male,Burglary,Illiterate,49,9,1,1,51.9
40,Male,Theft,Primary,23,8,2,0,35.9
21,Male,Murder,Primary,377,10,4,3,100.0
22,Male,Theft,Illiterate,20,20,2,1,72.6
50,Male,Robbery,Secondary,128,13,4,3,76.2
65,Male,Burglary,Primary,71,14,3,3,71.5
24,Male,Sexual Offense,Primary,179,10,3,2,85.4
28,Male,Cybercrime,Secondary,30,4,0,0,28.6
27,Male,Fraud,Illiterate,46,14,6,4,91.3
24,Female,Drug Offense,Secondary,84,5,0,1,39.8
52,Male,Theft,Bachelor's,42,8,3,0,31.3
30,Male,Theft,Literate,19,11,1,2,55.0
24,Male,Assault,Literate,63,10,3,3,89.1
50,Female,Theft,Secondary,5,7,0,0,20.7
56,Male,Fraud,Secondary,64,8,0,1,24.0
22,Male,Fraud,Secondary,84,6,1,1,49.8
37,Male,Weapons Offense,Bachelor's,31,9,0,1,35.3
18,Male,Burglary,Primary,56,6,0,0,39.3
19,Male,Assault,Bachelor's,67,12,1,1,57.9
41,Male,Fraud,Preparatory,43,5,0,0,34.7
29,Male,Sexual Offense,Secondary,145,11,3,1,77.0
42,Male,Theft,Primary,21,9,1,0,32.6
43,Female,Burglary,Preparatory,59,13,0,3,66.2
49,Male,Drug Offense,Illiterate,37,7,0,0,50.1
50,Male,Vandalism,Secondary,3,8,1,0,24.5
39,Male,Fraud,Secondary,46,15,6,2,70.9
28,Male,Theft,Secondary,28,13,4,3,68.8
27,Male,Assault,Literate,27,9,0,1,59.4
62,Male,Burglary,Primary,71,12,4,0,53.0
25,Female,Vandalism,Preparatory,8,11,3,0,52.0
40,Male,Weapons Offense,Secondary,34,14,1,1,61.4
41,Male,Theft,Primary,25,13,0,0,43.8
63,Female,Fraud,Secondary,44,8,0,0,29.1
33,Male,Theft,Illiterate,15,13,0,2,65.4
26,Male,Theft,Secondary,33,15,0,2,44.3
59,Male,Murder,Illiterate,262,12,3,0,78.9
19,Female,Drug Offense,Secondary,70,11,4,0,56.7
29,Male,Arson,Secondary,67,13,3,3,79.6
64,Male,Theft,Secondary,34,15,3,4,63.6
51,Male,Public Order,Primary,10,16,5,1,58.1
41,Female,Cybercrime,Literate,29,5,0,1,35.6
32,Male,Theft,Literate,7,4,1,0,28.2
32,Male,Theft,Primary,21,10,4,0,49.8
45,Male,Robbery,Illiterate,67,13,3,1,69.5
47,Male,Assault,Bachelor's,27,13,3,4,71.4
41,Male,Weapons Offense,Literate,41,8,2,0,45.9
48,Female,Theft,Secondary,30,5,0,0,19.7
21,Male,Murder,Preparatory,422,11,0,3,96.4
57,Male,Public Order,Bachelor's,23,7,2,1,28.1
29,Male,Drug Offense,Preparatory,51,8,1,2,55.2
22,Male,Fraud,Bachelor's,67,7,2,1,55.8
36,Male,Fraud,Literate,69,13,5,1,62.9
63,Male,Burglary,Preparatory,13,8,2,1,35.1
20,Male,Weapons Offense,Secondary,60,7,1,0,46.3
49,Male,Drug Offense,Secondary,93,11,3,0,46.4
29,Male,Theft,Literate,33,5,0,0,35.7
18,Male,Theft,Bachelor's,26,16,1,2,60.6
54,Male,Burglary,Secondary,20,12,1,3,53.0
31,Male,Theft,Primary,16,11,3,3,67.2
25,Male,Public Order,Illiterate,13,12,2,0,49.0
65,Male,Cybercrime,Preparatory,49,10,3,1,40.9
37,Female,Fraud,Preparatory,74,13,3,0,53.0
25,Male,Public Order,Secondary,19,9,3,0,31.9
39,Female,Vandalism,Literate,34,9,3,2,61.1
52,Female,Theft,Secondary,15,9,0,2,39.7
49,Male,Drug Offense,Bachelor's,78,10,1,3,49.0
43,Male,Fraud,Literate,63,13,5,1,71.2
29,Male,Robbery,Secondary,104,15,6,5,98.9
64,Female,Sexual Offense,Secondary,148,13,5,3,84.6
46,Male,Robbery,Secondary,99,9,1,0,48.0
40,Male,Assault,Illiterate,106,6,2,0,59.6
62,Male,Theft,Bachelor's,34,8,0,2,35.1
51,Male,Robbery,Illiterate,55,7,2,0,50.4
64,Male,Robbery,Preparatory,68,12,0,3,54.2
28,Male,Weapons Offense,Preparatory,50,11,4,1,68.2
43,Male,Public Order,Primary,18,16,0,3,60.2
43,Male,Kidnapping,Literate,257,8,1,2,67.7
51,Male,Theft,Literate,34,11,3,1,53.4
63,Male,Burglary,Bachelor's,41,10,1,1,41.8
36,Male,Assault,Preparatory,61,14,0,3,76.4
41,Male,Assault,Primary,55,13,3,0,60.4
59,Male,Theft,Preparatory,36,3,0,0,19.9
24,Male,Assault,Bachelor's,39,9,2,0,49.8
31,Male,Robbery,Secondary,117,10,2,2,69.6
40,Male,Assault,Preparatory,27,9,1,1,46.9
64,Male,Vandalism,Illiterate,31,11,4,1,49.0
59,Male,Robbery,Secondary,79,13,0,3,58.6
31,Male,Theft,Preparatory,9,12,5,0,53.2
34,Male,Assault,Postgraduate education,99,6,0,0,33.5
29,Male,Burglary,Secondary,34,10,4,2,59.8
42,Male,Theft,Illiterate,26,13,4,1,58.9
39,Male,Weapons Offense,Literate,37,10,1,2,61.8
49,Male,Drug Offense,Primary,53,13,2,2,66.7
27,Female,Fraud,Bachelor's,46,7,1,0,29.8
31,Male,Theft,Secondary,12,7,2,0,34.1
19,Male,Theft,Illiterate,29,9,3,2,66.5
36,Female,Fraud,Preparatory,60,12,1,2,48.4
39,Male,Theft,Bachelor's,46,6,0,1,25.5
24,Male,Assault,Preparatory,103,8,2,0,54.7
44,Male,Burglary,Literate,14,7,0,1,42.5
21,Male,Public Order,Postgraduate education,24,5,1,0,21.8
54,Male,Sexual Offense,Postgraduate education,145,15,3,1,60.3
29,Male,Kidnapping,Preparatory,208,14,3,0,68.9
20,Male,Murder,Bachelor's,238,11,0,0,60.1
61,Male,Public Order,Bachelor's,17,12,5,3,55.9
34,Male,Fraud,Primary,44,8,1,0,43.5
55,Female,Theft,Bachelor's,4,4,1,0,12.3
20,Male,Drug Offense,Illiterate,84,14,2,4,100.0
42,Male,Kidnapping,Primary,225,9,1,1,63.8
27,Male,Burglary,Bachelor's,19,5,1,1,30.4
62,Female,Assault,Literate,72,14,5,4,87.6
48,Male,Burglary,Secondary,13,9,3,0,47.7
39,Male,Fraud,Illiterate,46,7,2,1,56.9
61,Male,Robbery,Literate,40,9,2,0,45.2
49,Male,Weapons Offense,Primary,29,13,1,0,51.5
47,Male,Burglary,Secondary,28,13,2,1,58.0
57,Female,Drug Offense,Primary,76,8,0,2,43.5
54,Male,Fraud,Bachelor's,33,14,1,0,35.2
52,Male,Theft,Preparatory,28,13,5,0,46.1
62,Male,Drug Offense,Preparatory,39,7,0,1,44.8
50,Male,Assault,Literate,32,6,0,0,27.0
31,Male,Fraud,Secondary,31,8,2,1,43.1
31,Male,Fraud,Postgraduate education,30,8,3,1,47.0
31,Male,Robbery,Primary,137,16,4,5,100.0
51,Male,Fraud,Primary,35,13,5,1,57.5
34,Male,Drug Offense,Preparatory,44,7,1,1,51.0
44,Male,Vandalism,Bachelor's,13,12,2,2,43.6
44,Male,Sexual Offense,Preparatory,175,12,5,3,91.7
26,Male,Burglary,Secondary,48,12,0,0,42.7
48,Male,Theft,Bachelor's,45,12,2,2,52.8
42,Male,Fraud,Bachelor's,16,13,1,0,34.4
37,Male,Fraud,Illiterate,66,13,1,2,59.8
60,Male,Drug Offense,Preparatory,49,15,3,0,56.2
23,Male,Theft,Secondary,15,9,2,0,39.3
49,Male,Theft,Secondary,29,10,1,0,40.2
47,Female,Theft,Illiterate,23,2,0,0,22.4
44,Male,Vandalism,Primary,31,9,0,1,42.2
29,Female,Robbery,Secondary,134,8,1,1,58.0
38,Female,Vandalism,Illiterate,25,7,1,0,37.7
23,Male,Drug Offense,Bachelor's,52,7,1,1,43.8
43,Male,Burglary,Primary,37,9,1,0,34.7
49,Male,Arson,Illiterate,98,12,2,3,82.9
50,Male,Burglary,Secondary,22,11,1,0,35.4
61,Male,Vandalism,Secondary,28,7,0,0,18.7
56,Male,Theft,Literate,41,9,1,0,29.6
27,Female,Burglary,Primary,47,6,0,0,35.8
46,Male,Cybercrime,Postgraduate education,30,15,3,3,66.8
23,Male,Fraud,Preparatory,32,14,6,2,80.3
60,Male,Weapons Offense,Preparatory,90,12,4,1,59.4
51,Female,Cybercrime,Preparatory,6,6,0,0,19.3
49,Male,Burglary,Postgraduate education,30,11,1,2,38.4
21,Male,Kidnapping,Secondary,240,7,1,0,56.7
50,Male,Vandalism,Literate,14,11,3,2,52.3
42,Male,Fraud,Secondary,15,11,1,3,50.8
52,Female,Assault,Preparatory,66,7,2,0,47.0
33,Male,Theft,Secondary,34,5,1,0,20.2
41,Male,Burglary,Preparatory,64,7,1,1,33.2
19,Male,Cybercrime,Secondary,41,12,4,2,67.6
20,Male,Burglary,Secondary,28,11,1,3,64.2
27,Male,Burglary,Preparatory,40,15,1,5,84.2
29,Male,Murder,Secondary,253,12,2,2,81.7
61,Male,Sexual Offense,Preparatory,167,7,2,0,50.1
54,Male,Theft,Bachelor's,11,12,1,1,39.3
57,Male,Sexual Offense,Primary,197,7,2,0,54.3
64,Male,Public Order,Primary,10,13,5,1,63.1
19,Male,Burglary,Bachelor's,17,14,3,0,57.3
57,Male,Drug Offense,Literate,65,5,1,1,42.8
22,Male,Theft,Secondary,4,7,0,0,28.6
56,Male,Sexual Offense,Primary,149,6,1,0,50.1
32,Male,Burglary,Literate,29,9,1,0,41.8
37,Male,Theft,Preparatory,41,7,0,1,35.4
34,Male,Assault,Secondary,112,9,1,2,71.6
63,Male,Assault,Primary,42,13,5,4,95.6
24,Male,Public Order,Primary,11,11,4,1,57.5
21,Male,Fraud,Bachelor's,36,7,0,1,34.4
29,Male,Weapons Offense,Primary,36,7,1,1,52.1
23,Male,Fraud,Secondary,20,11,2,2,52.5
45,Male,Fraud,Secondary,49,13,2,3,59.3
55,Male,Cybercrime,Primary,43,13,5,1,54.9
45,Male,Sexual Offense,Bachelor's,183,15,6,1,84.8
47,Male,Theft,Secondary,28,5,0,1,33.8
65,Male,Public Order,Illiterate,22,11,2,3,62.9
23,Male,Burglary,Bachelor's,54,15,6,3,75.4
18,Male,Burglary,Secondary,49,7,0,0,30.8
63,Male,Robbery,Preparatory,82,11,0,1,48.6
21,Male,Weapons Offense,Preparatory,89,16,1,0,52.2
39,Female,Vandalism,Postgraduate education,32,9,3,0,24.5
65,Female,Drug Offense,Preparatory,91,10,3,0,55.8
57,Female,Murder,Bachelor's,374,7,0,1,51.2
44,Male,Fraud,Secondary,29,18,2,0,53.4
30,Male,Public Order,Secondary,19,6,1,1,25.2
40,Male,Vandalism,Primary,3,10,1,3,50.6
65,Male,Cybercrime,Primary,15,6,0,1,33.3
36,Male,Vandalism,Literate,15,6,0,0,32.4
25,Male,Assault,Primary,58,9,2,0,56.6
27,Male,Theft,Primary,22,13,0,4,64.6
26,Female,Theft,Secondary,40,10,1,1,39.8
48,Male,Assault,Secondary,111,14,1,3,81.3
54,Male,Burglary,Preparatory,18,8,2,0,30.6
47,Male,Theft,Literate,26,9,0,1,34.9
52,Male,Murder,Illiterate,285,11,1,3,90.2
33,Male,Theft,Primary,16,10,2,1,52.7
65,Female,Theft,Primary,44,12,2,3,66.4
45,Male,Public Order,Secondary,8,5,1,0,24.2
22,Male,Public Order,Secondary,21,7,0,0,31.3
22,Female,Fraud,Bachelor's,37,8,3,0,35.8
40,Male,Drug Offense,Secondary,45,8,2,2,48.9
31,Male,Drug Offense,Preparatory,33,12,5,3,72.7
38,Male,Assault,Preparatory,97,13,0,2,65.1
27,Male,Theft,Preparatory,37,8,1,2,57.1
26,Male,Drug Offense,Bachelor's,44,9,3,0,51.2
39,Male,Drug Offense,Literate,77,9,3,2,67.4
37,Male,Theft,Secondary,39,10,3,1,50.1
61,Female,Arson,Secondary,101,15,1,5,81.0
23,Male,Burglary,Bachelor's,50,11,1,3,65.5
56,Male,Weapons Offense,Primary,77,13,1,3,72.8
39,Male,Burglary,Preparatory,39,11,4,0,54.4
25,Male,Fraud,Secondary,61,13,2,3,70.2
23,Male,Assault,Illiterate,58,7,1,1,61.7
33,Male,Drug Offense,Preparatory,42,12,1,0,44.8
42,Male,Theft,Secondary,33,8,2,0,33.0
18,Male,Arson,Bachelor's,66,10,2,0,54.7
22,Male,Assault,Preparatory,100,8,3,2,64.9
37,Male,Drug Offense,Preparatory,69,8,1,0,35.9
26,Female,Assault,Postgraduate education,30,10,2,2,44.1
35,Male,Assault,Secondary,32,10,3,3,67.5
57,Male,Theft,Preparatory,31,16,7,0,53.0
53,Female,Drug Offense,Primary,83,10,0,1,50.6
42,Male,Assault,Primary,38,11,4,3,78.9
56,Male,Drug Offense,Primary,27,7,0,0,31.9
46,Female,Robbery,Illiterate,86,9,3,0,53.5
24,Male,Robbery,Primary,144,6,1,1,51.0
64,Female,Robbery,Primary,95,9,3,2,69.4
26,Male,Assault,Primary,80,15,2,2,78.3
44,Male,Drug Offense,Secondary,23,11,1,1,50.8
34,Male,Weapons Offense,Secondary,69,8,3,2,59.2
43,Male,Drug Offense,Illiterate,77,10,3,3,72.9
39,Male,Burglary,Secondary,23,12,4,3,68.9
30,Male,Burglary,Secondary,39,9,1,2,57.5
49,Male,Cybercrime,Bachelor's,18,8,3,0,32.4
40,Male,Drug Offense,Preparatory,86,3,0,0,22.1
24,Female,Assault,Secondary,76,10,2,0,56.3
33,Male,Assault,Preparatory,108,11,0,1,56.5
54,Male,Robbery,Secondary,70,15,4,4,84.6
32,Male,Fraud,Preparatory,34,16,5,5,86.2
50,Male,Theft,Secondary,30,9,1,0,30.3
41,Male,Public Order,Primary,11,7,2,1,43.2
40,Female,Drug Offense,Bachelor's,18,6,0,0,38.0
45,Male,Assault,Primary,108,15,3,3,84.2
26,Male,Assault,Primary,31,6,2,1,51.3
56,Male,Assault,Literate,66,10,2,0,54.7
38,Male,Robbery,Preparatory,62,9,2,0,45.3
62,Male,Drug Offense,Bachelor's,22,9,3,2,48.4
37,Female,Sexual Offense,Primary,114,10,0,2,61.5
40,Male,Sexual Offense,Postgraduate education,104,12,4,0,54.1
55,Male,Vandalism,Literate,12,6,0,1,28.8
53,Female,Fraud,Primary,51,18,6,6,99.6
19,Female,Fraud,Secondary,74,9,0,2,56.9
58,Male,Public Order,Secondary,7,13,0,2,42.1
41,Male,Assault,Preparatory,53,7,0,1,43.9
21,Female,Vandalism,Secondary,31,8,1,2,44.7
54,Male,Assault,Illiterate,106,8,0,0,43.7
18,Male,Fraud,Secondary,24,7,2,0,38.2
57,Male,Theft,Literate,17,10,4,3,69.0
35,Female,Fraud,Preparatory,17,9,1,1,42.4
35,Male,Kidnapping,Preparatory,251,11,0,1,64.3
27,Male,Theft,Secondary,23,18,4,5,90.7
23,Male,Burglary,Illiterate,23,3,0,0,48.1
55,Male,Theft,Secondary,8,10,1,2,35.6
37,Male,Weapons Offense,Bachelor's,81,13,3,1,68.0
29,Male,Theft,Primary,26,15,1,5,76.6
38,Male,Assault,Primary,103,8,2,2,64.4
19,Male,Public Order,Preparatory,16,14,1,1,53.1
62,Male,Robbery,Bachelor's,72,9,3,1,43.1
36,Male,Fraud,Primary,43,13,2,2,62.2
58,Male,Cybercrime,Bachelor's,32,10,3,2,43.7
39,Male,Weapons Offense,Primary,61,9,1,0,47.5
53,Male,Theft,Literate,8,13,1,1,49.3
31,Male,Assault,Illiterate,108,8,2,1,64.4
34,Male,Kidnapping,Secondary,130,11,3,0,65.5
30,Male,Kidnapping,Primary,194,6,0,1,65.5
25,Female,Drug Offense,Secondary,92,17,3,0,71.6
30,Male,Sexual Offense,Secondary,106,15,1,5,96.4
63,Male,Weapons Offense,Literate,43,12,4,2,73.3
24,Male,Assault,Illiterate,73,7,0,1,67.1
60,Male,Assault,Primary,45,18,5,0,74.8
32,Male,Weapons Offense,Preparatory,90,9,3,0,51.5
25,Male,Drug Offense,Bachelor's,81,14,3,3,73.6
21,Male,Cybercrime,Bachelor's,41,15,4,0,52.5
33,Female,Public Order,Secondary,1,7,0,0,30.8
61,Male,Vandalism,Secondary,31,8,1,1,33.6
56,Female,Burglary,Primary,31,11,1,1,41.7
35,Male,Weapons Offense,Secondary,48,12,2,3,67.7
40,Male,Vandalism,Secondary,36,8,2,1,43.0
43,Male,Public Order,Secondary,6,10,0,0,27.3
37,Male,Drug Offense,Primary,45,14,4,1,73.1
57,Male,Burglary,Preparatory,34,10,2,3,61.5
57,Male,Robbery,Secondary,112,7,0,0,40.4
59,Male,Burglary,Secondary,61,16,5,1,55.8
48,Male,Cybercrime,Secondary,45,11,1,1,45.0
39,Male,Public Order,Secondary,3,9,1,1,28.8
19,Male,Sexual Offense,Primary,150,16,5,3,100.0
51,Male,Fraud,Postgraduate education,39,13,3,4,55.7
36,Male,Theft,Literate,22,17,7,1,77.8
54,Male,Assault,Secondary,45,9,3,1,55.8
33,Female,Fraud,Primary,54,9,2,1,54.4
65,Male,Theft,Secondary,10,8,1,2,38.2
58,Male,Weapons Offense,Bachelor's,70,14,0,3,60.0
61,Male,Arson,Secondary,75,8,1,1,38.6
49,Male,Theft,Primary,26,11,1,1,53.5
24,Male,Vandalism,Secondary,32,9,3,0,47.1
18,Female,Drug Offense,Literate,95,10,4,0,64.4
46,Male,Drug Offense,Illiterate,56,9,1,2,59.8
34,Male,Drug Offense,Bachelor's,79,14,4,3,75.5
33,Male,Theft,Postgraduate education,14,12,4,1,48.1
18,Male,Theft,Illiterate,43,15,3,1,76.6
49,Male,Arson,Illiterate,55,8,0,2,67.7
56,Male,Drug Offense,Secondary,69,18,3,1,53.3
38,Female,Cybercrime,Literate,33,10,2,1,50.9
31,Male,Drug Offense,Preparatory,89,11,3,2,68.0
45,Male,Weapons Offense,Secondary,50,13,3,3,70.9
62,Male,Burglary,Primary,41,13,5,4,73.9
42,Male,Vandalism,Secondary,14,12,4,1,48.1
25,Female,Assault,Preparatory,36,9,3,0,58.8
31,Male,Fraud,Bachelor's,56,8,3,1,42.7
53,Male,Drug Offense,Preparatory,62,14,2,1,57.2
40,Male,Theft,Bachelor's,41,11,2,2,45.1
64,Male,Drug Offense,Secondary,84,9,0,2,44.9
37,Female,Theft,Primary,26,12,5,0,47.8
31,Male,Assault,Primary,81,15,1,0,62.0
53,Female,Public Order,Literate,14,12,0,3,52.2
36,Male,Fraud,Preparatory,51,12,1,0,42.6
49,Male,Murder,Bachelor's,345,8,0,2,63.0
61,Male,Sexual Offense,Primary,239,8,3,0,62.7
44,Male,Weapons Offense,Illiterate,83,7,1,1,61.4
56,Male,Murder,Bachelor's,352,10,2,1,65.5
22,Male,Murder,Illiterate,250,5,0,0,67.3
39,Male,Assault,Primary,45,11,2,2,65.4
45,Male,Public Order,Preparatory,12,9,1,2,47.2
20,Male,Murder,Secondary,333,10,2,1,77.1
62,Male,Vandalism,Secondary,27,14,0,2,39.6
32,Male,Vandalism,Bachelor's,35,10,3,0,42.4
41,Male,Robbery,Preparatory,133,10,4,3,74.4
47,Male,Vandalism,Secondary,13,11,1,1,47.4
19,Male,Theft,Primary,10,9,3,0,51.3
29,Male,Vandalism,Secondary,14,12,3,0,49.0
55,Male,Sexual Offense,Primary,193,14,2,3,89.5
26,Female,Fraud,Primary,24,2,0,0,31.4
36,Male,Robbery,Bachelor's,116,13,3,3,75.8
23,Male,Theft,Secondary,24,10,3,3,66.9
35,Male,Vandalism,Secondary,23,16,3,4,67.6
32,Female,Public Order,Primary,17,8,2,0,43.3
60,Male,Drug Offense,Bachelor's,90,16,3,5,69.7
22,Male,Fraud,Bachelor's,55,13,0,2,49.6
27,Male,Sexual Offense,Secondary,178,6,0,0,57.6
23,Male,Theft,Secondary,7,9,0,0,35.8
53,Male,Drug Offense,Secondary,70,10,4,3,62.1
33,Male,Theft,Primary,41,9,3,0,49.0
45,Male,Assault,Illiterate,93,9,0,1,55.1
57,Male,Weapons Offense,Illiterate,24,2,0,0,26.0
36,Male,Arson,Secondary,85,10,0,1,43.3
58,Male,Drug Offense,Preparatory,95,4,0,0,28.7
35,Male,Vandalism,Preparatory,34,14,2,2,53.0
41,Male,Burglary,Bachelor's,30,8,2,1,42.3
40,Male,Robbery,Illiterate,127,10,4,1,73.5
37,Male,Drug Offense,Bachelor's,23,7,0,1,36.7
50,Male,Drug Offense,Bachelor's,53,5,1,0,24.9
35,Male,Vandalism,Secondary,14,7,0,0,20.4
38,Male,Sexual Offense,Primary,181,4,0,0,37.3
25,Male,Murder,Preparatory,409,12,0,2,86.6
47,Female,Public Order,Bachelor's,19,13,2,3,45.7
42,Male,Theft,Bachelor's,28,10,4,1,39.1
23,Female,Assault,Primary,51,12,5,3,87.6
41,Male,Burglary,Secondary,62,13,2,3,62.1
53,Male,Vandalism,Primary,26,7,1,1,38.9
55,Male,Assault,Literate,83,10,2,1,66.4
65,Male,Fraud,Secondary,28,15,6,4,75.2
26,Male,Vandalism,Literate,26,12,5,1,61.8
42,Male,Drug Offense,Primary,15,15,5,5,97.8
45,Female,Vandalism,Secondary,34,8,0,2,38.0
45,Male,Theft,Secondary,25,8,0,1,28.1
22,Male,Theft,Secondary,19,8,0,0,27.0
41,Female,Sexual Offense,Preparatory,124,15,3,4,98.6
39,Female,Assault,Secondary,100,11,2,0,46.8
34,Female,Murder,Bachelor's,396,9,0,2,75.6
30,Male,Fraud,Bachelor's,46,9,3,0,32.2
55,Male,Burglary,Secondary,42,10,0,0,34.5
63,Male,Cybercrime,Literate,39,7,0,0,32.0
23,Male,Drug Offense,Bachelor's,23,8,1,2,57.2
25,Male,Burglary,Preparatory,32,12,0,3,61.5
60,Female,Burglary,Illiterate,27,13,5,0,65.3
28,Male,Drug Offense,Preparatory,71,6,1,1,53.0
24,Male,Assault,Secondary,77,7,2,0,54.2
33,Male,Assault,Secondary,102,9,3,1,60.6
59,Male,Assault,Illiterate,110,12,2,2,71.2
29,Male,Theft,Preparatory,12,10,3,0,45.7
29,Female,Robbery,Preparatory,120,13,5,2,75.8
63,Male,Robbery,Secondary,101,14,0,2,55.4
53,Male,Cybercrime,Secondary,36,15,3,4,71.3
25,Male,Theft,Primary,12,8,3,2,58.7
60,Female,Public Order,Secondary,1,10,4,0,35.2
63,Male,Drug Offense,Preparatory,33,10,1,1,46.7
26,Male,Theft,Illiterate,10,9,0,1,49.5
52,Male,Drug Offense,Bachelor's,40,7,0,0,30.1
58,Male,Burglary,Preparatory,29,12,1,3,59.6
31,Male,Burglary,Bachelor's,15,10,2,0,36.3
39,Male,Assault,Literate,114,10,2,1,65.1
58,Male,Burglary,Primary,34,10,1,1,53.0
51,Male,Fraud,Literate,32,12,4,0,49.4
21,Male,Cybercrime,Bachelor's,45,13,3,2,64.5
62,Male,Fraud,Preparatory,48,13,3,3,63.6
43,Male,Theft,Bachelor's,3,3,0,0,10.2
58,Male,Burglary,Preparatory,72,7,2,1,37.5
24,Male,Robbery,Preparatory,135,7,1,1,57.0
60,Male,Robbery,Secondary,79,8,3,1,51.8
60,Male,Fraud,Bachelor's,28,7,2,0,27.6
25,Male,Burglary,Secondary,14,10,4,0,48.4
58,Male,Theft,Primary,41,10,3,1,45.4
42,Male,Drug Offense,Postgraduate education,86,10,3,3,50.2
38,Male,Theft,Secondary,36,13,1,1,52.6
36,Male,Murder,Secondary,362,9,0,0,67.6
35,Male,Sexual Offense,Primary,208,12,3,1,78.9
27,Male,Assault,Literate,31,15,5,3,90.6
36,Male,Vandalism,Primary,11,9,3,0,47.8
61,Male,Vandalism,Preparatory,19,13,1,2,40.8
55,Male,Robbery,Preparatory,48,12,2,2,65.2
36,Male,Robbery,Secondary,82,10,2,2,59.0
49,Male,Theft,Primary,23,11,1,1,47.8
28,Male,Sexual Offense,Preparatory,226,9,1,1,70.4
52,Male,Fraud,Preparatory,14,8,1,1,39.5
53,Male,Cybercrime,Primary,11,12,5,3,70.7
48,Female,Robbery,Illiterate,112,14,5,0,81.6
24,Male,Assault,Secondary,87,13,3,3,85.5
39,Male,Burglary,Primary,43,10,0,1,40.8
48,Female,Theft,Secondary,31,10,3,0,37.1
65,Male,Fraud,Bachelor's,32,6,0,1,26.2
34,Male,Public Order,Postgraduate education,1,8,1,2,41.5
63,Male,Assault,Primary,120,10,0,1,49.9
24,Male,Assault,Primary,82,16,1,4,90.2
27,Male,Robbery,Illiterate,97,6,0,0,52.4
40,Male,Assault,Bachelor's,30,7,2,1,41.5
45,Male,Burglary,Bachelor's,50,10,0,0,35.1
53,Male,Murder,Preparatory,413,5,0,1,63.3
31,Male,Fraud,Illiterate,12,14,4,3,77.5
51,Male,Assault,Postgraduate education,82,11,1,0,36.7
41,Male,Weapons Offense,Bachelor's,46,15,5,4,89.3
44,Female,Theft,Illiterate,41,18,1,6,93.6
35,Male,Arson,Preparatory,48,10,4,0,56.3
64,Male,Assault,Secondary,96,14,5,3,79.4
63,Male,Assault,Secondary,35,11,0,1,49.5
51,Male,Theft,Bachelor's,42,11,3,2,45.3
35,Male,Theft,Secondary,48,9,2,2,46.9
53,Male,Theft,Secondary,29,13,5,3,60.7
34,Male,Drug Offense,Secondary,95,14,5,3,85.7
38,Male,Vandalism,Primary,21,10,4,2,63.0
54,Male,Sexual Offense,Secondary,209,13,3,4,79.9
26,Male,Robbery,Bachelor's,108,11,4,2,63.1
61,Female,Burglary,Literate,61,11,1,0,47.3
30,Male,Public Order,Bachelor's,2,12,5,1,52.7
19,Male,Theft,Secondary,32,5,0,1,38.1
32,Male,Burglary,Literate,53,9,0,0,41.0
32,Male,Assault,Secondary,87,12,2,2,60.7
28,Male,Assault,Primary,97,10,0,3,72.6
65,Male,Assault,Bachelor's,34,7,0,1,37.0
28,Male,Drug Offense,Preparatory,87,16,6,5,100.0
45,Female,Public Order,Illiterate,10,11,3,3,69.5
25,Male,Assault,Secondary,46,21,6,5,100.0
48,Male,Public Order,Primary,20,11,3,2,51.7
41,Male,Theft,Preparatory,40,7,1,1,39.0
58,Male,Fraud,Secondary,81,8,0,0,26.9
31,Male,Weapons Offense,Secondary,87,10,3,0,50.3
50,Male,Theft,Preparatory,6,14,5,2,68.2
24,Female,Theft,Preparatory,21,8,1,2,49.4
19,Male,Assault,Preparatory,38,10,1,3,78.2
60,Male,Burglary,Preparatory,33,11,3,1,53.9
48,Male,Theft,Illiterate,16,14,6,3,79.5
42,Male,Arson,Primary,75,7,2,1,54.8
33,Male,Weapons Offense,Preparatory,54,6,1,1,60.3
53,Male,Vandalism,Postgraduate education,8,13,3,0,33.9
65,Male,Robbery,Bachelor's,100,11,2,3,56.3
22,Male,Burglary,Illiterate,23,9,3,0,59.2
24,Male,Vandalism,Preparatory,15,9,3,2,57.7
44,Male,Vandalism,Postgraduate education,24,14,3,3,62.8
25,Male,Drug Offense,Preparatory,16,10,0,3,69.1
65,Female,Public Order,Secondary,2,8,1,2,35.9
27,Male,Burglary,Illiterate,14,8,0,0,46.0
42,Male,Drug Offense,Secondary,34,11,4,3,73.2
61,Male,Cybercrime,Literate,16,11,0,1,40.6
38,Male,Cybercrime,Preparatory,58,8,0,1,34.1
63,Male,Assault,Primary,33,7,0,1,46.1
45,Male,Robbery,Primary,112,11,1,3,73.3
21,Male,Robbery,Primary,131,7,0,1,62.2
36,Male,Weapons Offense,Preparatory,56,13,3,0,54.2
45,Male,Cybercrime,Secondary,14,5,1,0,20.5
28,Male,Sexual Offense,Preparatory,222,16,7,0,93.4
37,Male,Murder,Primary,362,11,1,3,85.2
39,Female,Arson,Primary,57,9,3,1,53.8
62,Male,Drug Offense,Preparatory,30,9,2,1,45.4
41,Male,Assault,Illiterate,58,11,4,2,81.6
32,Male,Drug Offense,Bachelor's,95,5,0,0,37.9
43,Male,Drug Offense,Primary,77,14,0,0,49.8
57,Male,Weapons Offense,Illiterate,78,14,3,0,66.5
20,Male,Fraud,Primary,84,14,1,0,49.7
56,Male,Weapons Offense,Illiterate,64,12,5,3,88.5
35,Male,Burglary,Illiterate,13,7,0,0,36.3
61,Male,Burglary,Secondary,51,15,0,1,42.9
21,Male,Fraud,Secondary,79,10,2,3,62.7
50,Male,Assault,Secondary,69,9,3,0,46.4
50,Male,Weapons Offense,Preparatory,65,8,1,2,57.8
34,Male,Assault,Secondary,81,11,2,3,75.5
54,Male,Arson,Preparatory,53,14,1,1,50.5
40,Male,Weapons Offense,Secondary,31,8,1,2,55.0
64,Male,Robbery,Preparatory,57,9,2,0,45.7
48,Male,Assault,Secondary,87,11,4,0,58.7
61,Male,Theft,Secondary,31,6,1,0,18.1
51,Male,Cybercrime,Bachelor's,36,10,0,3,41.1
29,Male,Burglary,Secondary,18,19,8,0,76.1
39,Male,Murder,Preparatory,404,12,0,2,86.1
51,Male,Weapons Offense,Secondary,71,10,0,1,43.2
24,Male,Public Order,Secondary,8,6,2,1,40.7
61,Female,Theft,Primary,33,8,1,2,46.4
22,Male,Drug Offense,Secondary,31,11,4,3,72.4
47,Male,Burglary,Bachelor's,13,12,3,2,48.7
18,Male,Sexual Offense,Secondary,190,13,2,4,96.7
57,Male,Burglary,Illiterate,61,14,3,2,62.3
53,Male,Fraud,Illiterate,38,5,1,1,45.6
29,Male,Sexual Offense,Preparatory,152,8,2,1,73.2
61,Male,Theft,Primary,29,8,1,1,38.6
35,Male,Theft,Bachelor's,13,14,3,0,40.0
63,Male,Public Order,Primary,22,6,2,0,31.4
21,Male,Assault,Preparatory,25,11,1,1,63.3
42,Male,Sexual Offense,Literate,230,9,3,0,71.6
55,Male,Theft,Illiterate,7,9,1,2,43.6
30,Female,Arson,Bachelor's,98,16,3,3,81.5
19,Male,Theft,Primary,32,8,1,0,40.0
55,Male,Assault,Secondary,53,13,2,2,61.0
48,Male,Drug Offense,Postgraduate education,85,10,4,3,61.9
27,Male,Drug Offense,Preparatory,64,6,2,1,55.4
21,Male,Theft,Preparatory,41,10,0,3,62.1
59,Male,Assault,Illiterate,100,11,4,2,74.1
62,Male,Theft,Primary,26,12,3,3,57.3
58,Male,Vandalism,Preparatory,7,11,2,3,58.3
52,Male,Theft,Preparatory,24,12,1,3,52.0
33,Male,Theft,Preparatory,4,3,0,0,22.1
24,Male,Theft,Literate,10,5,1,1,48.4
28,Male,Murder,Primary,201,9,3,0,72.8
38,Male,Kidnapping,Literate,139,11,1,0,61.8
52,Female,Kidnapping,Secondary,188,14,5,0,69.4
64,Male,Theft,Preparatory,32,12,0,1,36.9
45,Male,Weapons Offense,Bachelor's,29,9,3,2,58.0
25,Male,Robbery,Illiterate,138,14,6,0,82.5
45,Male,Burglary,Literate,21,7,2,0,44.9
41,Male,Fraud,Secondary,54,7,2,1,40.5
50,Male,Theft,Preparatory,9,6,2,0,26.1
22,Female,Assault,Bachelor's,43,10,4,3,79.4
38,Male,Robbery,Secondary,85,6,0,0,29.0
38,Male,Public Order,Secondary,24,9,2,1,33.1
28,Female,Theft,Preparatory,12,9,2,2,52.1
38,Male,Robbery,Preparatory,78,13,3,1,66.7
62,Male,Fraud,Bachelor's,54,14,5,3,66.4
18,Female,Burglary,Literate,28,14,5,0,65.4
59,Male,Fraud,Primary,59,11,3,3,58.8
29,Male,Drug Offense,Secondary,48,7,1,1,45.9
50,Male,Weapons Offense,Bachelor's,48,12,0,2,50.0
27,Male,Theft,Illiterate,16,7,0,1,47.4
57,Male,Theft,Primary,36,6,1,1,34.7
44,Male,Vandalism,Secondary,32,6,2,1,28.7
35,Male,Cybercrime,Literate,53,7,2,0,41.8
49,Male,Assault,Primary,31,12,2,0,59.2
20,Female,Cybercrime,Secondary,20,11,4,3,71.4
20,Male,Weapons Offense,Preparatory,81,8,3,0,65.0
45,Male,Fraud,Secondary,67,12,0,1,40.9
59,Male,Drug Offense,Illiterate,93,15,1,0,57.4
20,Male,Sexual Offense,Literate,202,10,3,2,85.6
37,Male,Drug Offense,Bachelor's,53,12,0,1,37.9
58,Male,Robbery,Primary,88,13,5,4,88.3
40,Male,Sexual Offense,Literate,211,7,0,1,60.6
25,Male,Burglary,Preparatory,59,11,4,3,69.5
55,Male,Vandalism,Preparatory,32,9,3,1,43.6
31,Male,Vandalism,Literate,32,12,3,3,71.5
42,Male,Robbery,Secondary,104,9,3,1,54.7
58,Male,Assault,Primary,100,8,2,1,44.9
36,Female,Drug Offense,Primary,47,12,3,3,73.9
59,Male,Cybercrime,Illiterate,7,12,2,3,63.3
27,Male,Vandalism,Primary,29,13,3,4,76.7
38,Male,Cybercrime,Secondary,28,13,3,2,57.5
30,Male,Murder,Postgraduate education,290,10,4,3,90.9
26,Female,Robbery,Bachelor's,128,11,4,1,64.1
33,Male,Fraud,Preparatory,32,9,3,2,56.3
26,Male,Assault,Postgraduate education,77,8,0,2,50.4
41,Male,Drug Offense,Primary,93,8,3,2,55.9
27,Male,Public Order,Postgraduate education,23,10,4,2,44.9
57,Male,Theft,Primary,43,13,2,4,66.4
47,Male,Theft,Secondary,26,12,4,0,37.7
61,Male,Public Order,Illiterate,10,13,0,3,55.1
23,Male,Theft,Secondary,36,12,5,3,67.8
24,Male,Vandalism,Primary,25,15,5,1,73.3
33,Male,Burglary,Illiterate,34,13,0,4,76.4
52,Male,Sexual Offense,Preparatory,105,9,1,1,52.1
54,Male,Fraud,Bachelor's,69,14,0,3,49.5
58,Male,Fraud,Preparatory,29,4,0,0,19.1
25,Female,Fraud,Illiterate,83,15,2,1,68.2
23,Male,Drug Offense,Bachelor's,49,6,2,0,48.3
32,Male,Theft,Preparatory,11,16,6,5,93.3
18,Male,Robbery,Secondary,54,5,1,1,47.5
46,Male,Drug Offense,Secondary,93,9,0,1,46.7
51,Male,Cybercrime,Bachelor's,31,5,0,0,22.8
46,Male,Burglary,Secondary,17,10,4,3,59.0
37,Male,Kidnapping,Preparatory,178,9,1,0,57.8
56,Male,Vandalism,Bachelor's,8,9,2,0,29.7
35,Male,Vandalism,Postgraduate education,30,7,0,1,21.9
64,Female,Theft,Primary,27,11,3,1,48.2
60,Female,Burglary,Preparatory,19,11,3,3,67.4
36,Female,Assault,Primary,117,9,0,0,50.6
50,Female,Theft,Preparatory,48,5,0,1,31.2
64,Male,Murder,Secondary,340,10,4,1,76.4
37,Female,Fraud,Primary,72,12,1,2,56.8
34,Male,Vandalism,Primary,24,11,2,0,41.2
26,Male,Weapons Offense,Preparatory,44,9,1,0,50.5
59,Male,Vandalism,Preparatory,14,12,3,3,63.0
29,Female,Robbery,Primary,73,12,2,2,77.7
19,Male,Weapons Offense,Literate,26,8,1,2,58.7
18,Male,Drug Offense,Secondary,27,8,0,0,37.2
25,Male,Vandalism,Preparatory,23,10,0,3,54.5
35,Male,Murder,Bachelor's,196,9,3,2,74.0
64,Male,Sexual Offense,Secondary,194,8,1,2,67.5
26,Female,Assault,Literate,51,11,4,1,76.9
33,Male,Vandalism,Bachelor's,3,13,2,3,59.2
20,Male,Drug Offense,Literate,56,15,6,4,100.0
65,Male,Burglary,Primary,54,15,3,4,74.4
29,Male,Fraud,Secondary,70,9,3,0,41.8
49,Male,Burglary,Literate,34,7,1,0,44.7
28,Male,Assault,Bachelor's,28,14,1,2,66.4
25,Male,Theft,Secondary,7,13,1,4,70.6
46,Male,Assault,Secondary,70,9,2,0,48.4
53,Male,Theft,Primary,39,13,2,1,43.6
58,Male,Robbery,Primary,110,13,2,2,65.9
37,Male,Murder,Bachelor's,423,7,1,0,52.7
22,Male,Theft,Primary,46,7,0,0,46.4
56,Male,Cybercrime,Secondary,49,14,0,4,63.2
55,Male,Theft,Primary,20,9,2,2,51.9
52,Female,Arson,Literate,91,5,1,1,50.0
28,Male,Assault,Secondary,59,16,5,1,78.9
30,Male,Burglary,Literate,17,12,5,1,70.0
27,Male,Drug Offense,Literate,82,14,1,4,84.4
44,Male,Drug Offense,Secondary,83,10,4,0,39.9
36,Male,Sexual Offense,Preparatory,122,9,1,0,52.2
38,Male,Drug Offense,Secondary,18,10,4,1,51.1
62,Male,Cybercrime,Secondary,28,13,4,0,38.7
20,Male,Fraud,Secondary,28,11,2,2,66.0
64,Male,Public Order,Secondary,17,14,3,3,55.8
39,Male,Robbery,Illiterate,72,10,4,0,64.3
54,Male,Theft,Bachelor's,8,8,3,1,33.0
38,Male,Drug Offense,Secondary,51,9,1,1,42.8
19,Male,Kidnapping,Literate,252,9,1,0,62.4
20,Male,Sexual Offense,Secondary,158,14,3,2,92.7
44,Male,Burglary,Preparatory,19,11,2,1,53.5
53,Male,Burglary,Secondary,17,6,1,1,30.5
45,Male,Fraud,Primary,19,8,0,1,44.0
46,Male,Burglary,Secondary,40,14,1,3,58.5
23,Male,Robbery,Primary,77,15,6,5,100.0
35,Male,Cybercrime,Illiterate,35,7,0,0,43.6
59,Male,Robbery,Secondary,93,10,1,1,43.1
65,Male,Weapons Offense,Literate,61,7,1,0,45.5
44,Male,Kidnapping,Secondary,145,5,1,0,40.1
50,Male,Fraud,Primary,34,6,1,0,23.3
41,Male,Vandalism,Bachelor's,30,9,0,0,24.3
30,Male,Assault,Primary,112,13,5,0,69.6
50,Male,Fraud,Illiterate,19,10,2,2,53.0
29,Male,Cybercrime,Illiterate,52,7,1,0,43.8
42,Male,Theft,Preparatory,44,8,1,0,31.1
61,Male,Assault,Preparatory,42,14,4,4,85.2
45,Male,Theft,Preparatory,29,13,2,4,64.1
41,Male,Vandalism,Primary,27,17,2,4,78.5
34,Male,Cybercrime,Secondary,22,10,1,2,48.5
22,Male,Robbery,Secondary,143,7,2,0,53.9
34,Male,Assault,Primary,50,8,2,0,51.2
38,Male,Arson,Illiterate,36,5,1,0,47.3
22,Male,Drug Offense,Illiterate,77,7,0,0,55.9
49,Male,Drug Offense,Preparatory,82,18,6,1,84.6
25,Male,Sexual Offense,Secondary,133,13,1,4,92.3
48,Male,Theft,Secondary,17,13,3,4,66.1
53,Male,Theft,Secondary,33,14,3,2,55.2
56,Male,Fraud,Illiterate,79,8,2,0,40.5
22,Male,Fraud,Preparatory,13,10,1,1,53.5
24,Male,Public Order,Preparatory,15,14,4,3,66.2
61,Male,Kidnapping,Literate,153,6,0,0,51.4
37,Male,Theft,Literate,36,7,2,1,42.4
57,Male,Assault,Bachelor's,75,12,0,1,40.9
45,Male,Kidnapping,Preparatory,245,13,2,2,79.7
30,Male,Theft,Secondary,32,16,7,4,83.0
36,Male,Theft,Primary,48,11,0,1,39.7
65,Male,Public Order,Secondary,12,11,3,3,58.3
39,Male,Public Order,Preparatory,12,11,4,1,46.3
22,Male,Assault,Literate,79,6,1,0,55.2
45,Male,Robbery,Preparatory,112,11,0,2,63.5
25,Male,Assault,Secondary,56,8,3,0,61.8
52,Male,Fraud,Preparatory,36,8,3,2,50.5
36,Male,Vandalism,Illiterate,15,9,0,2,47.0
36,Male,Sexual Offense,Primary,202,12,1,2,78.1
58,Female,Assault,Preparatory,106,13,5,3,68.3
65,Male,Sexual Offense,Primary,160,11,4,2,72.7
52,Male,Assault,Bachelor's,86,6,2,0,36.0
31,Male,Murder,Literate,245,10,0,1,77.4
39,Female,Assault,Bachelor's,84,10,3,0,47.1
35,Male,Cybercrime,Primary,19,6,2,0,39.2
22,Male,Burglary,Secondary,36,10,1,0,50.0
41,Male,Sexual Offense,Preparatory,203,10,0,1,68.2
57,Male,Assault,Secondary,93,5,0,0,35.4
49,Male,Robbery,Bachelor's,46,7,0,0,27.4
32,Male,Burglary,Secondary,53,6,2,0,40.1
51,Male,Weapons Offense,Secondary,55,15,1,2,57.4
34,Male,Theft,Preparatory,32,9,0,2,39.2
26,Male,Sexual Offense,Postgraduate education,210,14,6,1,88.0
44,Male,Fraud,Secondary,17,8,1,1,31.6
44,Male,Drug Offense,Bachelor's,89,7,1,0,39.8
32,Male,Fraud,Bachelor's,74,14,6,0,62.2
47,Male,Vandalism,Illiterate,19,12,4,2,72.5
30,Male,Weapons Offense,Secondary,38,10,1,1,58.3
51,Male,Sexual Offense,Bachelor's,151,8,3,0,43.3
60,Female,Robbery,Secondary,67,11,4,0,46.5
39,Male,Assault,Preparatory,111,12,4,3,86.5
25,Female,Assault,Secondary,41,10,0,0,45.1
21,Male,Drug Offense,Preparatory,62,9,3,2,67.3
36,Female,Sexual Offense,Illiterate,224,13,5,2,94.5
35,Male,Vandalism,Preparatory,32,9,3,1,47.8
51,Male,Public Order,Primary,17,6,1,1,32.5
58,Male,Assault,Secondary,69,5,1,0,30.0
47,Male,Assault,Illiterate,100,6,0,1,51.7
23,Male,Public Order,Bachelor's,14,9,3,2,47.3
22,Male,Drug Offense,Bachelor's,87,9,3,2,65.2
63,Female,Burglary,Primary,57,9,0,0,27.2
54,Male,Theft,Preparatory,44,11,0,3,51.9
64,Male,Weapons Offense,Bachelor's,87,13,0,0,37.2
60,Male,Fraud,Preparatory,66,13,0,4,53.9
52,Female,Public Order,Secondary,10,7,0,1,21.9
27,Male,Burglary,Bachelor's,72,11,2,1,49.3
39,Male,Burglary,Illiterate,32,6,1,0,43.1
26,Male,Theft,Secondary,5,7,1,1,37.9
64,Male,Fraud,Bachelor's,40,2,0,0,3.8
31,Male,Vandalism,Primary,26,10,2,0,43.8
48,Male,Burglary,Postgraduate education,60,7,2,1,36.5
54,Male,Drug Offense,Postgraduate education,81,9,1,2,34.7
35,Male,Weapons Offense,Secondary,45,7,2,1,52.9
63,Male,Theft,Secondary,16,14,4,2,56.9
51,Female,Murder,Preparatory,253,8,3,2,81.1
62,Male,Assault,Preparatory,43,10,3,3,61.2
25,Female,Weapons Offense,Primary,62,8,0,1,53.7
58,Male,Arson,Postgraduate education,65,16,7,3,78.8
25,Male,Burglary,Secondary,44,12,3,3,69.6
58,Male,Cybercrime,Secondary,59,12,5,1,48.8
59,Male,Murder,Bachelor's,305,8,3,1,64.2
22,Male,Public Order,Illiterate,17,11,2,2,59.1
39,Male,Theft,Illiterate,4,11,3,3,68.2
29,Male,Public Order,Preparatory,7,11,2,1,41.4
43,Male,Burglary,Primary,43,11,4,1,59.7
64,Male,Theft,Primary,43,12,4,3,64.1
27,Male,Robbery,Secondary,51,11,4,1,59.8
50,Male,Assault,Bachelor's,44,9,0,1,35.7
22,Male,Vandalism,Preparatory,21,15,3,1,70.7
64,Male,Weapons Offense,Secondary,36,12,4,1,55.9
20,Male,Assault,Preparatory,58,10,0,3,66.4
52,Male,Theft,Primary,8,10,0,3,50.9
48,Male,Public Order,Secondary,16,10,3,2,52.0
61,Male,Burglary,Primary,29,13,1,4,66.4
61,Male,Cybercrime,Bachelor's,43,8,3,2,41.0
42,Male,Drug Offense,Preparatory,94,6,0,1,43.9
58,Male,Drug Offense,Preparatory,73,9,3,0,52.4
23,Male,Assault,Postgraduate education,64,9,3,1,58.5
62,Male,Drug Offense,Secondary,67,19,5,6,100.0
28,Male,Weapons Offense,Primary,89,14,3,4,85.9
41,Male,Assault,Illiterate,83,12,5,0,73.2
25,Male,Murder,Secondary,279,9,3,0,72.4
62,Male,Drug Offense,Illiterate,60,8,3,1,64.6
64,Male,Theft,Bachelor's,34,15,2,4,61.4
58,Male,Theft,Secondary,39,10,2,0,31.3
45,Male,Kidnapping,Primary,166,11,4,2,85.4
46,Male,Vandalism,Bachelor's,3,9,2,1,32.6
62,Female,Burglary,Secondary,44,10,3,0,36.7
58,Male,Assault,Secondary,60,11,0,0,37.9
45,Female,Fraud,Secondary,23,11,3,1,47.6
60,Male,Murder,Secondary,335,11,0,1,58.4
56,Male,Assault,Primary,114,9,3,0,49.4
30,Male,Theft,Secondary,12,11,1,2,47.3
28,Male,Vandalism,Preparatory,33,9,3,1,52.6
19,Male,Burglary,Preparatory,59,15,1,4,82.3
49,Male,Vandalism,Primary,33,11,4,0,52.6
63,Male,Fraud,Primary,12,14,4,1,58.9
55,Male,Kidnapping,Preparatory,172,13,3,0,58.9
19,Female,Theft,Literate,14,7,0,1,39.8
40,Female,Fraud,Primary,29,8,3,2,54.6
28,Male,Robbery,Primary,138,3,0,0,48.9
41,Male,Theft,Primary,23,8,1,2,45.3
41,Female,Drug Offense,Preparatory,24,12,4,1,61.0
36,Male,Theft,Bachelor's,30,8,3,0,29.8
29,Male,Drug Offense,Preparatory,66,9,1,0,43.5
18,Male,Murder,Secondary,437,11,1,0,77.0
21,Male,Theft,Illiterate,19,7,2,0,48.6
38,Male,Vandalism,Preparatory,30,13,0,1,48.2
35,Male,Assault,Secondary,100,8,3,2,64.6
56,Male,Drug Offense,Secondary,96,8,3,0,41.4
58,Male,Vandalism,Secondary,18,9,2,1,34.9
50,Male,Burglary,Preparatory,39,4,0,0,21.7
53,Male,Murder,Secondary,447,8,0,1,57.2
55,Male,Theft,Preparatory,31,13,1,1,43.5
31,Male,Sexual Offense,Postgraduate education,122,5,1,1,49.7
42,Male,Kidnapping,Primary,129,3,0,0,44.7
49,Male,Drug Offense,Bachelor's,92,7,0,1,32.2
57,Male,Murder,Preparatory,364,10,0,2,72.6
26,Male,Drug Offense,Illiterate,78,12,3,2,77.1
34,Female,Drug Offense,Illiterate,37,10,0,0,50.0
31,Female,Burglary,Bachelor's,61,8,1,0,41.5
57,Male,Theft,Preparatory,12,9,1,1,33.7
64,Male,Drug Offense,Preparatory,80,13,3,2,61.3
23,Female,Assault,Preparatory,118,10,2,1,66.6
46,Male,Assault,Preparatory,80,16,4,3,76.2
60,Male,Sexual Offense,Preparatory,232,7,1,1,58.9
22,Female,Theft,Secondary,31,8,0,2,48.0
34,Female,Assault,Secondary,96,9,0,2,60.2
32,Male,Fraud,Secondary,47,13,0,3,58.4
20,Male,Theft,Primary,27,12,0,3,65.6
25,Male,Burglary,Literate,47,17,2,2,79.5
62,Male,Burglary,Primary,45,8,3,0,40.2
52,Male,Drug Offense,Secondary,64,11,1,2,45.3
43,Male,Theft,Primary,28,15,5,1,56.5
33,Female,Public Order,Primary,15,11,4,1,56.7
43,Male,Drug Offense,Primary,30,13,1,4,74.3
43,Male,Assault,Illiterate,83,15,5,3,96.7
26,Male,Drug Offense,Primary,41,15,2,3,81.4
50,Male,Sexual Offense,Preparatory,98,13,1,0,61.1
19,Male,Vandalism,Bachelor's,30,4,1,0,22.3
45,Female,Weapons Offense,Secondary,58,8,1,1,48.9
59,Male,Public Order,Secondary,11,10,2,0,29.4
22,Female,Drug Offense,Primary,71,8,0,1,54.3
65,Male,Sexual Offense,Preparatory,165,7,0,1,59.5
32,Male,Public Order,Primary,13,7,0,1,36.9
36,Male,Fraud,Secondary,74,14,5,0,51.3
49,Male,Murder,Secondary,413,7,2,0,64.0
27,Male,Theft,Preparatory,27,8,1,2,51.8
64,Male,Arson,Primary,66,8,0,2,48.5
33,Female,Theft,Preparatory,11,9,3,1,48.5
47,Male,Kidnapping,Bachelor's,241,10,2,0,59.0
44,Male,Public Order,Secondary,23,11,1,3,46.2
45,Male,Burglary,Preparatory,14,6,0,0,29.5
38,Male,Fraud,Bachelor's,60,6,2,1,33.3
59,Male,Theft,Bachelor's,36,10,1,3,43.2
22,Male,Public Order,Illiterate,11,14,2,2,71.1
18,Male,Fraud,Bachelor's,22,10,0,0,42.6
40,Male,Cybercrime,Primary,42,2,0,0,26.9
32,Male,Cybercrime,Literate,15,9,1,0,40.7
34,Male,Fraud,Preparatory,35,5,1,1,41.8
31,Male,Theft,Secondary,37,12,5,0,54.7
57,Male,Arson,Primary,109,19,5,1,75.2
54,Male,Theft,Preparatory,39,17,6,4,80.5
56,Male,Weapons Offense,Primary,34,8,2,1,43.5
38,Male,Robbery,Bachelor's,97,8,2,2,61.7
18,Male,Drug Offense,Secondary,88,11,2,2,64.4
41,Male,Theft,Preparatory,16,8,0,2,32.9
44,Female,Drug Offense,Illiterate,29,11,0,1,59.1
51,Male,Robbery,Secondary,100,14,1,0,47.5
59,Male,Assault,Primary,27,9,1,0,50.6
61,Male,Vandalism,Primary,36,5,1,1,33.0
27,Male,Robbery,Secondary,139,11,3,2,68.5
51,Male,Arson,Bachelor's,86,10,0,0,35.9
26,Male,Public Order,Primary,21,7,2,1,42.2
29,Male,Theft,Literate,35,9,2,0,54.0
40,Male,Fraud,Illiterate,36,9,0,1,36.5
65,Male,Theft,Secondary,6,8,2,0,29.4
34,Male,Murder,Secondary,450,14,0,2,92.1
54,Male,Robbery,Bachelor's,44,7,1,0,29.2
53,Female,Robbery,Illiterate,66,4,1,0,36.0
52,Female,Vandalism,Primary,22,9,0,0,24.6
47,Male,Arson,Bachelor's,118,14,6,0,70.3
21,Male,Fraud,Preparatory,51,7,2,0,45.5
51,Male,Robbery,Preparatory,64,5,0,0,31.0
19,Male,Weapons Offense,Illiterate,71,13,4,1,84.6
43,Female,Murder,Postgraduate education,319,16,5,4,100.0
58,Male,Theft,Illiterate,9,10,3,3,66.6
26,Male,Weapons Offense,Secondary,52,4,0,0,32.5
39,Male,Fraud,Preparatory,60,11,4,2,60.0
45,Male,Vandalism,Bachelor's,4,7,2,0,24.6
40,Male,Vandalism,Bachelor's,26,11,2,0,39.5
62,Male,Robbery,Preparatory,109,4,0,0,31.5
31,Male,Assault,Secondary,55,10,1,0,52.0
55,Male,Drug Offense,Preparatory,40,11,3,3,69.7
47,Male,Murder,Secondary,277,14,4,1,85.1
38,Male,Theft,Secondary,39,12,0,3,48.5
64,Female,Fraud,Bachelor's,27,10,4,1,46.9
19,Male,Assault,Secondary,87,8,3,0,57.0
22,Female,Arson,Primary,68,10,2,2,78.0
61,Male,Burglary,Literate,64,7,1,0,36.8
58,Male,Theft,Secondary,46,8,1,0,26.5
26,Male,Assault,Postgraduate education,94,15,1,5,85.5
24,Male,Weapons Offense,Secondary,24,16,5,4,96.9
57,Female,Assault,Illiterate,57,12,2,0,64.4
41,Female,Burglary,Preparatory,61,6,1,0,34.4
18,Male,Fraud,Secondary,35,14,4,4,84.1
50,Male,Drug Offense,Secondary,65,10,4,3,65.0
38,Male,Cybercrime,Secondary,32,9,2,2,42.7
52,Male,Drug Offense,Primary,82,12,4,1,51.2
20,Male,Sexual Offense,Bachelor's,185,11,0,3,77.3
62,Male,Murder,Primary,370,10,0,0,60.4
21,Female,Vandalism,Primary,24,8,3,1,55.3
47,Male,Murder,Illiterate,426,7,1,0,71.2
47,Male,Weapons Offense,Secondary,37,10,3,0,51.4
36,Female,Public Order,Bachelor's,4,12,5,1,52.8
40,Male,Vandalism,Postgraduate education,10,9,0,1,25.9
36,Male,Fraud,Bachelor's,55,13,2,2,50.8
34,Male,Theft,Illiterate,29,10,4,3,72.0
41,Male,Theft,Preparatory,30,7,2,1,36.6
52,Male,Robbery,Secondary,121,6,0,1,37.2
39,Male,Cybercrime,Secondary,20,15,3,3,63.5
49,Female,Assault,Preparatory,101,12,5,3,75.7
57,Female,Drug Offense,Illiterate,96,10,4,0,56.4
32,Male,Weapons Offense,Secondary,53,8,3,2,57.6
53,Male,Assault,Primary,78,14,4,0,61.7
35,Male,Robbery,Secondary,103,11,4,2,68.8
59,Male,Robbery,Bachelor's,106,10,3,0,46.0
51,Male,Burglary,Primary,72,6,1,0,25.3
21,Male,Arson,Primary,120,8,2,1,70.4
41,Male,Burglary,Secondary,24,8,0,0,30.1
40,Male,Vandalism,Bachelor's,3,9,2,1,29.8
28,Male,Robbery,Primary,75,11,0,1,51.0
47,Female,Murder,Primary,267,5,1,1,62.3
65,Male,Arson,Bachelor's,50,12,4,0,49.1
48,Male,Theft,Secondary,29,4,0,0,15.0
53,Male,Burglary,Preparatory,33,12,1,2,48.7
60,Female,Public Order,Bachelor's,9,7,1,0,20.6
60,Male,Burglary,Secondary,32,11,3,1,48.2
62,Male,Assault,Illiterate,81,11,0,0,49.0
37,Male,Theft,Preparatory,42,6,2,1,43.1
48,Male,Drug Offense,Literate,74,14,3,2,74.6
40,Male,Assault,Secondary,31,7,0,1,46.7
42,Male,Cybercrime,Secondary,22,14,3,1,50.6
27,Male,Theft,Illiterate,23,10,4,0,53.0
34,Male,Theft,Bachelor's,45,16,4,5,79.0
26,Male,Fraud,Literate,67,9,0,0,44.2
33,Male,Burglary,Illiterate,39,6,0,0,37.9
23,Male,Theft,Bachelor's,45,16,6,1,64.9
42,Male,Weapons Offense,Primary,65,5,0,0,41.6
31,Female,Assault,Postgraduate education,46,6,2,0,40.5
19,Male,Fraud,Secondary,47,7,1,0,39.6
45,Female,Theft,Secondary,22,10,3,3,58.0
22,Male,Assault,Primary,78,12,3,2,81.7
51,Male,Sexual Offense,Illiterate,164,12,0,1,70.4
22,Male,Assault,Illiterate,24,11,2,2,72.9
49,Male,Fraud,Secondary,50,7,2,1,36.3
40,Male,Murder,Illiterate,478,10,1,0,81.5
62,Male,Robbery,Secondary,105,10,0,0,43.7
49,Male,Fraud,Illiterate,71,14,6,4,96.8
29,Male,Assault,Illiterate,90,6,0,0,57.4
21,Male,Burglary,Preparatory,68,6,0,1,44.8
22,Male,Murder,Preparatory,419,1,0,0,54.8
63,Male,Burglary,Bachelor's,64,9,3,0,34.6
56,Male,Assault,Illiterate,63,11,0,0,52.2
64,Female,Robbery,Primary,66,11,3,3,72.3
19,Male,Fraud,Illiterate,57,8,2,2,66.0
63,Male,Drug Offense,Secondary,77,7,1,1,39.4
23,Male,Assault,Primary,27,14,1,1,71.3
29,Male,Vandalism,Primary,11,6,0,0,35.9
47,Male,Burglary,Preparatory,65,11,1,0,38.0
45,Male,Robbery,Primary,62,6,1,0,41.6
27,Female,Fraud,Illiterate,18,13,4,2,76.8
34,Male,Fraud,Primary,30,13,1,4,71.4
28,Male,Vandalism,Bachelor's,19,13,2,4,68.4
55,Male,Public Order,Secondary,12,13,5,3,66.8
31,Female,Murder,Bachelor's,336,11,1,1,71.9
41,Male,Drug Offense,Primary,90,8,0,0,44.5
55,Male,Theft,Illiterate,27,8,3,0,43.1
21,Male,Drug Offense,Secondary,70,10,0,2,54.5
28,Male,Cybercrime,Secondary,11,10,0,0,36.1
34,Male,Burglary,Bachelor's,36,7,2,0,43.2
36,Male,Theft,Secondary,8,7,1,1,34.0
62,Male,Fraud,Primary,18,9,3,2,53.0
59,Female,Theft,Preparatory,21,10,4,2,49.6
29,Male,Theft,Literate,44,9,1,1,50.2
54,Male,Burglary,Preparatory,25,13,5,3,64.3
41,Male,Drug Offense,Secondary,80,11,0,3,55.4
59,Male,Weapons Offense,Primary,95,8,3,1,62.5
54,Male,Robbery,Secondary,71,11,4,2,58.5
49,Male,Drug Offense,Secondary,70,9,2,0,39.7
40,Male,Robbery,Literate,144,8,0,2,57.6
50,Male,Drug Offense,Primary,67,10,4,1,63.0
30,Male,Assault,Preparatory,68,8,0,2,55.1
47,Male,Theft,Illiterate,13,13,5,2,72.3
26,Male,Burglary,Secondary,71,9,1,2,61.5
62,Female,Assault,Secondary,106,12,5,3,75.0
61,Male,Burglary,Primary,59,7,1,0,37.3
50,Male,Vandalism,Primary,24,8,0,1,33.4
47,Male,Assault,Secondary,53,2,0,0,31.0
57,Male,Assault,Primary,112,7,2,1,58.4
26,Male,Fraud,Primary,16,6,1,1,41.6
57,Male,Weapons Offense,Secondary,67,7,0,1,41.1
29,Female,Fraud,Preparatory,48,10,4,0,54.9
42,Male,Vandalism,Bachelor's,30,6,1,1,27.7
52,Male,Drug Offense,Secondary,31,6,2,0,29.5
65,Male,Theft,Primary,23,8,1,2,39.9
44,Female,Theft,Illiterate,7,9,0,2,51.3
20,Male,Vandalism,Literate,9,11,4,0,54.5
63,Male,Murder,Postgraduate education,234,10,2,1,58.6
29,Male,Vandalism,Secondary,17,11,0,2,43.5
26,Male,Murder,Bachelor's,230,9,2,1,65.2
34,Female,Weapons Offense,Preparatory,53,16,4,2,77.1
58,Male,Kidnapping,Secondary,149,9,1,2,59.4
36,Male,Burglary,Preparatory,33,8,2,1,48.1
59,Male,Robbery,Bachelor's,86,12,4,3,68.9
49,Male,Assault,Secondary,28,13,3,2,72.1
23,Male,Drug Offense,Secondary,24,12,5,1,64.0
31,Male,Assault,Primary,46,9,3,2,66.7
63,Male,Burglary,Primary,29,13,1,2,53.3
44,Male,Theft,Primary,27,18,6,5,92.5
65,Male,Burglary,Illiterate,68,12,2,1,57.0
39,Male,Murder,Primary,282,14,2,1,82.3
63,Male,Fraud,Primary,29,10,2,3,47.8
47,Female,Weapons Offense,Secondary,79,6,1,1,41.4
58,Male,Drug Offense,Illiterate,35,9,1,1,54.9
31,Male,Robbery,Postgraduate education,110,7,2,0,39.4
32,Male,Drug Offense,Secondary,67,6,0,0,37.8
50,Male,Theft,Secondary,3,12,0,0,24.0
48,Male,Assault,Bachelor's,74,11,2,2,56.0
54,Male,Murder,Secondary,235,7,1,1,58.7
54,Female,Theft,Bachelor's,39,10,0,2,40.5
36,Male,Vandalism,Secondary,20,8,2,2,44.7
42,Male,Burglary,Secondary,50,11,1,3,64.5
62,Male,Theft,Primary,26,14,0,0,30.0
39,Male,Vandalism,Primary,28,9,3,0,40.9
31,Female,Weapons Offense,Primary,50,13,2,4,86.4
30,Male,Assault,Literate,99,14,1,4,88.2
56,Male,Public Order,Preparatory,18,7,1,1,29.7
41,Male,Vandalism,Primary,7,12,4,1,50.6
23,Male,Weapons Offense,Illiterate,75,3,0,0,46.2
40,Male,Arson,Primary,114,10,0,1,53.7
34,Male,Burglary,Secondary,37,13,5,0,59.0
64,Male,Vandalism,Secondary,8,10,0,3,44.8
19,Male,Assault,Illiterate,29,4,1,0,47.9
31,Male,Public Order,Secondary,15,9,1,2,43.3
39,Male,Theft,Bachelor's,37,11,4,1,54.6
55,Male,Murder,Secondary,276,5,0,1,54.7
39,Male,Robbery,Primary,56,9,0,2,58.9
30,Male,Murder,Secondary,265,8,0,1,61.0
65,Male,Fraud,Bachelor's,82,10,0,0,30.1
45,Male,Theft,Postgraduate education,3,17,2,4,59.7
57,Female,Theft,Illiterate,20,11,0,0,36.6
21,Male,Cybercrime,Secondary,52,10,2,0,46.7
57,Male,Robbery,Secondary,74,13,5,4,77.2
65,Male,Theft,Secondary,38,12,4,2,52.4
40,Male,Theft,Primary,20,16,3,5,73.3
48,Male,Sexual Offense,Postgraduate education,198,7,2,1,47.1
32,Male,Burglary,Bachelor's,22,10,3,1,55.0
44,Male,Theft,Secondary,47,8,3,0,33.6
32,Male,Kidnapping,Literate,207,8,0,2,70.4
31,Male,Sexual Offense,Illiterate,170,10,1,3,87.2
26,Male,Assault,Illiterate,60,9,0,1,56.9
63,Male,Theft,Secondary,39,11,0,0,26.4
62,Male,Kidnapping,Bachelor's,255,15,0,3,69.9
59,Male,Drug Offense,Preparatory,67,16,0,2,65.9
50,Male,Theft,Illiterate,44,14,3,4,75.2
53,Male,Theft,Secondary,27,7,2,1,34.6
42,Male,Burglary,Literate,61,14,4,0,62.4
52,Male,Vandalism,Illiterate,3,18,0,5,87.7
56,Male,Assault,Secondary,101,12,5,3,78.3
45,Male,Fraud,Bachelor's,52,12,0,3,47.9
57,Male,Assault,Secondary,54,19,6,0,67.5
25,Male,Theft,Bachelor's,16,9,3,1,37.9
33,Male,Assault,Preparatory,30,10,2,2,62.8
37,Female,Burglary,Secondary,70,10,3,2,52.1
40,Male,Burglary,Preparatory,41,10,3,0,48.8
23,Male,Theft,Literate,17,11,3,3,82.2
33,Male,Theft,Bachelor's,14,8,3,1,38.7
39,Female,Murder,Secondary,319,17,0,0,67.9
46,Male,Weapons Offense,Illiterate,54,6,1,1,53.2
22,Female,Fraud,Secondary,76,10,0,2,45.4
32,Male,Public Order,Secondary,23,11,3,1,46.9
37,Male,Fraud,Preparatory,23,6,0,0,26.7
41,Male,Burglary,Secondary,65,10,0,0,30.6
57,Male,Burglary,Postgraduate education,72,6,0,0,24.3
37,Male,Theft,Illiterate,27,9,0,2,46.7
58,Male,Vandalism,Secondary,30,11,2,2,50.7
49,Male,Fraud,Preparatory,37,8,0,0,34.8
39,Male,Weapons Offense,Primary,47,9,2,2,60.8
50,Male,Theft,Literate,23,11,1,2,43.2
61,Male,Robbery,Secondary,128,11,4,1,51.7
29,Male,Drug Offense,Secondary,84,5,1,0,40.7
31,Male,Drug Offense,Preparatory,68,10,3,0,54.1
47,Male,Burglary,Secondary,34,11,3,0,50.7
29,Male,Drug Offense,Illiterate,61,11,1,0,59.9
36,Male,Assault,Illiterate,49,14,3,0,66.2
62,Female,Kidnapping,Illiterate,191,8,1,0,61.7
20,Male,Robbery,Preparatory,62,13,0,4,77.0
18,Female,Assault,Primary,37,10,0,1,65.8
43,Male,Assault,Illiterate,48,11,0,0,48.1
59,Male,Theft,Literate,4,10,2,3,52.2
61,Male,Fraud,Secondary,62,6,1,1,30.2
30,Male,Fraud,Primary,71,10,2,0,49.7
27,Male,Burglary,Bachelor's,72,9,2,2,49.2
34,Male,Weapons Offense,Primary,86,9,2,0,51.3
44,Male,Weapons Offense,Preparatory,79,13,1,1,61.3
48,Male,Fraud,Secondary,35,9,0,0,28.9
42,Male,Fraud,Primary,23,4,0,0,28.5
62,Male,Burglary,Preparatory,61,14,3,4,75.1
53,Male,Weapons Offense,Secondary,41,8,2,1,41.5
24,Male,Theft,Secondary,29,13,3,2,60.8
60,Male,Theft,Secondary,7,6,2,0,25.7
36,Male,Robbery,Illiterate,105,8,0,2,62.3
40,Male,Kidnapping,Primary,151,17,4,3,96.5
44,Male,Vandalism,Secondary,23,13,5,0,42.7
62,Male,Theft,Preparatory,14,12,3,0,44.1
28,Female,Assault,Primary,75,14,0,3,77.4
22,Male,Theft,Illiterate,27,8,3,2,68.3
42,Male,Weapons Offense,Secondary,48,10,4,3,74.6
28,Male,Public Order,Preparatory,20,15,1,2,53.3
20,Female,Assault,Secondary,29,10,1,1,55.8
45,Male,Burglary,Secondary,68,13,0,4,58.5
32,Male,Kidnapping,Preparatory,138,14,5,1,86.7
23,Male,Theft,Primary,44,8,2,1,55.8
26,Female,Cybercrime,Secondary,29,13,5,3,65.2
58,Male,Robbery,Bachelor's,48,8,3,0,41.1
62,Male,Drug Offense,Literate,16,12,5,2,63.3
47,Male,Burglary,Secondary,27,18,3,4,75.3
41,Male,Theft,Primary,37,7,0,1,31.8
57,Male,Theft,Secondary,18,11,4,3,56.0
58,Male,Drug Offense,Preparatory,72,6,1,1,37.1
33,Male,Drug Offense,Secondary,68,3,0,0,35.0
53,Female,Fraud,Preparatory,80,10,0,0,35.1
28,Male,Theft,Secondary,21,9,0,2,39.8
29,Male,Arson,Secondary,88,10,2,1,50.4
39,Male,Burglary,Primary,44,14,4,1,65.5
42,Male,Robbery,Illiterate,87,12,5,2,87.5
27,Male,Fraud,Illiterate,83,9,1,2,59.5
58,Male,Murder,Secondary,480,14,0,1,71.7
50,Male,Theft,Literate,40,14,0,3,55.3
50,Male,Burglary,Secondary,45,12,0,1,39.4
35,Male,Drug Offense,Secondary,49,10,2,0,44.5
23,Male,Murder,Secondary,218,10,3,2,84.7
62,Female,Assault,Preparatory,48,13,3,0,49.2
19,Male,Public Order,Postgraduate education,9,11,1,2,44.2
54,Female,Theft,Primary,18,15,6,5,93.4
28,Male,Vandalism,Secondary,3,11,3,3,56.2
27,Male,Robbery,Bachelor's,69,9,0,0,36.0
25,Male,Fraud,Secondary,39,12,3,3,68.4
61,Female,Vandalism,Primary,6,7,2,1,30.4
51,Male,Arson,Postgraduate education,50,13,3,1,49.9
59,Male,Burglary,Primary,18,10,4,2,63.6
30,Male,Public Order,Secondary,16,7,0,1,35.1
63,Male,Theft,Primary,29,7,0,1,33.3
28,Male,Vandalism,Primary,20,14,1,4,67.8
25,Male,Theft,Bachelor's,37,9,2,0,34.5
31,Male,Theft,Preparatory,23,14,3,2,60.9
49,Male,Public Order,Literate,10,6,0,0,28.9
35,Male,Fraud,Preparatory,73,7,2,0,36.0
24,Male,Burglary,Bachelor's,15,8,1,2,43.8
24,Male,Cybercrime,Bachelor's,47,8,0,1,34.3
24,Female,Assault,Bachelor's,110,11,0,0,45.3
39,Male,Vandalism,Secondary,36,10,1,3,46.0
23,Female,Vandalism,Illiterate,21,9,3,0,57.8
42,Male,Burglary,Secondary,27,10,2,3,50.7
39,Male,Drug Offense,Preparatory,32,8,3,0,43.2
50,Male,Theft,Primary,6,9,2,2,43.1
52,Male,Theft,Primary,30,8,3,1,42.8
32,Male,Fraud,Secondary,62,7,2,1,47.3
21,Male,Theft,Secondary,14,8,0,2,47.5
47,Male,Drug Offense,Secondary,71,9,0,0,37.0
50,Male,Vandalism,Bachelor's,7,8,3,2,44.6
57,Male,Public Order,Primary,16,11,1,1,34.8
60,Female,Kidnapping,Primary,142,9,0,0,50.6
18,Male,Arson,Secondary,96,10,0,0,49.5
32,Female,Public Order,Secondary,6,12,3,3,59.8
51,Male,Theft,Literate,8,12,5,3,66.3
62,Male,Assault,Primary,35,9,2,0,52.7
65,Male,Burglary,Primary,30,11,4,1,49.8
37,Male,Assault,Secondary,61,9,2,0,49.8
27,Male,Murder,Primary,476,10,4,3,100.0
19,Male,Weapons Offense,Secondary,77,7,2,1,56.4
51,Male,Drug Offense,Primary,58,4,1,0,29.6
18,Male,Theft,Preparatory,45,14,1,1,55.1
23,Male,Theft,Illiterate,27,9,2,2,65.5
42,Male,Theft,Secondary,9,15,2,3,55.9
42,Male,Fraud,Secondary,64,13,1,0,40.3
37,Male,Assault,Bachelor's,106,9,2,1,57.7
19,Female,Assault,Literate,63,13,5,1,74.3
51,Female,Cybercrime,Preparatory,40,12,3,3,56.3
42,Male,Drug Offense,Primary,47,8,3,2,67.3
34,Female,Theft,Preparatory,12,12,0,3,62.1
37,Male,Assault,Illiterate,52,5,0,1,45.7
54,Male,Burglary,Postgraduate education,21,11,1,0,25.8
19,Male,Murder,Preparatory,319,6,1,1,75.7
55,Male,Robbery,Literate,130,15,6,5,100.0
62,Male,Burglary,Bachelor's,13,9,2,1,36.6
22,Male,Sexual Offense,Preparatory,230,10,1,0,69.2
42,Male,Assault,Illiterate,93,9,3,0,59.5
41,Male,Murder,Bachelor's,442,8,1,0,59.7
34,Male,Weapons Offense,Secondary,63,10,2,3,66.4
48,Male,Cybercrime,Preparatory,35,10,1,2,47.9
23,Male,Vandalism,Bachelor's,23,4,1,0,32.3
42,Female,Fraud,Bachelor's,47,13,3,3,55.1
24,Male,Robbery,Preparatory,94,6,2,0,53.3
24,Male,Arson,Bachelor's,46,11,4,2,69.7
25,Male,Weapons Offense,Illiterate,90,10,0,3,79.0
62,Male,Sexual Offense,Secondary,145,10,0,0,47.3
41,Male,Assault,Secondary,47,10,1,2,53.6
44,Male,Sexual Offense,Primary,184,6,1,0,56.6
47,Male,Fraud,Secondary,42,10,4,0,48.0
30,Male,Vandalism,Secondary,35,10,2,2,53.7
59,Male,Theft,Preparatory,7,11,3,1,46.6
50,Male,Arson,Secondary,102,11,3,2,56.0
65,Female,Arson,Secondary,62,9,2,2,51.2
35,Female,Burglary,Secondary,54,15,3,2,63.7
49,Male,Burglary,Bachelor's,19,7,1,1,36.5
62,Male,Theft,Primary,40,7,0,1,34.7
52,Male,Burglary,Secondary,29,13,2,2,52.0
18,Male,Assault,Secondary,77,7,0,0,53.3
40,Male,Vandalism,Bachelor's,4,10,1,3,48.4
24,Female,Theft,Primary,24,11,2,1,61.5
65,Male,Vandalism,Preparatory,34,13,0,0,36.9
20,Male,Vandalism,Secondary,23,12,1,1,46.0
57,Male,Drug Offense,Preparatory,89,10,2,0,39.5
54,Male,Fraud,Preparatory,20,7,1,1,34.7
56,Male,Weapons Offense,Preparatory,48,9,2,1,48.8
51,Male,Robbery,Secondary,60,8,2,2,52.1
42,Male,Murder,Bachelor's,220,9,2,2,66.6
44,Male,Fraud,Preparatory,72,9,0,1,37.6
22,Male,Sexual Offense,Primary,201,8,0,0,62.7
63,Female,Murder,Primary,272,8,2,2,77.6
62,Male,Theft,Bachelor's,48,10,4,0,37.7
52,Male,Assault,Preparatory,117,11,0,2,53.1
23,Male,Robbery,Secondary,69,9,2,0,51.8
38,Male,Vandalism,Secondary,33,14,5,3,71.4
20,Male,Vandalism,Secondary,33,6,0,1,38.6
39,Female,Theft,Preparatory,19,10,2,2,44.7
36,Male,Assault,Secondary,119,14,0,4,75.3
64,Female,Assault,Bachelor's,73,9,3,2,61.7
46,Male,Drug Offense,Preparatory,15,7,1,0,44.0
24,Male,Murder,Bachelor's,282,6,2,0,64.9
51,Male,Assault,Primary,115,6,0,1,42.7
23,Male,Burglary,Literate,29,8,1,0,45.7
57,Male,Vandalism,Bachelor's,16,6,1,0,23.4
53,Female,Kidnapping,Secondary,139,12,1,1,64.9
37,Male,Fraud,Primary,80,13,1,2,51.8
45,Male,Burglary,Primary,40,9,3,1,46.2
29,Male,Drug Offense,Preparatory,41,5,1,1,48.8
32,Male,Drug Offense,Illiterate,51,8,0,0,50.5
38,Male,Robbery,Secondary,72,6,1,1,42.2
33,Female,Burglary,Illiterate,59,12,3,1,67.6
20,Male,Drug Offense,Primary,88,8,0,2,60.0
42,Male,Theft,Preparatory,48,5,0,0,25.1
60,Male,Vandalism,Preparatory,3,10,0,2,38.3
54,Male,Sexual Offense,Secondary,224,3,0,0,39.2
35,Male,Fraud,Preparatory,59,9,1,2,46.3
25,Male,Theft,Secondary,25,7,2,0,30.2
43,Male,Burglary,Preparatory,37,13,2,4,75.9
26,Male,Public Order,Secondary,20,12,2,0,37.9
20,Male,Theft,Preparatory,40,7,2,0,39.2
62,Male,Theft,Secondary,19,7,1,1,30.2
37,Male,Fraud,Bachelor's,60,4,1,0,25.9
61,Male,Weapons Offense,Preparatory,81,3,0,0,39.5
28,Male,Assault,Secondary,47,15,1,0,53.2
19,Male,Assault,Secondary,46,9,3,1,65.6
53,Male,Sexual Offense,Primary,213,8,1,1,68.5
19,Male,Burglary,Preparatory,37,10,4,1,69.7
62,Male,Public Order,Secondary,6,8,0,0,22.2
18,Male,Burglary,Bachelor's,29,11,0,2,53.0
51,Female,Burglary,Secondary,26,16,4,0,43.8
59,Male,Weapons Offense,Bachelor's,77,13,3,1,54.9
49,Male,Weapons Offense,Bachelor's,73,14,6,1,71.7
52,Male,Vandalism,Primary,21,7,2,1,43.8
50,Male,Fraud,Postgraduate education,77,13,4,0,39.2
53,Male,Cybercrime,Preparatory,36,16,3,4,71.9
58,Female,Assault,Primary,67,8,2,2,60.3
61,Male,Murder,Preparatory,333,6,0,0,50.8
41,Male,Sexual Offense,Literate,131,8,3,1,68.2
46,Male,Robbery,Preparatory,52,10,3,3,69.0
59,Male,Murder,Preparatory,384,8,1,0,57.5
40,Male,Drug Offense,Preparatory,38,13,1,4,75.7
38,Male,Murder,Preparatory,381,10,4,2,85.4
33,Male,Drug Offense,Primary,83,10,0,1,60.9
48,Male,Assault,Preparatory,76,9,3,0,53.6
30,Male,Drug Offense,Illiterate,14,15,4,3,94.7
30,Male,Assault,Bachelor's,46,9,0,2,50.1
49,Male,Murder,Preparatory,208,7,2,0,60.5
44,Male,Assault,Preparatory,72,13,4,2,72.6
46,Male,Vandalism,Secondary,14,6,1,1,34.0
18,Male,Sexual Offense,Secondary,179,3,0,0,48.0
48,Male,Robbery,Literate,141,7,0,0,44.3
22,Male,Robbery,Preparatory,47,14,4,1,76.6
52,Male,Vandalism,Secondary,25,5,1,0,14.3
32,Male,Theft,Bachelor's,46,8,3,1,47.0
32,Male,Theft,Secondary,44,15,1,5,73.1
48,Male,Assault,Bachelor's,79,14,5,3,78.6
60,Male,Robbery,Literate,117,3,0,0,32.9
34,Male,Fraud,Illiterate,25,12,0,1,58.0
49,Male,Arson,Primary,66,4,1,0,35.7
57,Male,Theft,Postgraduate education,47,16,3,0,40.9
39,Male,Cybercrime,Primary,25,7,2,0,38.6
22,Male,Robbery,Preparatory,83,6,2,1,53.1
39,Male,Drug Offense,Secondary,58,10,2,0,46.7
63,Male,Assault,Secondary,49,11,0,1,52.3
38,Male,Murder,Literate,272,16,6,4,100.0
28,Male,Assault,Literate,51,7,2,1,62.5
59,Male,Theft,Literate,20,3,0,0,27.8
56,Male,Theft,Secondary,37,6,1,0,24.6
34,Male,Drug Offense,Secondary,54,12,2,0,53.7
41,Male,Assault,Primary,106,15,6,5,100.0
31,Male,Burglary,Bachelor's,16,16,3,5,80.4
30,Male,Drug Offense,Postgraduate education,82,18,7,3,81.6
58,Male,Fraud,Secondary,45,8,1,2,44.4
57,Male,Fraud,Preparatory,13,8,0,2,43.4
51,Male,Drug Offense,Secondary,75,8,1,1,41.4
31,Male,Public Order,Preparatory,11,8,2,2,46.2
50,Male,Robbery,Literate,49,9,3,0,54.9
59,Male,Theft,Literate,22,10,0,0,33.4
43,Male,Assault,Primary,93,10,3,2,70.5
57,Male,Drug Offense,Preparatory,15,10,1,2,45.9
54,Male,Assault,Postgraduate education,77,10,4,2,60.1
27,Female,Assault,Preparatory,66,7,0,1,48.9
50,Female,Weapons Offense,Secondary,87,8,3,0,38.8
29,Female,Robbery,Primary,67,12,1,3,73.3
23,Male,Assault,Primary,41,20,0,3,84.1
61,Female,Murder,Literate,336,9,3,1,72.5
55,Male,Murder,Illiterate,444,17,2,1,98.9
23,Male,Theft,Illiterate,7,9,2,1,52.5
39,Male,Public Order,Secondary,17,16,6,0,47.7
40,Male,Fraud,Primary,53,9,0,2,40.7
36,Male,Sexual Offense,Secondary,138,4,0,0,46.6
32,Male,Theft,Preparatory,31,10,1,3,59.9
49,Male,Theft,Illiterate,5,11,0,2,42.5
31,Male,Public Order,Preparatory,16,5,1,0,23.7
33,Male,Cybercrime,Preparatory,24,7,1,0,39.0
33,Male,Assault,Primary,92,12,3,3,84.4
37,Male,Public Order,Primary,2,5,0,1,33.0
31,Male,Public Order,Secondary,22,9,3,1,43.8
40,Male,Burglary,Secondary,68,11,1,3,58.4
48,Male,Kidnapping,Secondary,257,10,2,1,68.5
29,Male,Assault,Secondary,67,12,4,0,52.9
56,Female,Fraud,Literate,46,10,2,1,41.3
31,Male,Theft,Secondary,8,12,3,0,41.6
27,Male,Public Order,Bachelor's,17,10,0,3,42.6
57,Male,Kidnapping,Literate,172,11,4,3,82.1
19,Male,Theft,Literate,24,3,0,0,28.9
47,Male,Fraud,Bachelor's,70,10,2,1,34.8
49,Male,Sexual Offense,Secondary,143,7,1,0,46.2
37,Male,Sexual Offense,Primary,216,10,0,3,78.9
38,Male,Public Order,Illiterate,8,8,1,2,51.2
25,Male,Arson,Postgraduate education,103,6,0,1,40.7
49,Male,Drug Offense,Literate,32,10,1,0,47.7
42,Male,Robbery,Secondary,90,13,2,1,59.6
32,Male,Robbery,Preparatory,72,11,3,0,55.4
41,Male,Sexual Offense,Secondary,99,10,3,2,69.1
30,Male,Murder,Primary,423,8,2,1,83.5
26,Male,Drug Offense,Secondary,72,7,1,1,43.8
40,Male,Burglary,Secondary,50,6,2,1,41.0
27,Male,Burglary,Secondary,23,11,2,1,48.0
33,Male,Assault,Literate,90,12,3,3,82.7
53,Male,Burglary,Postgraduate education,71,8,3,1,31.9
65,Female,Sexual Offense,Primary,222,7,2,1,61.3
20,Male,Drug Offense,Primary,91,9,0,0,51.5
18,Male,Drug Offense,Literate,63,10,1,0,57.9
60,Male,Robbery,Secondary,127,12,0,3,57.2
33,Male,Theft,Secondary,4,9,3,1,47.6
29,Male,Theft,Literate,35,8,3,2,63.4
48,Male,Theft,Illiterate,37,10,1,2,56.4
26,Male,Public Order,Primary,5,12,5,3,72.8
65,Male,Murder,Primary,363,13,2,2,97.3
42,Female,Theft,Secondary,4,10,0,2,36.3
36,Male,Theft,Preparatory,3,9,1,2,39.7
23,Male,Cybercrime,Primary,57,11,1,2,62.1
47,Male,Cybercrime,Secondary,12,9,3,2,52.1
25,Female,Burglary,Illiterate,37,18,3,2,83.8
44,Male,Kidnapping,Preparatory,281,14,1,4,94.6
64,Male,Assault,Preparatory,28,9,1,1,38.0
29,Male,Weapons Offense,Literate,26,10,0,3,73.4
33,Male,Fraud,Literate,51,9,0,0,41.2
39,Male,Vandalism,Bachelor's,11,16,6,1,59.6
65,Male,Vandalism,Illiterate,25,11,3,0,46.1
27,Male,Robbery,Illiterate,90,9,0,0,53.3
56,Male,Arson,Secondary,76,12,5,0,60.2
45,Female,Fraud,Preparatory,71,10,3,1,52.7
43,Male,Weapons Offense,Secondary,56,15,5,5,90.9
44,Male,Weapons Offense,Primary,88,10,3,1,60.0
37,Male,Theft,Bachelor's,3,8,3,0,26.1
62,Male,Arson,Postgraduate education,69,10,1,2,42.4
30,Male,Robbery,Secondary,38,11,3,0,50.6
48,Male,Vandalism,Primary,14,14,6,4,82.0
27,Male,Sexual Offense,Secondary,234,13,3,1,74.4
62,Male,Assault,Secondary,45,10,3,2,55.4
59,Male,Cybercrime,Primary,21,7,0,0,26.8
35,Male,Theft,Primary,33,13,1,3,57.2
49,Male,Assault,Postgraduate education,79,9,3,1,41.8
23,Male,Drug Offense,Illiterate,56,5,0,1,57.0
56,Male,Public Order,Preparatory,13,11,3,1,38.3
28,Male,Robbery,Secondary,66,8,0,0,35.7
57,Male,Public Order,Bachelor's,17,12,1,0,29.5
60,Male,Robbery,Literate,111,13,1,0,56.3
59,Male,Public Order,Bachelor's,3,6,0,0,10.8
38,Female,Fraud,Primary,79,10,1,0,39.7
21,Male,Assault,Preparatory,67,14,2,3,84.7
47,Male,Weapons Offense,Primary,89,15,3,1,77.2
32,Male,Murder,Bachelor's,431,8,1,2,80.6
21,Male,Assault,Primary,73,10,4,1,71.6
52,Female,Robbery,Literate,61,12,4,2,71.1
58,Male,Burglary,Preparatory,69,12,1,1,54.8
61,Male,Theft,Bachelor's,14,11,3,3,46.3
57,Male,Public Order,Secondary,11,15,2,2,50.1
47,Male,Assault,Secondary,81,10,0,1,53.6
33,Male,Cybercrime,Secondary,10,6,1,0,28.3
21,Male,Burglary,Illiterate,30,5,1,0,47.1
64,Male,Assault,Primary,97,11,3,1,62.9
32,Male,Theft,Literate,27,12,3,3,72.3
28,Male,Assault,Primary,117,14,6,2,87.4
56,Male,Drug Offense,Illiterate,14,14,4,2,80.2
37,Male,Assault,Bachelor's,25,11,3,2,65.9
57,Female,Fraud,Bachelor's,24,12,5,3,59.1
23,Male,Vandalism,Primary,11,13,3,0,56.3
23,Male,Public Order,Primary,14,10,3,0,53.0
37,Male,Murder,Primary,479,7,2,1,81.7
49,Male,Public Order,Secondary,7,10,1,1,28.8
25,Female,Murder,Postgraduate education,248,8,2,2,72.6
50,Male,Fraud,Secondary,78,8,2,0,34.3
61,Male,Drug Offense,Primary,62,12,0,1,50.4
52,Male,Burglary,Primary,29,7,2,1,47.2
55,Female,Weapons Offense,Secondary,45,8,1,0,34.1
29,Male,Vandalism,Secondary,12,15,2,5,77.1
39,Male,Assault,Primary,25,6,1,0,42.1
30,Male,Fraud,Illiterate,82,8,2,0,46.4
47,Male,Drug Offense,Bachelor's,44,10,4,3,70.7
65,Male,Theft,Bachelor's,5,13,0,4,41.2
50,Male,Vandalism,Primary,18,8,3,0,44.0
23,Female,Vandalism,Bachelor's,31,10,1,0,41.3
64,Female,Weapons Offense,Bachelor's,80,11,0,2,53.3
50,Male,Robbery,Preparatory,142,9,2,0,44.4
61,Male,Burglary,Bachelor's,44,12,0,3,43.2
23,Female,Theft,Secondary,8,8,1,2,55.3
49,Male,Theft,Illiterate,21,15,0,4,71.1
20,Male,Public Order,Preparatory,8,11,3,0,49.4
45,Male,Robbery,Preparatory,69,8,3,1,48.7
24,Male,Drug Offense,Preparatory,93,13,0,1,67.7
51,Male,Vandalism,Illiterate,3,10,0,3,56.9
23,Male,Theft,Bachelor's,43,9,0,1,43.3
28,Male,Robbery,Secondary,38,9,2,2,60.2
34,Female,Theft,Secondary,18,9,3,1,51.5
59,Male,Theft,Secondary,38,12,0,0,26.8
64,Female,Murder,Preparatory,431,11,1,2,74.9
27,Male,Burglary,Preparatory,38,8,3,0,42.0
36,Male,Theft,Secondary,22,9,0,1,32.4
45,Male,Cybercrime,Preparatory,50,5,1,0,31.1
58,Male,Vandalism,Primary,28,8,3,0,30.6
39,Male,Assault,Preparatory,29,8,2,1,49.5
58,Female,Theft,Preparatory,47,11,0,2,40.8
25,Male,Sexual Offense,Secondary,99,6,0,1,51.7
50,Male,Burglary,Preparatory,20,8,2,0,43.0
65,Male,Assault,Secondary,92,4,1,0,33.4
58,Male,Murder,Secondary,216,10,4,0,67.7
26,Male,Fraud,Secondary,27,15,1,0,40.9
42,Male,Murder,Secondary,260,12,5,3,90.7
64,Male,Assault,Preparatory,27,15,5,2,72.0
61,Male,Vandalism,Preparatory,27,14,3,4,66.6
40,Male,Weapons Offense,Primary,92,8,0,0,49.2
64,Male,Vandalism,Preparatory,23,14,4,4,73.9
56,Female,Assault,Preparatory,51,8,2,1,44.1
62,Male,Vandalism,Preparatory,5,7,2,1,37.7
47,Male,Kidnapping,Preparatory,154,13,5,4,100.0
30,Male,Burglary,Preparatory,65,13,5,0,57.9
32,Male,Robbery,Secondary,124,11,4,2,72.8
23,Female,Sexual Offense,Preparatory,239,8,2,0,72.7
50,Male,Robbery,Illiterate,67,14,3,1,76.3
59,Male,Weapons Offense,Preparatory,75,9,0,2,50.9
18,Male,Arson,Literate,94,5,1,1,61.3
31,Male,Burglary,Illiterate,33,12,0,2,72.1
50,Male,Drug Offense,Secondary,92,11,1,0,43.1
50,Male,Theft,Literate,48,9,1,0,36.5
61,Female,Murder,Secondary,350,4,1,0,49.1
49,Male,Arson,Illiterate,102,9,3,1,69.5
52,Male,Vandalism,Illiterate,7,5,0,0,33.1
62,Male,Vandalism,Illiterate,11,4,0,0,21.8
30,Male,Drug Offense,Primary,48,12,4,3,76.6
32,Male,Robbery,Illiterate,141,10,4,2,89.9
49,Male,Vandalism,Illiterate,21,7,2,0,41.0
52,Male,Assault,Literate,80,8,1,0,54.0
28,Male,Assault,Primary,98,8,1,1,67.3
42,Male,Burglary,Preparatory,62,7,1,0,38.0
64,Male,Public Order,Primary,14,18,1,6,76.7
27,Male,Arson,Secondary,94,12,0,0,41.0
29,Male,Assault,Preparatory,95,10,3,2,72.6
60,Male,Theft,Secondary,12,7,0,1,22.8
24,Male,Vandalism,Preparatory,6,9,2,2,60.2
22,Male,Drug Offense,Preparatory,27,9,3,1,60.9
47,Male,Robbery,Primary,114,4,1,0,43.2
54,Male,Theft,Bachelor's,33,9,1,1,30.0
23,Female,Cybercrime,Secondary,48,9,2,2,51.0
19,Male,Theft,Literate,38,9,0,0,42.3
55,Male,Theft,Illiterate,22,4,1,0,28.1
42,Male,Weapons Offense,Illiterate,54,7,1,0,54.0
36,Male,Public Order,Bachelor's,9,17,5,5,84.8
23,Male,Vandalism,Primary,22,4,1,0,36.4
38,Male,Public Order,Bachelor's,7,11,0,0,24.6
39,Male,Theft,Secondary,22,12,0,2,41.9
65,Male,Fraud,Preparatory,36,8,1,0,24.8
19,Male,Fraud,Primary,64,9,1,2,65.8
63,Male,Fraud,Illiterate,69,13,0,1,51.6
36,Male,Robbery,Bachelor's,76,4,0,0,32.6
59,Male,Public Order,Illiterate,12,11,2,1,43.2
32,Male,Assault,Secondary,107,5,0,0,46.8
45,Male,Vandalism,Secondary,33,14,1,0,36.4
49,Male,Theft,Bachelor's,19,11,0,0,25.2
22,Male,Fraud,Primary,47,6,1,0,50.6
53,Female,Robbery,Secondary,123,9,2,0,45.8
38,Male,Weapons Offense,Secondary,57,13,3,4,81.2
30,Female,Kidnapping,Illiterate,253,16,6,4,100.0
35,Male,Cybercrime,Bachelor's,44,8,2,1,38.9
27,Male,Burglary,Secondary,35,10,2,1,48.0
24,Male,Burglary,Bachelor's,17,7,1,0,30.8
21,Male,Drug Offense,Secondary,34,13,1,2,64.3
45,Male,Public Order,Secondary,8,9,3,2,44.4
51,Male,Assault,Illiterate,102,15,0,4,80.3
53,Male,Vandalism,Secondary,26,4,1,0,23.3
21,Female,Theft,Preparatory,16,7,2,0,41.0
33,Male,Kidnapping,Literate,182,10,0,2,76.5
43,Male,Murder,Primary,462,7,1,0,68.6
45,Male,Kidnapping,Literate,297,15,5,4,100.0
56,Male,Robbery,Secondary,49,15,1,3,64.1
26,Male,Kidnapping,Secondary,120,5,1,1,54.3
19,Male,Cybercrime,Secondary,13,12,1,1,41.5
50,Male,Weapons Offense,Secondary,45,8,3,1,49.7
35,Male,Fraud,Secondary,75,9,0,2,43.4
46,Male,Drug Offense,Secondary,13,14,1,2,57.2
49,Male,Theft,Preparatory,42,10,4,1,46.0
27,Male,Weapons Offense,Secondary,96,17,0,1,58.4
25,Male,Burglary,Primary,69,11,4,2,70.3
41,Male,Assault,Secondary,93,7,2,0,46.3
47,Male,Sexual Offense,Postgraduate education,101,8,1,0,41.9
35,Male,Public Order,Secondary,19,7,2,0,30.8
34,Male,Vandalism,Secondary,8,15,4,4,70.7
45,Male,Assault,Secondary,46,13,3,3,72.8
22,Male,Theft,Primary,38,9,3,0,42.1
28,Male,Theft,Primary,11,11,0,1,45.1
56,Male,Burglary,Preparatory,53,6,2,1,37.4
36,Male,Sexual Offense,Postgraduate education,208,5,0,1,46.7
32,Male,Sexual Offense,Primary,131,11,4,3,95.2
26,Male,Vandalism,Primary,16,10,1,2,54.4
43,Male,Theft,Primary,9,7,2,1,38.6
36,Male,Theft,Preparatory,34,11,1,3,55.8
52,Male,Fraud,Illiterate,45,7,1,1,41.2
47,Male,Theft,Preparatory,16,10,2,1,42.6
35,Male,Theft,Preparatory,22,10,2,3,51.3
60,Male,Fraud,Primary,56,11,1,3,54.2
31,Male,Burglary,Literate,31,12,1,3,69.5
35,Male,Arson,Primary,83,9,2,0,52.7
25,Male,Murder,Primary,182,9,1,2,84.6
53,Male,Drug Offense,Preparatory,45,14,2,0,49.2
49,Male,Murder,Literate,344,8,0,1,77.8
60,Male,Weapons Offense,Preparatory,68,14,4,3,80.2
63,Male,Sexual Offense,Bachelor's,143,5,0,0,35.0
19,Male,Drug Offense,Preparatory,27,6,1,1,56.1
34,Male,Robbery,Bachelor's,57,13,1,2,55.0
36,Male,Murder,Literate,239,6,2,0,57.5
40,Male,Assault,Secondary,110,10,1,1,52.8
33,Male,Arson,Secondary,42,10,0,3,62.7
53,Male,Assault,Illiterate,84,8,0,2,62.0
59,Male,Theft,Preparatory,14,14,2,4,59.3
28,Female,Murder,Literate,270,14,0,4,100.0
58,Male,Drug Offense,Secondary,47,8,3,1,51.1
27,Male,Fraud,Primary,84,10,2,2,66.8
23,Male,Sexual Offense,Preparatory,129,9,1,1,69.0
55,Male,Murder,Literate,224,10,0,2,72.7
19,Male,Drug Offense,Literate,73,11,0,0,53.5
56,Male,Vandalism,Bachelor's,32,6,1,0,18.9
54,Female,Murder,Preparatory,449,10,1,0,64.1
33,Male,Drug Offense,Secondary,44,9,1,1,47.4
31,Male,Vandalism,Primary,13,14,1,4,67.4
37,Male,Theft,Secondary,33,10,1,3,46.0
59,Male,Burglary,Secondary,18,7,0,1,29.6
49,Male,Fraud,Bachelor's,81,11,1,3,58.7
38,Male,Fraud,Preparatory,83,5,1,0,34.5
55,Male,Murder,Bachelor's,205,9,1,2,61.8
52,Male,Weapons Offense,Illiterate,47,7,2,0,47.1
26,Male,Assault,Bachelor's,29,11,0,3,67.0
19,Female,Murder,Secondary,328,11,3,2,94.1
54,Male,Theft,Secondary,10,7,0,0,18.3
41,Female,Cybercrime,Primary,24,7,2,0,41.6
50,Male,Burglary,Literate,34,12,1,1,44.3
57,Male,Drug Offense,Illiterate,25,9,2,0,57.4
27,Male,Murder,Preparatory,446,5,0,0,59.4
62,Male,Arson,Secondary,108,6,1,0,26.1
61,Male,Murder,Secondary,431,11,4,1,71.5
22,Male,Public Order,Postgraduate education,6,14,1,4,63.7
64,Male,Drug Offense,Bachelor's,91,8,2,0,34.1
56,Male,Robbery,Preparatory,136,10,0,1,40.0
55,Male,Drug Offense,Secondary,18,16,5,4,84.2
20,Male,Theft,Secondary,44,10,4,3,63.6
63,Male,Theft,Preparatory,17,8,2,0,35.2
43,Male,Weapons Offense,Secondary,38,7,0,0,37.9
58,Female,Burglary,Primary,33,11,4,1,54.4
58,Male,Robbery,Postgraduate education,105,8,3,2,51.7
59,Female,Assault,Secondary,38,10,2,1,46.6
60,Male,Drug Offense,Secondary,19,11,2,0,34.0
42,Male,Fraud,Literate,26,8,3,2,51.0
25,Male,Sexual Offense,Secondary,182,7,2,0,57.4
57,Male,Sexual Offense,Literate,133,13,3,4,95.3
64,Male,Robbery,Secondary,51,6,1,1,40.0
48,Male,Fraud,Preparatory,51,11,2,3,67.1
53,Male,Burglary,Primary,40,10,0,2,47.3
34,Male,Arson,Illiterate,47,7,1,0,52.2
54,Male,Cybercrime,Bachelor's,6,16,5,3,63.6
44,Male,Burglary,Primary,29,14,5,4,83.6
33,Male,Fraud,Primary,84,12,2,3,62.0
64,Male,Drug Offense,Secondary,96,7,1,1,44.1
50,Male,Murder,Preparatory,349,10,3,0,73.4
38,Male,Assault,Literate,60,13,0,1,65.7
33,Male,Murder,Secondary,289,9,1,0,62.5
35,Male,Sexual Offense,Preparatory,148,14,1,0,61.3
19,Female,Robbery,Primary,103,10,1,0,57.5
20,Male,Theft,Bachelor's,29,5,1,0,35.0
55,Male,Drug Offense,Illiterate,80,9,3,1,64.6
62,Male,Weapons Offense,Postgraduate education,48,9,2,1,40.0
23,Male,Murder,Secondary,379,9,0,1,66.9
42,Male,Arson,Bachelor's,66,8,1,1,37.8
63,Male,Fraud,Primary,84,7,1,0,38.1
19,Male,Assault,Illiterate,38,14,0,4,88.9
21,Male,Theft,Secondary,31,13,5,0,60.8
57,Male,Theft,Secondary,23,10,0,3,41.6
56,Male,Vandalism,Secondary,24,6,2,1,34.7
31,Male,Robbery,Primary,124,6,1,0,56.3
40,Male,Burglary,Primary,45,12,4,1,58.0
41,Male,Kidnapping,Preparatory,205,12,4,2,84.1
34,Female,Public Order,Primary,15,12,1,0,38.1
50,Male,Theft,Postgraduate education,36,13,5,2,53.6
53,Male,Theft,Preparatory,43,8,3,2,48.7
65,Male,Fraud,Postgraduate education,42,9,1,1,30.0
29,Male,Drug Offense,Illiterate,39,9,3,0,59.3
19,Male,Arson,Literate,90,12,5,0,72.4
26,Male,Sexual Offense,Primary,231,12,1,0,74.7
52,Male,Drug Offense,Secondary,91,10,2,2,46.9
59,Male,Kidnapping,Preparatory,145,7,1,1,51.6
41,Male,Murder,Preparatory,437,5,1,1,63.2
35,Male,Robbery,Preparatory,136,10,1,2,62.7
62,Male,Theft,Primary,45,6,1,0,39.6
26,Male,Fraud,Preparatory,64,11,2,2,56.8
38,Male,Burglary,Primary,67,10,0,1,43.7
40,Male,Vandalism,Preparatory,25,11,4,1,54.1
23,Male,Theft,Secondary,42,10,4,2,64.3
19,Female,Theft,Bachelor's,48,12,0,0,42.2
34,Male,Cybercrime,Bachelor's,27,5,1,1,31.1
37,Female,Robbery,Bachelor's,90,10,0,1,43.4
28,Male,Weapons Offense,Literate,38,15,0,2,70.0
44,Male,Murder,Bachelor's,413,10,4,2,83.5
65,Male,Murder,Bachelor's,204,12,3,0,66.3
47,Female,Fraud,Preparatory,57,14,3,1,57.3
62,Male,Burglary,Primary,12,9,3,1,52.1
33,Male,Public Order,Primary,19,6,2,1,52.2
55,Male,Fraud,Bachelor's,83,11,1,1,38.6
22,Male,Theft,Preparatory,6,12,1,2,55.6
48,Male,Burglary,Primary,14,13,2,4,75.8
61,Male,Assault,Preparatory,37,7,0,1,41.7
54,Male,Theft,Literate,29,7,0,0,24.5
44,Male,Vandalism,Secondary,17,11,4,0,37.9
40,Male,Fraud,Illiterate,69,10,1,2,52.8
29,Male,Fraud,Preparatory,38,8,2,2,51.8
26,Male,Assault,Primary,107,8,0,2,66.3
34,Female,Vandalism,Bachelor's,3,9,1,2,38.7
23,Male,Public Order,Bachelor's,5,8,3,1,39.8
31,Male,Arson,Literate,116,8,1,1,64.4
21,Male,Robbery,Bachelor's,64,12,4,0,62.9
20,Male,Public Order,Secondary,16,4,0,0,26.7
64,Male,Vandalism,Illiterate,26,10,1,2,50.4
32,Male,Arson,Primary,73,16,4,2,83.9
62,Male,Robbery,Preparatory,143,6,2,0,43.0
65,Male,Assault,Primary,37,11,2,1,57.5
50,Male,Weapons Offense,Bachelor's,54,10,2,2,49.6
42,Male,Theft,Primary,48,9,1,2,49.6
55,Male,Fraud,Preparatory,20,17,0,2,55.2
42,Male,Drug Offense,Primary,18,9,0,1,40.3
31,Female,Burglary,Preparatory,47,10,0,1,40.9
63,Male,Theft,Illiterate,35,7,0,0,37.7
27,Male,Theft,Secondary,24,11,2,0,44.0
39,Male,Public Order,Bachelor's,3,7,0,0,13.5
26,Female,Arson,Literate,49,10,2,1,62.0
52,Male,Public Order,Secondary,10,10,1,0,26.0
18,Male,Theft,Secondary,7,8,1,1,36.2
55,Female,Robbery,Secondary,79,9,3,1,50.6
58,Male,Assault,Preparatory,73,8,0,1,45.2
55,Male,Fraud,Primary,64,15,6,4,87.2
46,Male,Theft,Literate,11,10,2,1,56.4
20,Male,Public Order,Secondary,16,12,2,3,61.3
62,Male,Drug Offense,Postgraduate education,55,9,1,2,44.5
42,Male,Cybercrime,Secondary,17,13,2,3,55.2
31,Female,Theft,Literate,21,10,0,2,56.5
29,Male,Public Order,Preparatory,13,10,1,3,60.7
42,Male,Public Order,Secondary,7,8,2,2,41.0
65,Male,Public Order,Primary,3,15,6,1,58.4
56,Male,Assault,Secondary,32,9,0,0,34.3
22,Male,Theft,Postgraduate education,13,7,1,0,31.8
46,Male,Theft,Secondary,42,11,1,2,47.3
61,Male,Sexual Offense,Preparatory,216,9,0,2,63.3
45,Male,Theft,Secondary,48,7,0,1,25.2
62,Male,Sexual Offense,Illiterate,158,10,4,2,81.0
22,Male,Theft,Bachelor's,4,6,2,0,28.2
61,Male,Fraud,Illiterate,54,8,2,0,42.9
29,Male,Theft,Secondary,27,9,1,1,44.0
44,Male,Fraud,Primary,14,13,1,3,65.0
30,Male,Drug Offense,Primary,93,11,3,2,65.4
29,Male,Arson,Secondary,65,10,0,1,49.1
54,Female,Kidnapping,Illiterate,207,13,1,1,69.7
31,Male,Robbery,Secondary,38,10,3,0,50.7
49,Male,Fraud,Secondary,67,11,1,3,52.6
40,Male,Vandalism,Primary,16,9,0,1,39.6
54,Male,Drug Offense,Literate,84,15,1,3,78.5
24,Male,Burglary,Illiterate,67,8,1,1,57.8
59,Male,Fraud,Primary,70,8,3,0,44.8
34,Male,Drug Offense,Bachelor's,20,8,3,0,37.7
22,Male,Sexual Offense,Primary,215,9,2,0,74.6
52,Male,Theft,Literate,13,9,3,0,47.2
31,Male,Robbery,Primary,109,14,1,4,81.3
36,Male,Vandalism,Secondary,22,9,3,1,40.5
52,Male,Fraud,Secondary,51,7,2,1,34.6
37,Female,Theft,Primary,10,9,0,0,34.4
58,Male,Theft,Secondary,8,9,2,2,33.4
34,Male,Sexual Offense,Preparatory,152,7,1,0,56.0
30,Male,Theft,Primary,37,12,0,0,41.4
26,Male,Vandalism,Secondary,10,5,1,0,24.2
26,Male,Drug Offense,Primary,58,7,1,1,50.2
65,Female,Drug Offense,Literate,54,8,3,1,50.0
64,Male,Theft,Primary,14,10,3,1,46.2
18,Male,Vandalism,Preparatory,16,10,3,2,67.6
21,Female,Public Order,Preparatory,1,10,4,2,59.4
33,Male,Drug Offense,Primary,63,7,2,1,54.4
53,Male,Theft,Preparatory,16,9,0,2,37.5
54,Male,Drug Offense,Secondary,93,9,3,2,51.5
55,Female,Murder,Literate,468,11,4,1,89.9
23,Male,Sexual Offense,Bachelor's,178,12,4,3,86.5
18,Male,Drug Offense,Primary,93,15,5,3,93.4
38,Male,Fraud,Preparatory,27,5,1,0,29.3
40,Male,Theft,Preparatory,32,9,0,0,27.6
50,Male,Arson,Secondary,56,6,1,0,26.3
22,Male,Weapons Offense,Secondary,44,9,2,0,50.1
61,Male,Sexual Offense,Primary,225,8,0,2,64.5
25,Female,Robbery,Bachelor's,88,10,1,2,53.7
40,Male,Vandalism,Primary,31,10,1,0,34.5
39,Male,Theft,Primary,27,11,3,0,44.5
65,Male,Murder,Primary,325,8,2,1,67.0
39,Male,Theft,Secondary,11,8,3,2,50.3
22,Female,Public Order,Secondary,21,9,2,1,42.9
50,Male,Theft,Illiterate,6,6,0,0,32.4
40,Female,Burglary,Secondary,45,7,0,1,33.4
57,Male,Theft,Secondary,12,7,0,0,21.3
59,Female,Theft,Illiterate,48,6,0,0,35.7
37,Female,Vandalism,Preparatory,31,10,1,1,35.9
20,Male,Weapons Offense,Secondary,91,14,1,4,84.4
30,Male,Theft,Literate,48,11,0,3,62.2
44,Male,Theft,Bachelor's,45,9,1,1,37.8
18,Male,Public Order,Preparatory,8,12,2,3,59.2
38,Male,Robbery,Secondary,59,14,2,3,73.6
41,Male,Drug Offense,Secondary,26,8,1,2,52.3
27,Male,Fraud,Bachelor's,18,9,1,0,32.9
25,Male,Burglary,Secondary,24,7,2,0,31.7
45,Male,Fraud,Secondary,71,8,0,2,36.7
21,Male,Drug Offense,Bachelor's,50,6,2,1,50.1
36,Male,Drug Offense,Primary,34,5,0,0,40.2
29,Male,Drug Offense,Primary,54,7,2,1,59.3
62,Male,Theft,Bachelor's,26,8,1,1,27.0
38,Female,Burglary,Preparatory,71,16,0,0,46.4
65,Male,Weapons Offense,Secondary,94,14,3,2,70.3
38,Female,Fraud,Illiterate,61,4,1,0,41.6
56,Male,Fraud,Primary,78,5,1,0,34.4
31,Male,Theft,Literate,38,6,1,1,42.9
50,Male,Murder,Primary,476,16,4,5,100.0
27,Male,Vandalism,Secondary,29,11,1,3,52.6
42,Male,Assault,Illiterate,75,10,2,2,68.5
58,Male,Weapons Offense,Bachelor's,47,12,1,1,45.9
51,Male,Public Order,Secondary,2,9,1,0,21.3
38,Male,Burglary,Postgraduate education,18,10,4,3,56.6
34,Male,Arson,Preparatory,65,6,2,0,50.6
59,Male,Assault,Literate,57,13,2,1,63.1
63,Male,Theft,Bachelor's,45,9,3,0,21.1
58,Male,Theft,Secondary,21,8,2,2,43.8
18,Female,Assault,Secondary,53,9,0,2,61.1
56,Female,Assault,Secondary,34,14,5,4,83.4
21,Female,Assault,Secondary,68,12,2,1,70.0
56,Male,Fraud,Primary,49,11,0,1,43.5
53,Male,Assault,Secondary,63,6,2,1,42.2
24,Male,Assault,Literate,24,12,2,3,87.7
61,Male,Arson,Secondary,95,11,1,0,43.1
49,Male,Arson,Bachelor's,45,9,0,0,33.8
38,Male,Fraud,Secondary,32,13,4,1,58.0
26,Male,Weapons Offense,Primary,28,8,3,1,63.3
58,Male,Murder,Primary,187,10,3,1,63.6
37,Male,Vandalism,Secondary,17,14,4,4,66.4
18,Male,Sexual Offense,Bachelor's,175,6,1,0,54.5
48,Male,Drug Offense,Primary,52,13,1,3,68.6
59,Female,Murder,Secondary,436,11,3,3,84.0
37,Male,Cybercrime,Postgraduate education,37,9,3,0,24.1
47,Male,Assault,Primary,80,9,0,0,51.8
35,Female,Kidnapping,Secondary,232,10,3,1,70.4
53,Male,Fraud,Secondary,24,11,0,0,20.9
42,Male,Fraud,Secondary,26,12,5,2,58.3
24,Female,Vandalism,Preparatory,26,10,1,3,55.4
26,Male,Weapons Offense,Literate,90,5,1,0,50.9
49,Male,Murder,Primary,306,14,4,0,84.9
35,Male,Burglary,Primary,12,10,2,3,57.0
25,Male,Theft,Secondary,38,11,1,2,52.1
51,Male,Theft,Primary,45,6,0,1,29.3
22,Male,Theft,Illiterate,11,7,0,0,47.4
20,Male,Drug Offense,Secondary,71,10,0,0,48.8
34,Male,Theft,Primary,33,7,2,0,38.2
54,Male,Public Order,Bachelor's,9,12,5,0,31.4
26,Male,Assault,Primary,32,10,0,0,50.4
29,Male,Vandalism,Preparatory,19,10,1,0,45.2
48,Male,Assault,Illiterate,87,11,3,3,83.5
20,Male,Assault,Secondary,70,3,0,0,36.0
46,Male,Burglary,Secondary,22,8,3,2,56.8
39,Male,Drug Offense,Secondary,19,8,3,0,45.6
29,Male,Cybercrime,Secondary,58,6,0,0,31.6
60,Male,Fraud,Secondary,28,8,0,0,23.3
18,Male,Sexual Offense,Secondary,134,8,0,0,54.1
26,Male,Arson,Secondary,102,8,0,2,50.9
59,Male,Theft,Bachelor's,47,8,3,2,42.3
33,Male,Public Order,Secondary,9,17,4,3,66.0
40,Male,Assault,Primary,29,7,0,1,46.9
53,Male,Cybercrime,Illiterate,18,13,1,0,45.1
50,Male,Robbery,Secondary,112,8,1,1,44.9
50,Male,Theft,Primary,3,7,1,1,43.2
27,Male,Burglary,Secondary,54,12,0,0,44.0
42,Male,Weapons Offense,Bachelor's,61,8,0,1,41.0
24,Male,Drug Offense,Primary,70,8,2,1,54.2
56,Male,Robbery,Primary,80,7,1,0,32.1
33,Female,Drug Offense,Literate,93,11,2,3,77.8
19,Male,Assault,Bachelor's,40,14,0,3,69.8
33,Male,Theft,Bachelor's,4,10,0,2,33.7
18,Male,Burglary,Preparatory,12,15,5,0,60.2
44,Male,Kidnapping,Secondary,280,5,1,1,52.0
35,Male,Drug Offense,Primary,90,4,1,0,39.7
27,Male,Public Order,Literate,17,12,0,2,53.0
53,Male,Drug Offense,Primary,52,8,2,1,40.9
52,Male,Arson,Bachelor's,55,5,1,1,27.5
32,Male,Theft,Primary,11,6,1,0,34.2
35,Male,Arson,Preparatory,43,16,4,5,95.3
51,Male,Assault,Secondary,34,6,1,1,40.5
34,Male,Murder,Secondary,457,9,0,1,73.2
60,Male,Drug Offense,Primary,36,8,1,2,46.2
26,Male,Weapons Offense,Primary,74,9,2,1,67.8
25,Male,Murder,Illiterate,440,6,2,1,79.8
63,Male,Assault,Primary,38,14,5,1,66.5
33,Male,Assault,Secondary,64,11,0,2,60.8
63,Female,Vandalism,Illiterate,19,12,0,0,32.9
40,Male,Vandalism,Primary,11,12,1,0,44.2
27,Male,Sexual Offense,Bachelor's,228,12,3,3,83.8
57,Female,Drug Offense,Postgraduate education,45,10,1,0,24.9
34,Male,Burglary,Primary,55,9,1,2,58.9
46,Male,Burglary,Primary,67,12,1,2,56.2
41,Male,Assault,Secondary,80,9,2,1,53.1
35,Male,Theft,Illiterate,6,18,3,1,65.4
43,Male,Vandalism,Secondary,18,10,1,0,35.4
18,Male,Assault,Primary,79,11,1,2,75.5
65,Male,Assault,Preparatory,88,12,4,0,53.9
40,Male,Assault,Preparatory,35,11,4,0,55.6
64,Male,Kidnapping,Preparatory,179,12,5,2,79.8
32,Male,Public Order,Preparatory,16,8,1,1,24.9
55,Female,Burglary,Preparatory,71,6,1,0,31.9
65,Male,Public Order,Secondary,2,10,3,3,46.1
38,Male,Kidnapping,Secondary,237,6,2,0,53.8
42,Male,Public Order,Literate,24,5,0,1,37.9
51,Male,Kidnapping,Bachelor's,238,9,0,1,55.3
56,Male,Theft,Secondary,39,6,0,1,23.2
57,Male,Theft,Secondary,32,8,3,0,32.3
38,Male,Cybercrime,Secondary,34,12,3,1,43.0
27,Male,Assault,Secondary,26,7,2,0,46.8
22,Male,Robbery,Primary,124,11,3,2,82.9
43,Male,Cybercrime,Preparatory,29,12,3,3,59.9
25,Male,Fraud,Secondary,50,16,5,1,65.7
34,Male,Vandalism,Secondary,5,13,5,3,75.0
63,Male,Theft,Preparatory,43,9,2,2,39.2
49,Male,Vandalism,Secondary,6,10,0,2,35.1
33,Male,Burglary,Primary,60,16,5,3,85.8
54,Male,Burglary,Secondary,12,10,4,1,39.7
18,Male,Burglary,Literate,46,7,2,0,55.0
48,Male,Theft,Primary,23,6,1,0,23.5
61,Male,Vandalism,Secondary,15,11,4,3,52.5
21,Male,Burglary,Bachelor's,71,8,2,0,39.8
18,Male,Fraud,Primary,43,9,1,2,55.7
46,Male,Theft,Bachelor's,39,6,1,1,25.8
41,Male,Theft,Secondary,38,11,1,1,42.5
50,Male,Public Order,Secondary,4,8,3,2,39.8
57,Male,Sexual Offense,Secondary,240,16,5,5,100.0
47,Male,Sexual Offense,Secondary,130,9,2,0,54.7
48,Male,Drug Offense,Literate,78,11,0,1,58.8
33,Female,Sexual Offense,Secondary,234,8,3,0,64.1
43,Male,Murder,Secondary,394,13,4,1,77.2
29,Male,Public Order,Bachelor's,18,14,3,0,45.5
44,Female,Weapons Offense,Secondary,93,10,2,3,68.1
22,Male,Murder,Bachelor's,311,11,3,2,91.5
52,Male,Theft,Secondary,47,11,4,2,46.1
57,Female,Kidnapping,Bachelor's,185,11,0,1,47.4
35,Male,Murder,Literate,359,14,0,3,99.6
23,Male,Fraud,Secondary,68,8,1,1,41.2
29,Male,Cybercrime,Primary,53,12,0,0,40.6
24,Female,Kidnapping,Preparatory,154,19,6,4,100.0
39,Male,Burglary,Primary,20,17,0,3,66.1
28,Male,Assault,Postgraduate education,47,13,4,3,74.2
49,Male,Vandalism,Literate,25,12,0,3,54.9
28,Male,Public Order,Postgraduate education,22,10,1,1,27.4
27,Male,Cybercrime,Secondary,20,10,4,1,53.8
36,Male,Fraud,Bachelor's,41,12,4,2,61.1
52,Male,Assault,Secondary,98,13,3,0,54.7
46,Male,Assault,Literate,97,9,1,0,56.2
50,Male,Fraud,Primary,50,3,0,0,26.3
43,Female,Robbery,Bachelor's,72,4,1,0,31.3
21,Male,Vandalism,Primary,30,6,2,0,41.1
58,Male,Assault,Preparatory,61,8,3,1,55.1
43,Male,Drug Offense,Secondary,75,8,0,1,44.9
48,Male,Fraud,Illiterate,42,6,1,1,43.2
56,Male,Weapons Offense,Secondary,32,12,5,2,71.9
23,Male,Theft,Preparatory,47,9,3,1,58.8
48,Male,Public Order,Literate,17,8,3,2,49.7
28,Male,Burglary,Secondary,16,18,8,6,100.0
55,Male,Drug Offense,Illiterate,35,5,0,1,42.9
29,Male,Kidnapping,Illiterate,170,8,2,2,80.1
32,Male,Theft,Preparatory,19,11,3,2,62.8
59,Male,Fraud,Secondary,56,8,1,2,34.5
64,Female,Arson,Bachelor's,56,8,2,1,41.6
46,Male,Assault,Secondary,46,10,1,3,61.4
36,Male,Assault,Secondary,111,7,2,1,50.4
47,Female,Theft,Primary,29,5,1,0,29.1
43,Male,Assault,Secondary,119,8,3,2,58.6
34,Male,Theft,Secondary,10,8,1,2,50.6
31,Male,Drug Offense,Preparatory,33,11,3,2,70.3
30,Male,Theft,Secondary,23,17,0,2,53.5
64,Male,Cybercrime,Bachelor's,7,12,1,1,32.1
52,Male,Vandalism,Preparatory,4,3,0,0,16.5
56,Male,Assault,Illiterate,34,10,2,2,63.9
28,Female,Burglary,Secondary,57,12,5,2,63.4
53,Male,Assault,Illiterate,46,12,3,3,80.8
42,Male,Sexual Offense,Secondary,122,11,1,0,55.4
56,Male,Robbery,Literate,134,9,3,0,57.8
50,Male,Robbery,Preparatory,59,8,3,0,43.7
52,Male,Weapons Offense,Primary,36,9,3,0,52.2
28,Male,Sexual Offense,Illiterate,163,10,0,1,75.9
33,Male,Murder,Illiterate,260,19,5,1,100.0
50,Male,Theft,Primary,42,8,2,1,46.2
43,Male,Assault,Secondary,83,8,1,1,46.4
50,Male,Burglary,Illiterate,22,7,2,1,49.0
56,Male,Theft,Secondary,33,6,2,0,24.2
40,Male,Assault,Bachelor's,111,7,2,0,47.5
52,Female,Burglary,Literate,59,14,2,1,54.7
59,Male,Drug Offense,Preparatory,84,11,0,2,49.4
57,Male,Public Order,Secondary,11,15,4,1,45.5
22,Male,Theft,Secondary,20,14,4,1,57.9
57,Male,Fraud,Secondary,55,6,2,0,27.2
23,Female,Robbery,Preparatory,87,5,1,0,38.5
52,Male,Drug Offense,Secondary,86,6,2,0,35.4
31,Male,Theft,Bachelor's,6,13,4,4,68.2
47,Male,Burglary,Preparatory,64,8,1,1,43.6
56,Male,Burglary,Bachelor's,68,12,3,1,48.2
39,Male,Sexual Offense,Secondary,108,15,1,5,92.8
26,Female,Robbery,Primary,127,8,2,1,56.1
25,Male,Cybercrime,Primary,36,9,0,0,33.3
28,Male,Cybercrime,Secondary,42,20,2,7,91.3
41,Female,Drug Offense,Primary,13,10,0,3,62.8
46,Male,Murder,Primary,399,12,1,0,73.8
48,Female,Theft,Secondary,31,13,5,4,67.9
60,Male,Burglary,Illiterate,40,17,1,4,82.5
38,Female,Fraud,Secondary,63,8,2,1,49.3
45,Male,Arson,Secondary,74,12,2,1,55.4
18,Male,Murder,Bachelor's,199,12,0,2,71.9
47,Male,Sexual Offense,Literate,124,16,4,0,82.8
49,Male,Assault,Primary,32,12,5,3,82.2
36,Male,Arson,Primary,39,11,1,2,63.8
61,Male,Drug Offense,Bachelor's,90,10,3,0,38.4
41,Male,Theft,Bachelor's,36,7,1,1,31.1
35,Male,Theft,Secondary,39,12,5,2,62.2
29,Male,Assault,Bachelor's,115,8,2,1,53.7
43,Male,Theft,Bachelor's,17,8,3,2,48.1
40,Female,Theft,Preparatory,22,15,6,4,80.0
50,Male,Burglary,Secondary,71,8,3,2,42.9
52,Male,Fraud,Primary,16,14,2,3,62.3
48,Male,Weapons Offense,Bachelor's,53,8,3,0,43.0
39,Male,Theft,Preparatory,15,8,3,1,43.3
23,Male,Assault,Bachelor's,28,11,1,3,66.5
52,Male,Robbery,Preparatory,118,9,3,1,58.2
22,Male,Burglary,Secondary,37,11,0,1,51.0
24,Male,Assault,Illiterate,92,10,3,0,73.8
63,Male,Assault,Postgraduate education,88,11,4,3,62.3
38,Male,Assault,Secondary,85,13,5,3,78.4
52,Female,Vandalism,Preparatory,29,14,1,3,55.1
50,Male,Drug Offense,Primary,25,9,3,1,47.6
54,Male,Arson,Preparatory,93,13,3,1,57.1
36,Male,Sexual Offense,Primary,142,16,4,1,77.3
23,Male,Assault,Preparatory,65,8,0,2,63.6
36,Male,Robbery,Preparatory,123,13,0,2,70.0
47,Male,Theft,Secondary,24,7,0,0,16.8
65,Male,Sexual Offense,Secondary,175,12,2,0,55.1
52,Male,Cybercrime,Primary,52,10,1,2,45.6
32,Female,Vandalism,Secondary,22,14,0,3,57.5
23,Female,Theft,Bachelor's,30,8,2,0,46.3
41,Male,Assault,Bachelor's,106,12,4,0,58.7
40,Male,Public Order,Literate,13,6,0,1,33.5
57,Male,Theft,Illiterate,26,10,4,0,48.6
26,Male,Vandalism,Literate,5,8,1,0,45.5
53,Male,Fraud,Secondary,66,8,1,1,38.4
64,Male,Robbery,Secondary,88,9,2,1,46.7
20,Male,Drug Offense,Secondary,84,8,3,1,54.9
30,Male,Burglary,Primary,56,12,5,2,65.5
52,Male,Assault,Secondary,52,17,7,4,93.9
32,Male,Robbery,Primary,55,8,0,2,57.1
40,Male,Assault,Bachelor's,111,5,0,0,33.8
28,Male,Weapons Offense,Secondary,25,15,3,4,86.9
43,Male,Robbery,Primary,114,13,3,1,65.3
46,Female,Arson,Illiterate,38,8,3,1,67.7
19,Male,Assault,Illiterate,29,9,1,0,64.4
19,Male,Burglary,Preparatory,38,10,0,3,69.5
23,Male,Theft,Secondary,28,8,0,1,39.2
34,Male,Drug Offense,Secondary,20,8,0,0,36.8
43,Female,Theft,Preparatory,34,11,2,2,50.2
44,Male,Theft,Secondary,21,17,2,5,73.1
28,Male,Arson,Literate,109,13,3,1,72.3
25,Male,Burglary,Primary,32,5,0,1,40.4
55,Female,Theft,Preparatory,40,19,2,6,85.4
47,Male,Kidnapping,Bachelor's,216,10,0,2,55.1
28,Male,Drug Offense,Secondary,39,11,3,3,63.5
51,Male,Vandalism,Illiterate,33,9,2,0,38.3
61,Male,Assault,Secondary,61,13,0,4,63.7
37,Male,Assault,Primary,95,8,0,2,58.3
42,Male,Theft,Secondary,3,8,0,1,25.6
47,Male,Vandalism,Primary,11,15,2,2,55.6
31,Male,Vandalism,Bachelor's,17,11,3,2,53.2
35,Male,Fraud,Literate,74,16,5,3,82.4
36,Male,Theft,Secondary,43,10,2,3,45.1
32,Male,Theft,Literate,20,14,4,1,62.5
53,Male,Fraud,Preparatory,83,9,2,0,36.5
29,Female,Burglary,Secondary,55,11,1,1,46.5
30,Female,Theft,Preparatory,5,11,4,3,70.7
28,Male,Robbery,Secondary,143,11,1,3,74.8
44,Male,Fraud,Bachelor's,14,10,4,3,57.3
22,Male,Drug Offense,Secondary,84,7,2,0,47.1
23,Male,Drug Offense,Secondary,56,8,0,0,47.7
26,Male,Cybercrime,Primary,29,11,4,3,73.2
33,Female,Theft,Secondary,26,14,5,1,60.3
35,Male,Assault,Primary,103,4,1,0,41.4
36,Female,Fraud,Secondary,84,10,3,2,51.6
24,Male,Theft,Bachelor's,3,12,0,2,47.9
26,Male,Arson,Preparatory,96,7,2,0,48.9
18,Male,Theft,Bachelor's,43,15,6,4,83.3
45,Male,Robbery,Literate,54,13,4,2,80.5
24,Male,Theft,Primary,37,11,2,2,61.2
49,Male,Fraud,Illiterate,19,12,0,1,52.5
51,Male,Assault,Primary,68,16,4,4,94.4
61,Female,Sexual Offense,Bachelor's,228,10,2,0,56.6
42,Male,Burglary,Secondary,72,5,1,0,27.9
65,Male,Vandalism,Primary,9,15,0,2,49.4
47,Male,Fraud,Bachelor's,75,10,2,1,44.3
31,Male,Theft,Primary,44,7,0,0,39.4
44,Male,Vandalism,Preparatory,3,10,1,0,34.8
42,Male,Assault,Preparatory,115,11,2,2,63.4
33,Male,Assault,Secondary,117,10,2,3,68.2
30,Female,Drug Offense,Secondary,96,11,1,3,71.4
39,Male,Cybercrime,Secondary,9,9,3,1,38.6
37,Male,Theft,Primary,15,8,0,2,48.2
62,Male,Weapons Offense,Preparatory,83,17,4,4,84.2
33,Female,Fraud,Primary,32,12,2,1,60.0
47,Male,Robbery,Secondary,55,8,0,0,39.1
62,Male,Arson,Literate,52,8,2,2,61.4
39,Male,Cybercrime,Primary,39,7,1,1,42.3
31,Male,Weapons Offense,Secondary,41,12,1,0,52.1
32,Male,Theft,Bachelor's,29,5,0,1,22.2
34,Male,Fraud,Secondary,15,9,1,2,39.9
33,Male,Vandalism,Postgraduate education,21,6,0,1,28.0
23,Male,Sexual Offense,Illiterate,222,11,3,2,92.5
24,Male,Vandalism,Literate,4,9,0,1,55.3
35,Male,Burglary,Illiterate,60,10,0,2,60.4
20,Male,Theft,Secondary,18,7,2,0,36.2
34,Male,Murder,Preparatory,190,11,2,1,79.2
21,Male,Weapons Offense,Bachelor's,75,11,2,3,75.2
50,Male,Assault,Preparatory,90,8,0,2,49.0
60,Male,Burglary,Primary,41,9,3,1,49.4
46,Male,Fraud,Primary,67,9,1,2,54.9
36,Male,Theft,Literate,34,10,4,3,70.9
39,Male,Drug Offense,Literate,58,9,0,2,58.9
26,Male,Vandalism,Primary,20,14,6,3,82.0
26,Male,Arson,Literate,90,8,0,1,58.7
42,Male,Public Order,Primary,7,17,5,5,86.2
50,Male,Public Order,Secondary,15,8,3,2,35.2
22,Male,Burglary,Illiterate,70,7,0,1,50.6
62,Male,Robbery,Bachelor's,93,11,0,1,45.5
57,Male,Burglary,Illiterate,49,11,1,3,63.9
33,Male,Sexual Offense,Primary,133,8,2,1,67.4
32,Female,Weapons Offense,Primary,68,12,1,0,55.0
31,Male,Assault,Secondary,85,9,3,1,64.9
47,Male,Burglary,Bachelor's,57,12,3,1,46.8
45,Male,Assault,Preparatory,82,14,5,4,88.6
45,Female,Robbery,Secondary,137,15,5,0,66.1
42,Male,Weapons Offense,Secondary,32,10,2,3,66.4
40,Male,Cybercrime,Secondary,20,10,1,0,35.9
58,Male,Burglary,Preparatory,44,8,0,1,44.7
38,Female,Weapons Offense,Bachelor's,63,8,1,0,32.8
58,Male,Weapons Offense,Preparatory,49,9,0,2,48.1
44,Male,Fraud,Secondary,70,5,0,1,32.4
38,Male,Fraud,Illiterate,56,11,1,0,46.9
40,Male,Theft,Preparatory,22,16,3,4,74.4
56,Male,Theft,Preparatory,41,10,2,2,46.5
42,Female,Theft,Secondary,41,6,1,1,24.8
19,Male,Theft,Preparatory,11,15,6,3,80.6
55,Male,Theft,Illiterate,14,9,0,0,27.8
44,Male,Drug Offense,Primary,63,16,1,4,77.2
28,Male,Robbery,Illiterate,42,8,2,1,71.0
41,Male,Public Order,Secondary,13,7,2,1,39.6
57,Male,Assault,Secondary,67,8,3,2,55.1
35,Male,Arson,Bachelor's,106,5,0,1,39.7
26,Male,Arson,Secondary,74,8,2,1,60.3
63,Male,Murder,Illiterate,247,9,1,2,85.7
60,Male,Assault,Literate,113,9,3,0,57.7
48,Male,Theft,Bachelor's,26,4,0,0,19.7
57,Male,Theft,Primary,5,9,1,1,44.2
30,Male,Assault,Secondary,105,11,3,1,63.8
21,Male,Sexual Offense,Bachelor's,148,11,1,3,71.6
23,Male,Arson,Illiterate,43,6,2,0,59.0
59,Male,Vandalism,Preparatory,7,12,0,3,47.4
22,Male,Fraud,Bachelor's,70,8,0,0,37.9
19,Male,Murder,Preparatory,287,12,3,0,84.1
40,Male,Robbery,Bachelor's,82,14,2,1,48.1
57,Male,Murder,Primary,228,9,3,1,73.0
27,Male,Weapons Offense,Illiterate,87,4,1,0,42.5
30,Male,Theft,Primary,4,8,0,1,42.6
39,Male,Theft,Bachelor's,29,8,0,1,30.2
34,Male,Assault,Secondary,111,20,8,2,92.0
42,Male,Drug Offense,Primary,64,12,3,1,61.6
53,Male,Burglary,Primary,33,7,0,0,33.5
32,Male,Robbery,Secondary,135,7,1,0,46.2
47,Male,Vandalism,Secondary,31,12,3,0,40.7
52,Male,Sexual Offense,Primary,228,12,0,0,62.2
35,Male,Robbery,Literate,56,9,1,1,57.1
46,Male,Public Order,Secondary,5,12,1,3,45.5
24,Male,Theft,Secondary,34,8,2,0,49.7
26,Male,Assault,Primary,117,10,0,1,58.3
64,Male,Burglary,Primary,68,10,1,2,56.6
25,Male,Murder,Preparatory,430,15,0,3,99.4
37,Male,Theft,Bachelor's,38,19,3,6,83.5
30,Male,Burglary,Primary,24,11,0,0,48.0
64,Male,Theft,Secondary,19,10,1,2,40.8
28,Male,Cybercrime,Postgraduate education,23,4,1,0,23.3
29,Male,Assault,Primary,50,11,0,2,68.6
62,Male,Vandalism,Literate,22,9,2,2,54.6
51,Male,Drug Offense,Preparatory,95,7,2,1,44.2
59,Male,Weapons Offense,Literate,66,18,1,6,92.4
32,Male,Burglary,Postgraduate education,40,12,0,2,51.8
46,Male,Fraud,Secondary,36,8,2,0,32.6
32,Male,Assault,Literate,85,8,0,2,56.1
18,Male,Cybercrime,Bachelor's,51,9,1,0,37.6
49,Male,Theft,Primary,8,9,2,1,39.5
61,Female,Drug Offense,Postgraduate education,17,11,3,3,54.9
20,Male,Theft,Literate,45,8,0,1,53.7
35,Male,Weapons Offense,Illiterate,52,7,1,1,50.1
61,Male,Assault,Primary,62,12,5,1,75.4
41,Female,Vandalism,Primary,5,7,2,1,41.9
21,Male,Robbery,Secondary,66,17,4,1,72.7
52,Male,Fraud,Secondary,36,10,4,1,46.0
44,Female,Assault,Secondary,62,9,2,2,66.5
57,Male,Murder,Secondary,344,9,3,1,62.4
62,Male,Burglary,Secondary,31,13,5,4,72.5
36,Male,Sexual Offense,Primary,137,9,2,1,64.7
56,Male,Assault,Preparatory,64,10,1,1,40.2
55,Male,Cybercrime,Secondary,11,7,0,0,22.5
50,Male,Assault,Preparatory,74,13,3,2,72.2
44,Male,Burglary,Primary,62,7,1,1,43.1
50,Male,Drug Offense,Illiterate,45,17,1,1,65.3
64,Male,Assault,Primary,83,8,1,1,47.4
47,Male,Fraud,Postgraduate education,26,12,1,1,31.7
22,Female,Weapons Offense,Primary,28,10,3,1,69.1
45,Male,Robbery,Preparatory,81,9,3,0,56.2
24,Female,Weapons Offense,Preparatory,59,10,1,3,74.7
56,Female,Assault,Secondary,68,12,0,1,43.5
24,Male,Burglary,Bachelor's,38,8,3,0,44.9
28,Male,Burglary,Primary,50,8,0,2,47.8
38,Male,Robbery,Primary,104,10,4,3,77.2
27,Male,Public Order,Primary,2,9,3,0,43.8
56,Male,Robbery,Preparatory,79,15,3,0,60.0
54,Male,Fraud,Secondary,58,10,3,2,51.0
60,Male,Theft,Primary,38,18,0,1,50.3
61,Male,Arson,Primary,48,8,1,2,49.5
37,Male,Vandalism,Bachelor's,16,8,0,2,29.0
50,Male,Fraud,Literate,24,10,3,3,64.1
36,Male,Burglary,Preparatory,25,14,3,1,51.5
39,Male,Drug Offense,Secondary,78,5,0,0,33.0
32,Male,Kidnapping,Secondary,296,8,3,0,55.2
60,Male,Assault,Primary,57,8,2,2,55.1
46,Male,Assault,Preparatory,81,15,3,4,86.4
30,Male,Assault,Preparatory,36,12,4,2,75.1
43,Male,Burglary,Literate,47,8,3,2,56.9
27,Male,Drug Offense,Bachelor's,22,9,1,1,39.9
50,Male,Assault,Illiterate,38,5,1,1,41.2
39,Male,Murder,Secondary,317,10,0,1,68.9
19,Male,Robbery,Secondary,110,8,1,1,56.2
55,Male,Sexual Offense,Secondary,232,15,4,4,88.3
58,Male,Vandalism,Bachelor's,33,10,2,1,34.6
36,Male,Theft,Literate,31,8,0,1,41.0
37,Male,Fraud,Postgraduate education,33,11,3,2,45.2
51,Male,Vandalism,Bachelor's,35,12,0,1,30.2
54,Male,Weapons Offense,Secondary,27,10,1,3,60.0
53,Male,Kidnapping,Primary,294,9,2,0,63.4
35,Male,Theft,Secondary,10,11,0,3,46.4
20,Male,Drug Offense,Secondary,34,12,0,0,43.6
34,Male,Vandalism,Literate,12,5,0,0,33.0
52,Male,Burglary,Secondary,48,18,3,1,59.4
64,Male,Drug Offense,Bachelor's,63,6,1,1,41.7
32,Male,Robbery,Preparatory,37,5,0,0,40.5
53,Male,Assault,Illiterate,110,13,4,3,79.5
26,Male,Fraud,Secondary,14,7,0,1,39.5
31,Male,Drug Offense,Bachelor's,61,13,0,3,61.2
35,Male,Drug Offense,Literate,58,15,5,2,82.2
54,Male,Robbery,Preparatory,98,16,4,0,68.4
43,Female,Drug Offense,Preparatory,65,8,3,0,48.9
36,Female,Public Order,Secondary,10,12,4,1,39.7
22,Female,Theft,Primary,39,6,1,0,44.0
42,Male,Drug Offense,Secondary,75,19,8,6,100.0
20,Male,Theft,Literate,24,11,3,2,63.1
26,Male,Sexual Offense,Secondary,193,11,1,1,61.9
23,Male,Vandalism,Postgraduate education,33,8,3,2,45.2
21,Male,Assault,Bachelor's,79,6,2,0,43.4
28,Male,Assault,Preparatory,71,14,1,4,86.2
37,Male,Public Order,Secondary,2,7,2,0,23.0
54,Male,Fraud,Primary,47,13,3,1,55.1
50,Male,Vandalism,Preparatory,25,2,0,0,10.5
43,Male,Theft,Secondary,35,10,0,2,49.5
39,Male,Arson,Preparatory,92,19,0,5,97.3
51,Male,Burglary,Literate,51,9,3,0,41.4
46,Male,Vandalism,Secondary,5,10,3,1,45.6
32,Male,Weapons Offense,Bachelor's,96,9,2,1,55.9
31,Male,Kidnapping,Primary,258,12,1,1,77.8
62,Male,Public Order,Secondary,24,6,0,1,23.3
46,Female,Vandalism,Primary,11,10,1,3,61.5
65,Male,Fraud,Primary,79,20,6,6,100.0
18,Male,Assault,Preparatory,94,7,0,1,59.1
45,Male,Cybercrime,Illiterate,24,11,4,1,57.3
43,Male,Sexual Offense,Illiterate,201,9,2,1,70.9
39,Male,Fraud,Preparatory,40,12,1,0,43.6
62,Male,Arson,Preparatory,106,11,4,0,52.8
60,Male,Burglary,Secondary,62,10,1,2,35.3
60,Male,Cybercrime,Primary,9,9,3,0,43.7
36,Female,Burglary,Illiterate,43,9,3,0,50.1
56,Male,Public Order,Secondary,6,7,0,0,15.7
19,Male,Assault,Secondary,115,12,3,0,63.3
65,Male,Sexual Offense,Bachelor's,119,12,5,3,77.6
29,Male,Robbery,Preparatory,125,14,0,4,77.3
54,Male,Kidnapping,Secondary,281,12,4,3,79.0
48,Male,Fraud,Illiterate,34,9,1,2,56.1
56,Male,Vandalism,Secondary,12,10,2,3,49.9
19,Male,Burglary,Illiterate,30,9,1,1,63.5
38,Female,Cybercrime,Secondary,48,8,0,0,28.2
53,Female,Theft,Secondary,33,14,4,3,60.1
63,Male,Drug Offense,Bachelor's,22,7,2,1,42.2
32,Male,Assault,Primary,76,11,4,3,93.1
55,Male,Robbery,Primary,143,16,0,1,66.2
27,Male,Murder,Illiterate,460,10,3,2,100.0
18,Male,Sexual Offense,Primary,159,9,3,0,75.3
53,Male,Burglary,Preparatory,41,10,0,1,39.5
65,Male,Public Order,Bachelor's,13,3,0,0,15.0
22,Male,Weapons Offense,Primary,76,4,0,0,47.2
22,Male,Cybercrime,Bachelor's,32,13,2,0,46.3
23,Female,Sexual Offense,Preparatory,225,13,0,1,79.5
25,Male,Theft,Secondary,42,12,3,1,56.0
56,Male,Cybercrime,Secondary,56,9,2,1,35.2
55,Male,Weapons Offense,Illiterate,86,4,1,0,39.8
65,Male,Sexual Offense,Bachelor's,229,9,1,0,50.1
55,Male,Drug Offense,Illiterate,16,9,0,0,34.2
61,Male,Vandalism,Secondary,3,14,4,2,53.5
48,Male,Theft,Secondary,44,11,3,3,57.7
61,Female,Assault,Postgraduate education,80,12,5,2,55.8
51,Male,Theft,Secondary,22,6,2,1,33.6
35,Male,Assault,Preparatory,63,8,3,2,56.7
35,Male,Robbery,Preparatory,53,7,0,0,32.4
35,Male,Robbery,Secondary,100,5,1,1,38.9
39,Male,Assault,Preparatory,43,6,0,0,44.7
31,Male,Assault,Secondary,34,9,3,0,52.8
21,Male,Fraud,Bachelor's,23,13,2,4,70.6
18,Male,Burglary,Secondary,61,9,3,0,54.9
54,Male,Burglary,Bachelor's,31,10,3,0,30.4
23,Male,Kidnapping,Literate,197,5,0,1,65.6
27,Male,Robbery,Secondary,62,8,1,2,62.3
24,Male,Fraud,Literate,83,8,2,2,60.2
36,Male,Theft,Secondary,32,11,1,0,28.3
45,Male,Weapons Offense,Secondary,35,3,0,0,30.1
62,Male,Assault,Preparatory,113,10,2,3,61.4
29,Male,Fraud,Secondary,14,9,1,1,42.4
37,Male,Murder,Preparatory,459,8,2,0,69.8
58,Male,Weapons Offense,Secondary,63,9,2,2,54.2
22,Male,Theft,Secondary,12,8,3,1,52.5
40,Female,Drug Offense,Primary,61,14,1,3,73.4
40,Male,Assault,Secondary,65,14,5,0,67.5
25,Male,Theft,Secondary,35,6,2,0,29.1
50,Male,Theft,Secondary,29,8,1,2,34.3
19,Male,Robbery,Secondary,83,12,2,1,66.7
20,Male,Drug Offense,Secondary,54,11,3,0,56.0
60,Female,Assault,Bachelor's,57,17,4,5,88.4
26,Male,Arson,Preparatory,38,11,1,3,67.8
51,Male,Murder,Bachelor's,349,9,2,0,53.6
26,Male,Burglary,Bachelor's,45,9,2,0,34.2
34,Male,Burglary,Secondary,32,8,2,1,52.1
53,Male,Cybercrime,Secondary,10,7,0,0,25.1
21,Male,Kidnapping,Illiterate,156,9,0,0,61.5
33,Male,Robbery,Literate,78,9,2,1,62.4
19,Male,Assault,Secondary,118,9,0,0,54.1
41,Male,Theft,Preparatory,36,7,1,1,28.0
30,Male,Public Order,Bachelor's,9,11,3,0,43.0
24,Male,Robbery,Primary,71,12,1,1,63.8
32,Male,Robbery,Bachelor's,127,9,0,0,47.4
59,Male,Murder,Bachelor's,357,9,1,2,67.0
60,Male,Sexual Offense,Secondary,171,11,4,0,63.2
64,Male,Public Order,Illiterate,1,9,0,0,30.1
31,Female,Theft,Secondary,47,14,3,1,47.1
39,Male,Theft,Literate,45,10,4,3,66.8
50,Female,Burglary,Illiterate,67,6,2,1,42.7
45,Male,Theft,Bachelor's,37,8,3,2,43.4
60,Male,Kidnapping,Secondary,190,11,4,2,64.2
57,Male,Murder,Bachelor's,308,15,0,1,66.3
33,Male,Burglary,Primary,23,10,2,3,62.9
57,Female,Sexual Offense,Preparatory,186,10,1,1,66.3
39,Male,Murder,Bachelor's,210,12,4,0,68.0
28,Female,Theft,Preparatory,26,12,0,2,45.0
30,Male,Robbery,Preparatory,140,13,2,0,62.0
61,Male,Cybercrime,Literate,44,15,4,3,70.8
41,Male,Vandalism,Bachelor's,20,11,0,0,14.4
43,Male,Murder,Secondary,230,10,0,0,52.6
34,Male,Drug Offense,Illiterate,45,14,4,0,67.9
20,Male,Murder,Preparatory,295,11,2,2,89.6
35,Male,Assault,Preparatory,33,11,1,3,71.7
61,Male,Drug Offense,Illiterate,15,15,4,4,85.3
53,Male,Kidnapping,Secondary,232,9,2,0,52.0
33,Male,Drug Offense,Secondary,37,10,4,1,57.9
29,Male,Fraud,Secondary,42,9,0,0,29.0
57,Male,Cybercrime,Primary,12,3,0,0,19.7
49,Female,Theft,Postgraduate education,37,10,4,3,49.5
42,Male,Burglary,Secondary,28,18,0,5,82.7
19,Female,Drug Offense,Illiterate,29,5,0,1,51.0
38,Male,Assault,Secondary,93,7,1,1,46.6
23,Male,Fraud,Secondary,35,11,1,1,57.3
27,Male,Public Order,Primary,22,6,1,0,30.9
51,Male,Fraud,Secondary,78,12,3,2,53.6
64,Male,Theft,Primary,8,11,1,0,35.3
58,Male,Drug Offense,Secondary,32,7,1,0,29.5
45,Male,Theft,Primary,11,14,3,3,75.0
52,Male,Robbery,Preparatory,65,18,6,3,86.0
63,Male,Robbery,Preparatory,111,8,3,1,51.8
29,Male,Drug Offense,Secondary,37,14,6,1,75.0
57,Male,Vandalism,Illiterate,26,8,2,0,34.6
23,Male,Vandalism,Secondary,32,6,2,0,40.8
18,Male,Vandalism,Bachelor's,15,20,3,2,66.3
65,Male,Theft,Primary,42,12,4,0,47.3
35,Male,Fraud,Secondary,77,7,1,0,37.2
27,Male,Assault,Primary,52,9,0,1,54.1
33,Male,Weapons Offense,Primary,57,6,0,1,51.4
58,Female,Theft,Illiterate,4,11,1,2,52.4
21,Male,Vandalism,Secondary,17,10,2,0,40.8
56,Male,Theft,Primary,34,14,4,3,70.0
40,Male,Murder,Preparatory,403,8,3,2,82.6
28,Male,Fraud,Primary,76,7,0,0,43.1
37,Male,Weapons Offense,Primary,31,6,0,1,42.3
39,Male,Weapons Offense,Bachelor's,85,5,1,1,42.4
39,Female,Theft,Preparatory,17,10,0,2,35.0
53,Male,Drug Offense,Secondary,62,12,5,0,50.7
23,Male,Assault,Illiterate,65,9,3,1,66.4
61,Male,Vandalism,Illiterate,17,11,1,3,57.8
27,Female,Theft,Preparatory,25,8,0,0,32.3
39,Male,Assault,Preparatory,90,2,0,0,32.3
44,Male,Weapons Offense,Secondary,93,2,0,0,31.0
46,Male,Burglary,Bachelor's,24,10,0,3,48.6
51,Male,Theft,Literate,6,4,1,0,28.2
37,Male,Burglary,Bachelor's,42,13,0,2,48.8
62,Male,Theft,Primary,38,11,3,1,50.5
38,Male,Robbery,Secondary,42,10,3,0,55.7
28,Male,Sexual Offense,Literate,225,8,2,0,71.2
24,Male,Drug Offense,Secondary,15,7,1,1,51.5
38,Male,Vandalism,Primary,36,15,0,1,49.1
51,Male,Assault,Preparatory,58,8,0,0,44.2
55,Male,Murder,Secondary,434,11,3,1,67.7
23,Male,Weapons Offense,Secondary,32,6,0,1,46.7
64,Male,Cybercrime,Primary,8,15,2,2,60.5
44,Male,Theft,Primary,29,16,7,4,89.9
24,Male,Fraud,Preparatory,43,13,1,3,72.2
48,Male,Cybercrime,Primary,28,8,2,0,36.7
62,Male,Robbery,Secondary,69,14,1,0,41.3
25,Male,Drug Offense,Preparatory,70,6,2,0,51.4
60,Male,Murder,Secondary,308,6,0,0,51.1
54,Male,Arson,Secondary,60,13,1,1,46.6
57,Male,Fraud,Literate,58,18,4,1,70.6
62,Male,Burglary,Secondary,44,6,1,1,28.8
29,Male,Assault,Primary,81,12,4,3,89.3
35,Male,Fraud,Bachelor's,31,11,0,1,40.6
41,Male,Assault,Primary,53,7,2,1,56.1
48,Male,Vandalism,Preparatory,15,11,4,0,44.2
41,Male,Burglary,Literate,18,13,3,3,66.5
36,Male,Theft,Illiterate,6,8,1,0,36.2
56,Female,Assault,Secondary,56,8,3,2,55.2
28,Male,Cybercrime,Bachelor's,31,13,1,3,60.6
31,Male,Theft,Literate,25,6,1,1,47.7
62,Male,Public Order,Primary,9,7,0,0,25.0
61,Male,Burglary,Preparatory,26,12,5,3,62.5
38,Female,Theft,Illiterate,18,15,3,3,84.9
37,Male,Weapons Offense,Preparatory,82,9,2,0,46.1
35,Male,Drug Offense,Secondary,86,11,1,0,45.9
31,Male,Weapons Offense,Secondary,74,9,1,1,53.0
35,Male,Vandalism,Bachelor's,26,16,6,5,79.4
32,Male,Vandalism,Primary,27,7,0,0,35.8
28,Male,Kidnapping,Primary,300,12,0,1,69.5
44,Male,Fraud,Bachelor's,79,8,0,0,23.1
52,Male,Drug Offense,Literate,64,15,2,3,76.1
65,Male,Theft,Preparatory,40,9,3,0,34.1
23,Male,Assault,Primary,42,9,0,2,58.1
25,Male,Drug Offense,Secondary,69,8,3,1,46.7
40,Male,Vandalism,Primary,34,19,3,4,81.9
48,Male,Theft,Primary,17,11,1,3,62.6
32,Female,Assault,Secondary,99,14,0,0,53.3
47,Male,Sexual Offense,Literate,198,13,5,0,68.4
27,Male,Robbery,Secondary,120,8,2,0,53.7
21,Male,Burglary,Illiterate,41,10,3,3,80.2
55,Male,Weapons Offense,Primary,51,11,3,0,47.7
58,Male,Sexual Offense,Secondary,115,7,2,1,52.1
48,Male,Arson,Secondary,82,11,1,3,63.3
44,Male,Burglary,Literate,72,14,3,2,68.1
47,Male,Arson,Secondary,54,5,1,1,44.7
42,Male,Cybercrime,Preparatory,34,10,3,0,41.5
32,Male,Drug Offense,Bachelor's,57,8,1,2,47.6
61,Male,Drug Offense,Preparatory,50,10,3,2,61.1
37,Male,Fraud,Primary,12,10,3,2,59.7
20,Male,Assault,Secondary,82,11,0,2,65.0
60,Male,Drug Offense,Secondary,94,10,1,0,45.9
43,Male,Weapons Offense,Secondary,73,8,1,0,41.6
44,Male,Weapons Offense,Secondary,29,6,2,0,42.3
52,Male,Cybercrime,Literate,31,5,0,1,40.5
52,Female,Fraud,Secondary,66,14,1,0,49.8
64,Male,Assault,Preparatory,103,11,3,0,57.5
42,Male,Cybercrime,Literate,21,7,1,0,37.7
43,Male,Vandalism,Preparatory,26,10,0,1,34.6
18,Male,Drug Offense,Primary,37,9,1,2,68.8
50,Male,Assault,Illiterate,32,4,1,0,44.7
47,Male,Theft,Secondary,11,9,0,0,23.4
18,Male,Cybercrime,Preparatory,6,19,7,2,81.2
49,Male,Drug Offense,Secondary,76,9,2,0,40.4
64,Male,Drug Offense,Literate,78,8,0,0,43.9
29,Male,Sexual Offense,Preparatory,162,15,5,3,93.9
20,Female,Murder,Illiterate,467,11,4,2,100.0
19,Male,Weapons Offense,Literate,62,11,3,1,77.0
36,Male,Assault,Postgraduate education,76,12,4,0,56.1
38,Male,Sexual Offense,Primary,206,2,0,0,49.1
43,Male,Burglary,Preparatory,43,10,2,3,62.3
21,Male,Burglary,Secondary,24,8,1,2,44.5
30,Male,Burglary,Postgraduate education,55,6,2,0,26.3
64,Male,Theft,Secondary,10,10,0,1,32.6
29,Male,Cybercrime,Illiterate,31,13,0,3,65.7
34,Male,Fraud,Preparatory,49,13,3,3,67.6
28,Male,Vandalism,Secondary,19,10,4,3,56.6
21,Male,Drug Offense,Bachelor's,15,15,0,3,63.9
64,Male,Robbery,Preparatory,42,5,0,1,38.2
57,Male,Robbery,Bachelor's,124,10,0,0,38.3
38,Male,Murder,Preparatory,308,9,0,0,58.7
48,Male,Drug Offense,Bachelor's,66,13,1,1,40.5
44,Male,Assault,Bachelor's,38,9,0,2,48.5
64,Female,Theft,Illiterate,31,12,4,2,62.5
54,Male,Fraud,Bachelor's,17,17,6,0,54.9
21,Male,Theft,Secondary,18,14,5,1,65.3
62,Male,Robbery,Literate,101,8,3,2,64.1
28,Male,Fraud,Primary,15,14,5,3,76.4
56,Male,Burglary,Primary,33,12,2,3,59.3
59,Male,Burglary,Secondary,21,9,2,2,47.1
65,Female,Theft,Preparatory,44,8,3,2,48.2
19,Male,Theft,Bachelor's,39,3,0,0,15.3
43,Male,Fraud,Primary,52,14,0,2,51.5
24,Male,Fraud,Preparatory,83,10,2,2,67.5
32,Male,Vandalism,Bachelor's,4,13,5,0,47.5
56,Male,Burglary,Literate,71,4,1,0,30.0
57,Male,Fraud,Postgraduate education,31,5,1,1,22.7
21,Female,Drug Offense,Primary,24,6,1,0,49.6
36,Male,Vandalism,Preparatory,22,5,0,0,22.2
33,Male,Assault,Bachelor's,91,6,2,0,38.8
54,Male,Assault,Secondary,98,7,2,1,54.5
19,Male,Murder,Secondary,238,6,2,0,62.7
53,Male,Burglary,Bachelor's,16,8,0,1,26.8
21,Male,Murder,Preparatory,233,10,4,0,71.4
32,Male,Burglary,Secondary,51,11,2,3,70.7
21,Female,Fraud,Preparatory,79,10,2,2,59.4
47,Male,Assault,Illiterate,100,8,0,0,51.6
24,Male,Vandalism,Secondary,33,16,6,1,76.6
57,Male,Robbery,Postgraduate education,105,12,3,0,45.4
65,Male,Theft,Secondary,47,10,0,0,25.0
57,Male,Kidnapping,Primary,166,8,2,1,68.5
54,Male,Public Order,Primary,24,4,0,0,22.1
47,Male,Vandalism,Primary,35,8,3,1,46.6
18,Male,Burglary,Illiterate,54,5,1,0,52.1
30,Male,Weapons Offense,Secondary,77,11,4,2,69.4
64,Male,Weapons Offense,Bachelor's,62,9,0,2,50.9
25,Male,Vandalism,Secondary,16,6,1,1,41.9
27,Female,Theft,Postgraduate education,46,9,2,0,38.0
53,Female,Fraud,Preparatory,36,8,3,2,44.0
32,Male,Assault,Illiterate,53,8,3,1,66.3
37,Male,Cybercrime,Illiterate,24,4,1,0,31.6
46,Male,Fraud,Primary,74,10,2,1,48.3
32,Male,Robbery,Secondary,68,14,2,1,61.3
24,Male,Fraud,Preparatory,36,8,0,1,36.9
23,Male,Burglary,Literate,49,10,4,3,84.6
47,Male,Theft,Postgraduate education,47,5,0,1,26.8
62,Male,Theft,Primary,17,8,2,0,33.5
38,Male,Burglary,Illiterate,61,9,3,1,61.8
39,Female,Assault,Primary,81,10,3,1,69.0
27,Male,Robbery,Preparatory,143,14,0,1,68.6
49,Male,Robbery,Primary,135,9,3,0,52.1
29,Male,Sexual Offense,Illiterate,122,14,6,0,85.1
38,Female,Weapons Offense,Secondary,40,9,2,0,45.2
26,Male,Burglary,Secondary,21,6,2,1,38.9
22,Male,Burglary,Preparatory,28,8,0,2,59.3
60,Male,Sexual Offense,Primary,227,12,5,1,75.1
44,Female,Assault,Secondary,48,12,5,0,65.9
20,Male,Assault,Primary,59,7,0,0,46.8
39,Male,Murder,Bachelor's,406,8,2,2,72.1
61,Male,Theft,Secondary,24,13,3,2,48.6
52,Male,Drug Offense,Primary,60,11,3,2,68.2
20,Male,Theft,Preparatory,15,6,0,1,36.5
64,Male,Assault,Preparatory,77,6,1,1,49.1
41,Male,Public Order,Secondary,5,10,1,0,23.5
51,Male,Public Order,Bachelor's,20,8,3,2,34.8
40,Female,Vandalism,Literate,10,10,0,2,49.2
24,Male,Vandalism,Secondary,16,6,0,0,35.8
23,Male,Theft,Preparatory,28,9,0,2,53.1
48,Male,Drug Offense,Secondary,25,12,1,3,60.3
31,Male,Theft,Bachelor's,11,7,1,1,23.4
56,Male,Assault,Bachelor's,32,8,2,1,38.8
18,Male,Vandalism,Secondary,23,11,4,3,67.4
58,Male,Assault,Preparatory,112,12,3,3,70.4
40,Male,Fraud,Secondary,53,13,5,3,67.4
38,Male,Assault,Primary,89,9,2,1,55.5
58,Male,Vandalism,Preparatory,6,10,0,2,39.0
37,Male,Vandalism,Preparatory,36,10,0,0,34.8
52,Female,Murder,Primary,458,11,1,0,77.2
37,Male,Vandalism,Preparatory,12,14,0,0,37.6
42,Male,Weapons Offense,Secondary,70,12,1,1,48.8
56,Male,Fraud,Secondary,25,9,3,2,39.2
54,Male,Drug Offense,Primary,12,9,2,1,39.3
49,Male,Burglary,Preparatory,69,10,2,1,52.9
50,Female,Robbery,Illiterate,110,8,2,0,55.5
32,Male,Public Order,Secondary,15,11,1,3,58.8
46,Male,Theft,Preparatory,11,7,0,0,23.8
40,Male,Robbery,Secondary,54,16,4,5,97.3
62,Male,Drug Offense,Secondary,30,4,1,0,29.5
41,Male,Burglary,Secondary,45,9,2,2,49.5
53,Male,Robbery,Secondary,124,7,0,1,36.7
19,Male,Theft,Literate,20,8,2,1,50.8
29,Male,Theft,Bachelor's,8,12,2,1,39.7
65,Male,Vandalism,Primary,20,14,4,3,69.4
37,Male,Assault,Primary,42,10,0,3,62.5
61,Male,Fraud,Illiterate,21,6,1,0,32.4
42,Male,Theft,Illiterate,9,11,1,0,43.0
33,Female,Assault,Secondary,119,13,4,1,72.7
49,Male,Weapons Offense,Secondary,66,15,2,1,59.6
24,Male,Drug Offense,Secondary,13,11,0,1,49.2
46,Male,Assault,Illiterate,29,9,0,2,64.0
33,Male,Weapons Offense,Secondary,25,12,2,2,63.7
36,Male,Theft,Literate,31,13,3,3,69.0
53,Male,Assault,Secondary,105,7,2,0,43.0
31,Female,Arson,Primary,44,5,1,0,50.7
35,Male,Vandalism,Illiterate,4,7,2,1,46.3
34,Male,Weapons Offense,Preparatory,79,6,1,0,44.9
52,Female,Assault,Preparatory,73,10,4,1,58.9
36,Male,Drug Offense,Secondary,76,14,4,4,83.9
60,Male,Burglary,Secondary,21,16,2,3,59.5
20,Male,Assault,Illiterate,88,10,1,2,75.3
40,Male,Cybercrime,Bachelor's,48,9,1,0,37.5
56,Male,Assault,Bachelor's,28,11,0,0,30.3
22,Male,Fraud,Bachelor's,72,21,3,5,87.3
21,Male,Sexual Offense,Preparatory,154,13,3,4,97.8
57,Male,Vandalism,Preparatory,17,10,3,0,35.9
23,Male,Drug Offense,Preparatory,32,5,0,0,36.9
39,Male,Assault,Preparatory,46,11,1,1,53.3
33,Male,Robbery,Primary,88,9,2,2,66.8
54,Male,Drug Offense,Primary,69,8,0,1,47.8
61,Male,Burglary,Literate,43,9,3,0,43.2
28,Male,Cybercrime,Secondary,16,13,3,0,41.8
56,Male,Theft,Primary,22,8,0,2,46.4
18,Female,Theft,Preparatory,42,10,3,1,57.0
59,Male,Theft,Preparatory,12,13,2,3,57.5
46,Male,Fraud,Bachelor's,64,8,3,0,32.5
57,Male,Assault,Preparatory,78,7,0,1,40.6
65,Male,Burglary,Postgraduate education,52,14,4,2,54.1
51,Male,Theft,Secondary,38,12,1,1,43.3
21,Male,Cybercrime,Literate,44,11,2,2,65.3
46,Male,Assault,Primary,62,10,4,2,69.4
21,Male,Robbery,Primary,124,15,1,3,84.0
61,Male,Fraud,Preparatory,62,13,4,2,59.5
21,Male,Robbery,Illiterate,128,13,0,4,92.5
19,Male,Robbery,Bachelor's,85,5,1,1,47.3
62,Male,Weapons Offense,Secondary,51,8,1,0,29.8
22,Male,Drug Offense,Preparatory,79,5,1,0,54.9
31,Male,Assault,Preparatory,116,7,0,1,60.4
56,Male,Assault,Secondary,47,10,3,0,44.9
37,Male,Burglary,Primary,42,6,0,1,39.1
50,Male,Sexual Offense,Literate,233,14,5,0,80.2
60,Male,Fraud,Bachelor's,25,11,4,2,47.0
26,Male,Assault,Preparatory,37,10,4,3,84.9
28,Male,Sexual Offense,Secondary,237,11,1,0,62.0
47,Male,Murder,Bachelor's,438,7,1,1,61.9
22,Male,Sexual Offense,Illiterate,237,14,4,4,100.0
25,Male,Assault,Preparatory,35,14,0,4,76.8
64,Male,Weapons Offense,Secondary,84,8,1,1,39.9
30,Male,Vandalism,Bachelor's,35,18,5,3,77.1
35,Male,Theft,Bachelor's,20,11,0,0,24.4
47,Male,Weapons Offense,Primary,74,12,2,2,75.5
57,Male,Vandalism,Secondary,29,8,2,2,37.8
38,Male,Burglary,Primary,19,11,1,3,62.8
40,Male,Assault,Secondary,88,7,2,1,55.3
44,Female,Robbery,Secondary,36,10,1,1,54.2
25,Male,Murder,Postgraduate education,188,9,1,0,55.3
65,Male,Burglary,Preparatory,43,5,0,1,25.9
19,Male,Arson,Secondary,45,16,4,5,96.4
31,Male,Murder,Primary,378,7,0,0,63.3
62,Male,Burglary,Primary,26,12,4,0,50.5
41,Male,Theft,Secondary,4,15,3,0,46.0
37,Male,Vandalism,Secondary,17,13,3,2,61.4
63,Male,Vandalism,Bachelor's,11,7,0,0,10.1
36,Male,Theft,Bachelor's,6,11,4,0,39.4
35,Male,Vandalism,Secondary,4,11,3,0,38.2
64,Male,Fraud,Preparatory,59,14,1,2,51.5
53,Male,Murder,Secondary,313,13,4,2,83.7
31,Male,Public Order,Preparatory,11,11,4,1,54.5
51,Male,Burglary,Literate,35,13,0,3,60.8
49,Male,Theft,Preparatory,27,10,4,3,58.8
43,Female,Vandalism,Literate,14,7,1,1,40.8
51,Female,Theft,Secondary,41,15,1,1,43.1
43,Female,Cybercrime,Bachelor's,43,7,0,0,25.7
60,Male,Vandalism,Preparatory,10,11,0,1,37.0
41,Female,Drug Offense,Secondary,36,10,3,0,54.9
42,Male,Kidnapping,Illiterate,181,11,3,1,75.6
53,Male,Weapons Offense,Preparatory,63,15,0,3,65.7
36,Male,Robbery,Secondary,65,3,0,0,32.0
21,Male,Drug Offense,Preparatory,71,11,4,3,71.8
53,Male,Robbery,Primary,86,8,1,0,42.6
45,Male,Cybercrime,Literate,27,8,1,2,49.3
40,Male,Drug Offense,Bachelor's,12,10,0,2,46.5
56,Female,Robbery,Illiterate,92,11,1,2,72.4
50,Male,Assault,Illiterate,117,7,0,1,56.0
22,Male,Murder,Secondary,375,11,2,1,81.5
24,Male,Robbery,Secondary,65,10,4,0,63.5
19,Male,Weapons Offense,Secondary,43,10,1,0,50.5
47,Male,Kidnapping,Secondary,247,12,4,1,73.5
30,Male,Vandalism,Bachelor's,30,13,3,3,60.3
57,Male,Murder,Preparatory,370,13,4,0,75.8
27,Male,Robbery,Preparatory,86,15,1,2,66.4
38,Male,Weapons Offense,Secondary,58,10,0,3,56.6
30,Male,Assault,Primary,62,14,0,4,81.4
32,Male,Theft,Preparatory,36,15,2,2,59.0
35,Male,Robbery,Preparatory,109,11,2,0,51.2
40,Female,Weapons Offense,Secondary,82,19,6,4,100.0
30,Male,Theft,Secondary,48,10,3,1,48.0
46,Male,Drug Offense,Preparatory,28,11,0,2,51.2
51,Male,Weapons Offense,Illiterate,26,9,0,2,57.6
26,Female,Drug Offense,Bachelor's,73,11,1,1,49.3
43,Male,Cybercrime,Preparatory,46,9,1,0,31.3
57,Male,Drug Offense,Primary,85,8,0,1,46.3
46,Male,Assault,Secondary,70,15,1,5,89.5
55,Female,Robbery,Bachelor's,49,9,1,2,48.9
52,Male,Theft,Bachelor's,25,13,4,1,39.3
32,Male,Murder,Literate,474,6,2,0,76.0
58,Male,Arson,Bachelor's,50,8,3,2,54.0
23,Male,Robbery,Bachelor's,141,11,4,1,67.5
36,Male,Theft,Illiterate,10,9,3,1,48.2
20,Male,Cybercrime,Secondary,17,10,2,3,58.8
45,Male,Drug Offense,Preparatory,73,8,1,1,54.3
28,Male,Assault,Postgraduate education,113,10,1,2,48.8
33,Male,Vandalism,Literate,16,9,0,2,46.8
49,Male,Murder,Secondary,269,6,1,1,62.6
37,Male,Murder,Bachelor's,244,12,0,2,75.5
20,Male,Assault,Secondary,81,10,3,2,72.7
28,Male,Theft,Preparatory,30,10,4,3,72.3
55,Male,Robbery,Secondary,139,9,0,1,41.3
18,Male,Drug Offense,Bachelor's,39,9,3,2,61.5
61,Male,Kidnapping,Primary,211,9,0,1,59.7
36,Male,Vandalism,Primary,4,8,0,2,45.0
49,Male,Fraud,Illiterate,62,3,0,0,27.6
40,Female,Murder,Bachelor's,205,8,2,1,65.6
20,Male,Fraud,Secondary,77,10,4,1,60.7
43,Male,Vandalism,Secondary,12,5,1,1,28.3
27,Male,Cybercrime,Postgraduate education,7,7,1,0,31.6
42,Female,Fraud,Secondary,73,2,0,0,19.4
59,Male,Drug Offense,Primary,29,11,0,3,57.7
58,Male,Assault,Bachelor's,50,7,1,1,35.1
36,Female,Theft,Preparatory,38,9,3,2,51.5
47,Male,Burglary,Bachelor's,13,7,2,0,31.7
35,Male,Assault,Preparatory,84,13,3,1,76.3
59,Male,Public Order,Secondary,22,16,4,1,47.0
53,Male,Assault,Preparatory,39,9,1,0,38.4
23,Female,Assault,Literate,29,10,1,3,75.6
34,Male,Fraud,Primary,62,13,3,2,66.4
41,Male,Assault,Secondary,110,11,1,2,68.3
58,Male,Fraud,Preparatory,81,12,5,3,65.1
61,Male,Burglary,Secondary,56,12,0,3,58.2
28,Male,Public Order,Bachelor's,2,10,0,1,29.4
52,Male,Theft,Illiterate,9,7,1,1,37.4
33,Male,Sexual Offense,Preparatory,193,7,2,0,53.3
33,Male,Robbery,Secondary,73,7,2,1,50.9
51,Male,Sexual Offense,Preparatory,238,9,3,0,58.7
27,Male,Assault,Illiterate,118,8,0,0,55.8
47,Male,Vandalism,Bachelor's,22,8,2,2,36.3
37,Male,Theft,Postgraduate education,26,7,0,1,20.4
42,Male,Fraud,Bachelor's,62,6,0,0,28.4
29,Male,Burglary,Postgraduate education,49,10,3,2,51.9
29,Male,Theft,Bachelor's,40,11,1,1,45.7
48,Male,Theft,Secondary,11,13,3,3,65.6
24,Male,Vandalism,Preparatory,3,12,1,0,44.3
53,Male,Fraud,Preparatory,16,13,4,3,62.7
62,Male,Theft,Literate,17,6,2,1,42.5
51,Male,Weapons Offense,Illiterate,26,7,0,0,43.6
35,Male,Assault,Preparatory,84,10,0,0,40.3
29,Male,Theft,Bachelor's,3,11,4,1,39.8
35,Male,Public Order,Illiterate,18,8,1,1,49.2
41,Male,Arson,Literate,65,8,2,2,62.9
25,Male,Murder,Bachelor's,359,14,1,1,72.4
44,Male,Burglary,Primary,22,6,0,0,36.6
50,Male,Robbery,Illiterate,67,15,4,5,93.7
51,Male,Theft,Bachelor's,39,13,3,3,56.0
40,Male,Murder,Secondary,275,9,2,2,73.9
28,Male,Murder,Secondary,318,6,1,1,74.8
34,Male,Robbery,Secondary,87,9,0,0,37.9
45,Female,Weapons Offense,Bachelor's,46,10,0,3,62.6
62,Male,Theft,Secondary,27,13,1,3,49.1
62,Male,Vandalism,Preparatory,15,14,5,4,78.9
65,Female,Burglary,Secondary,33,12,5,0,46.1
62,Male,Robbery,Literate,45,9,3,2,68.6
25,Male,Burglary,Primary,59,14,0,1,52.1
21,Male,Theft,Literate,36,8,2,1,49.7
58,Male,Fraud,Secondary,69,10,1,3,48.2
50,Male,Assault,Literate,67,9,3,1,49.8
32,Female,Sexual Offense,Preparatory,146,7,1,1,60.8
27,Female,Theft,Illiterate,47,13,2,3,73.5
40,Male,Kidnapping,Preparatory,265,9,1,0,52.9
41,Male,Robbery,Illiterate,129,16,0,5,91.6
29,Male,Assault,Secondary,97,11,2,0,52.0
28,Male,Sexual Offense,Secondary,233,17,2,5,100.0
22,Female,Cybercrime,Illiterate,34,13,3,3,83.1
27,Female,Drug Offense,Primary,18,10,0,2,63.5
29,Male,Sexual Offense,Preparatory,119,22,7,4,100.0
42,Female,Assault,Secondary,30,8,2,1,49.4
27,Male,Robbery,Illiterate,57,7,1,1,56.9
44,Male,Theft,Primary,38,10,3,2,58.2
31,Male,Theft,Secondary,40,12,0,3,58.0
23,Male,Burglary,Literate,48,7,0,0,46.2
33,Male,Vandalism,Primary,7,5,1,0,32.2
39,Male,Burglary,Illiterate,16,10,1,2,57.7
63,Female,Drug Offense,Primary,73,11,1,1,50.9
32,Male,Murder,Literate,456,9,3,0,90.5
51,Male,Burglary,Preparatory,41,8,3,2,54.0
22,Male,Weapons Offense,Secondary,62,11,0,3,68.3
27,Male,Assault,Secondary,88,10,3,0,56.3
19,Male,Theft,Secondary,33,10,1,3,57.5
61,Male,Drug Offense,Primary,70,15,5,3,85.8
47,Male,Drug Offense,Preparatory,59,13,2,1,64.3
27,Male,Vandalism,Secondary,7,12,3,3,67.1
30,Female,Robbery,Primary,44,11,0,2,52.6
32,Male,Sexual Offense,Secondary,162,11,2,1,72.0
34,Male,Drug Offense,Secondary,27,11,0,1,50.4
55,Male,Robbery,Literate,64,6,2,1,52.6
31,Male,Theft,Preparatory,38,11,3,1,53.0
59,Male,Fraud,Primary,20,8,3,1,43.2
18,Male,Drug Offense,Secondary,25,12,5,3,78.9
46,Male,Theft,Preparatory,31,5,1,0,14.5
35,Male,Burglary,Primary,65,13,3,0,58.7
58,Male,Cybercrime,Secondary,24,8,2,0,36.2
61,Male,Sexual Offense,Secondary,210,5,0,0,38.6
61,Male,Vandalism,Primary,34,5,0,0,24.7
49,Male,Weapons Offense,Secondary,94,16,1,1,63.2
25,Male,Vandalism,Preparatory,26,9,2,0,43.2
30,Male,Assault,Illiterate,115,12,3,3,90.4
25,Male,Weapons Offense,Bachelor's,78,5,0,0,35.0
27,Male,Drug Offense,Secondary,73,12,0,1,48.7
34,Male,Robbery,Secondary,61,11,1,3,69.6
23,Male,Sexual Offense,Secondary,184,11,0,2,71.8
61,Male,Fraud,Secondary,14,10,1,1,42.9
49,Male,Robbery,Primary,50,10,0,1,52.4
56,Male,Robbery,Secondary,59,8,3,0,45.9
33,Male,Fraud,Bachelor's,20,15,1,1,41.7
57,Male,Assault,Primary,90,7,1,1,54.8
36,Male,Robbery,Primary,88,13,1,4,82.1
47,Male,Burglary,Preparatory,70,10,3,2,54.5
59,Male,Vandalism,Preparatory,15,5,0,1,19.6
62,Male,Arson,Preparatory,60,14,4,2,74.0
39,Male,Murder,Primary,319,12,3,3,92.7
31,Male,Drug Offense,Bachelor's,58,7,1,1,42.3
25,Male,Burglary,Bachelor's,71,8,2,0,39.0
44,Male,Fraud,Primary,29,9,2,1,48.2
33,Male,Fraud,Primary,57,9,3,0,46.5
25,Male,Assault,Preparatory,48,12,5,1,74.0
60,Female,Vandalism,Preparatory,13,8,0,0,23.8
21,Male,Weapons Offense,Postgraduate education,39,13,0,3,67.3
50,Male,Drug Offense,Literate,26,13,0,2,55.3
65,Male,Drug Offense,Primary,48,6,1,0,35.6
40,Male,Burglary,Secondary,22,7,2,0,32.1
51,Male,Cybercrime,Bachelor's,37,13,4,2,61.8
45,Female,Fraud,Secondary,46,6,0,1,29.0
37,Male,Fraud,Bachelor's,50,10,1,3,47.0
27,Male,Burglary,Primary,49,4,0,0,30.7
32,Male,Drug Offense,Secondary,21,13,1,2,56.1
24,Male,Vandalism,Preparatory,10,10,0,1,46.4
59,Male,Murder,Primary,188,9,2,0,60.4
28,Male,Theft,Primary,30,15,6,2,82.0
58,Male,Assault,Bachelor's,109,8,0,0,34.6
30,Male,Drug Offense,Preparatory,18,10,4,0,54.2
22,Male,Assault,Secondary,55,5,0,1,49.7
64,Female,Arson,Postgraduate education,91,6,1,0,27.5
61,Male,Theft,Preparatory,24,10,0,1,29.3
52,Male,Public Order,Secondary,3,14,0,0,30.9
50,Male,Theft,Secondary,34,8,1,1,32.4
33,Male,Burglary,Literate,62,6,1,1,54.9
51,Male,Assault,Primary,73,11,2,3,71.0
32,Male,Public Order,Primary,14,11,3,0,43.7
32,Male,Burglary,Preparatory,66,8,3,1,54.5
60,Male,Vandalism,Primary,24,15,4,5,79.1
27,Female,Sexual Offense,Illiterate,130,6,1,0,61.3
24,Male,Murder,Bachelor's,473,5,1,1,72.8
22,Male,Vandalism,Primary,4,14,6,0,57.8
27,Male,Drug Offense,Primary,94,11,3,3,70.0
51,Male,Assault,Bachelor's,97,19,5,6,100.0
44,Male,Sexual Offense,Preparatory,158,11,2,2,76.5
31,Male,Burglary,Secondary,70,9,1,0,43.4
63,Female,Fraud,Preparatory,55,13,5,3,75.2
64,Male,Robbery,Secondary,138,11,0,0,31.9
35,Male,Theft,Primary,28,11,1,0,44.6
31,Female,Vandalism,Primary,17,15,5,5,88.6
18,Male,Sexual Offense,Primary,121,11,4,0,80.5
42,Male,Vandalism,Literate,21,15,3,0,59.0
59,Male,Burglary,Secondary,14,9,3,0,44.6
25,Female,Drug Offense,Secondary,23,11,1,0,48.6
55,Male,Arson,Literate,53,12,2,0,52.7
55,Male,Theft,Secondary,35,8,2,0,34.2
24,Male,Kidnapping,Primary,197,10,2,1,81.0
42,Male,Vandalism,Secondary,31,14,3,1,53.7
20,Male,Drug Offense,Secondary,42,10,2,1,61.4
58,Male,Burglary,Bachelor's,57,11,1,2,42.1
41,Male,Burglary,Postgraduate education,67,12,0,2,45.6
38,Male,Robbery,Secondary,52,10,1,3,63.5
27,Male,Cybercrime,Primary,54,8,1,2,55.2
43,Male,Theft,Preparatory,39,7,2,0,30.7
18,Male,Weapons Offense,Illiterate,43,12,4,2,90.6
42,Male,Burglary,Secondary,35,15,0,3,65.2
24,Male,Murder,Bachelor's,332,7,0,0,58.2
21,Male,Public Order,Postgraduate education,13,12,5,1,56.5
39,Male,Murder,Preparatory,368,7,2,1,68.3
35,Male,Drug Offense,Primary,60,11,4,3,80.3
65,Male,Murder,Preparatory,416,4,1,0,56.5
41,Male,Weapons Offense,Secondary,44,4,1,0,33.2
33,Male,Theft,Illiterate,47,13,4,4,90.4
38,Male,Drug Offense,Bachelor's,15,8,0,2,40.7
58,Male,Theft,Preparatory,40,8,3,2,46.6
63,Male,Burglary,Illiterate,59,15,6,2,78.3
24,Male,Arson,Illiterate,74,6,2,1,64.3
32,Male,Burglary,Preparatory,20,10,0,2,51.4
37,Female,Public Order,Secondary,18,8,3,1,42.5
59,Male,Assault,Preparatory,51,8,3,0,55.3
36,Male,Sexual Offense,Postgraduate education,134,13,4,3,82.7
31,Male,Sexual Offense,Primary,222,5,0,0,55.4
24,Male,Fraud,Illiterate,68,6,1,0,49.9
47,Male,Assault,Bachelor's,99,18,7,6,100.0
41,Male,Cybercrime,Secondary,16,9,0,1,33.9
38,Male,Cybercrime,Secondary,26,13,4,3,62.3
58,Male,Murder,Literate,318,7,2,1,67.9
24,Female,Burglary,Bachelor's,30,9,3,1,50.7
33,Male,Theft,Primary,3,9,2,2,57.3
52,Male,Murder,Preparatory,196,10,3,0,57.9
45,Male,Drug Offense,Bachelor's,50,10,2,0,48.1
37,Male,Fraud,Secondary,18,13,3,0,40.9
54,Male,Fraud,Primary,75,7,1,1,41.3
39,Male,Murder,Illiterate,347,14,6,0,94.2
40,Female,Assault,Illiterate,78,17,3,3,94.0
30,Male,Assault,Primary,68,13,3,4,89.4
18,Male,Cybercrime,Secondary,17,15,3,5,79.9
56,Male,Burglary,Illiterate,67,10,0,1,48.3
34,Male,Sexual Offense,Bachelor's,237,13,0,2,75.5
40,Female,Fraud,Primary,52,9,0,2,36.8
21,Male,Vandalism,Primary,22,8,0,2,56.8
19,Male,Fraud,Primary,74,11,2,2,60.0
61,Male,Weapons Offense,Literate,67,9,2,1,56.5
19,Male,Burglary,Secondary,36,9,1,0,37.2
52,Male,Theft,Bachelor's,10,12,1,2,38.1
19,Male,Robbery,Secondary,41,9,2,0,46.3
58,Male,Weapons Offense,Secondary,73,15,0,0,44.2
19,Male,Burglary,Primary,49,8,3,2,61.8
31,Male,Assault,Bachelor's,49,7,0,0,43.2
37,Male,Fraud,Bachelor's,59,8,3,2,48.2
65,Male,Assault,Primary,116,13,2,1,62.9
54,Male,Fraud,Secondary,36,7,0,0,23.6
44,Female,Vandalism,Primary,16,15,0,3,59.3
22,Male,Drug Offense,Secondary,83,16,4,3,81.8
25,Male,Public Order,Illiterate,18,17,4,1,69.1
49,Male,Weapons Offense,Postgraduate education,94,13,3,0,49.7
19,Female,Weapons Offense,Secondary,95,7,2,0,50.7
56,Male,Assault,Bachelor's,112,9,0,0,32.2
43,Male,Weapons Offense,Bachelor's,77,10,1,0,46.7
42,Female,Assault,Preparatory,49,10,1,0,40.5
30,Female,Assault,Illiterate,93,6,1,1,54.9
31,Male,Assault,Secondary,86,9,1,1,54.1
26,Male,Drug Offense,Illiterate,46,14,1,1,62.9
21,Male,Burglary,Secondary,29,12,4,3,70.6
42,Female,Assault,Preparatory,85,13,0,1,52.3
60,Male,Cybercrime,Primary,26,11,2,2,47.8
31,Male,Burglary,Preparatory,45,8,3,1,48.4
18,Male,Weapons Offense,Secondary,71,9,3,2,65.6
51,Male,Fraud,Bachelor's,16,7,2,0,20.5
31,Male,Burglary,Literate,19,7,2,1,49.8
64,Male,Fraud,Preparatory,63,8,2,1,42.3
21,Male,Assault,Preparatory,65,14,5,2,85.5
62,Male,Fraud,Primary,81,6,2,0,38.3
23,Male,Weapons Offense,Preparatory,72,11,3,1,74.4
23,Male,Fraud,Preparatory,49,8,0,2,57.1
37,Male,Assault,Secondary,24,10,1,2,54.2
34,Male,Sexual Offense,Illiterate,224,9,3,2,88.5
20,Male,Cybercrime,Secondary,31,8,0,2,44.4
35,Male,Burglary,Primary,49,12,0,1,55.8
48,Male,Public Order,Preparatory,12,9,0,0,19.7
43,Male,Fraud,Preparatory,39,10,0,2,51.1
23,Male,Arson,Bachelor's,36,3,0,0,35.0
41,Male,Assault,Postgraduate education,76,10,1,3,58.1
40,Male,Cybercrime,Preparatory,22,10,0,3,47.8
30,Male,Murder,Secondary,210,9,0,1,60.0
19,Male,Vandalism,Illiterate,4,10,4,0,55.3
28,Male,Theft,Secondary,11,8,3,0,40.7
46,Male,Vandalism,Preparatory,28,9,0,0,27.9
26,Male,Murder,Postgraduate education,421,11,3,0,71.6
52,Male,Robbery,Illiterate,129,14,5,0,71.7
50,Male,Robbery,Illiterate,130,10,3,3,65.5
29,Female,Assault,Secondary,104,12,1,1,57.6
27,Male,Sexual Offense,Primary,169,10,0,0,71.6
48,Male,Murder,Bachelor's,224,9,3,0,64.8
30,Male,Theft,Illiterate,29,8,1,2,55.1
51,Female,Arson,Secondary,100,10,4,3,73.0
58,Male,Murder,Secondary,258,6,0,0,48.0
42,Female,Drug Offense,Secondary,28,9,1,0,44.4
46,Female,Robbery,Primary,118,16,7,3,100.0
40,Male,Assault,Bachelor's,51,15,1,4,79.9
30,Female,Drug Offense,Preparatory,17,6,0,0,38.4
32,Male,Assault,Secondary,45,10,2,3,70.4
55,Male,Kidnapping,Preparatory,194,5,0,1,55.9
57,Male,Drug Offense,Primary,51,10,1,2,57.9
42,Female,Vandalism,Primary,19,9,0,1,42.9
48,Male,Assault,Primary,39,12,5,0,59.2
33,Male,Theft,Bachelor's,26,9,1,1,33.9
26,Male,Sexual Offense,Postgraduate education,231,11,0,3,65.0
23,Male,Arson,Primary,105,10,1,1,62.7
52,Male,Burglary,Secondary,58,10,3,1,42.6
53,Male,Fraud,Preparatory,82,13,1,2,46.8
29,Male,Burglary,Preparatory,16,14,4,1,63.9
33,Male,Robbery,Literate,77,14,2,3,92.7
64,Male,Drug Offense,Primary,69,5,0,1,36.1
19,Male,Assault,Secondary,37,14,1,3,72.0
21,Male,Vandalism,Postgraduate education,16,12,1,2,48.1
28,Male,Theft,Preparatory,6,9,0,2,49.3
50,Male,Theft,Primary,17,5,1,0,24.0
46,Male,Weapons Offense,Secondary,59,7,2,1,53.7
41,Male,Theft,Bachelor's,17,9,0,0,23.0
59,Male,Theft,Primary,19,7,0,0,30.5
50,Male,Fraud,Preparatory,59,6,2,1,29.8
65,Male,Assault,Bachelor's,69,12,5,0,55.9
39,Male,Weapons Offense,Secondary,42,12,1,0,47.3
53,Male,Theft,Secondary,30,11,0,0,23.9
21,Female,Assault,Illiterate,85,8,2,1,76.7
28,Female,Burglary,Secondary,50,10,4,3,65.2
62,Male,Robbery,Bachelor's,108,17,4,2,72.8
43,Male,Robbery,Preparatory,137,8,1,0,47.2
36,Female,Theft,Secondary,24,7,0,0,21.2
35,Male,Theft,Primary,17,6,1,0,31.2
51,Male,Vandalism,Secondary,20,11,2,0,30.0
28,Male,Public Order,Preparatory,20,10,1,1,41.0
43,Male,Sexual Offense,Secondary,214,13,4,2,78.0
55,Male,Drug Offense,Primary,85,15,4,5,88.9
62,Male,Theft,Secondary,34,7,2,0,30.0
19,Female,Drug Offense,Preparatory,78,9,2,0,60.3
65,Male,Assault,Primary,98,9,0,0,39.4
61,Male,Vandalism,Illiterate,23,7,0,0,32.8
45,Male,Drug Offense,Preparatory,67,16,1,3,69.8
45,Male,Vandalism,Preparatory,10,8,2,0,26.4
64,Male,Burglary,Primary,47,11,1,0,37.7
41,Male,Assault,Preparatory,62,16,0,5,88.6
21,Male,Cybercrime,Bachelor's,24,15,5,1,65.6
62,Male,Fraud,Illiterate,77,3,0,0,22.9
55,Male,Theft,Secondary,44,5,0,0,22.4
23,Male,Drug Offense,Secondary,74,13,5,1,73.0
52,Male,Robbery,Postgraduate education,107,9,3,0,37.9
38,Male,Burglary,Bachelor's,67,13,2,4,68.8
44,Male,Assault,Literate,72,14,0,2,63.4
54,Male,Theft,Primary,15,6,0,0,26.6
64,Male,Burglary,Preparatory,24,10,1,3,55.0
57,Male,Drug Offense,Secondary,56,10,0,2,40.8
47,Male,Burglary,Bachelor's,52,17,7,2,76.3
57,Male,Assault,Illiterate,78,11,0,3,64.3
53,Female,Fraud,Secondary,33,10,3,2,44.2
64,Male,Drug Offense,Illiterate,40,7,1,0,45.9
51,Male,Vandalism,Preparatory,15,8,1,0,27.3
20,Male,Theft,Primary,32,7,2,0,41.3
43,Female,Theft,Illiterate,28,10,3,3,67.9
62,Female,Kidnapping,Preparatory,264,13,3,4,90.6
28,Male,Vandalism,Secondary,25,10,2,0,42.2
30,Male,Burglary,Bachelor's,58,9,2,0,36.8
54,Male,Fraud,Primary,68,12,5,3,66.6
26,Male,Theft,Postgraduate education,30,12,3,2,47.0
43,Male,Public Order,Bachelor's,21,14,5,0,47.9
18,Male,Murder,Primary,188,10,1,0,79.3
33,Male,Drug Offense,Preparatory,44,6,0,0,32.7
41,Female,Vandalism,Bachelor's,35,14,3,3,57.2
63,Male,Theft,Preparatory,11,12,2,2,50.0
54,Male,Theft,Preparatory,6,10,4,2,43.3
35,Female,Drug Offense,Preparatory,86,9,0,2,45.2
37,Male,Sexual Offense,Secondary,113,9,2,0,54.4
45,Female,Cybercrime,Primary,50,5,1,1,43.2
57,Male,Weapons Offense,Illiterate,81,11,0,3,75.2
27,Male,Sexual Offense,Preparatory,233,13,0,0,71.9
53,Male,Public Order,Secondary,19,11,0,0,22.7
49,Male,Murder,Bachelor's,423,8,2,2,75.9
20,Male,Robbery,Literate,131,11,4,0,70.4
37,Male,Public Order,Primary,3,12,1,3,56.2
20,Female,Theft,Secondary,12,12,2,2,52.3
24,Male,Burglary,Preparatory,53,9,2,1,49.9
34,Male,Theft,Primary,24,14,3,3,73.6
60,Male,Theft,Illiterate,40,8,2,1,50.3
50,Male,Sexual Offense,Preparatory,127,11,0,1,56.4
52,Male,Arson,Primary,94,11,0,1,49.3
24,Male,Murder,Secondary,291,13,5,1,92.3
20,Female,Kidnapping,Primary,126,9,2,0,68.4
53,Male,Assault,Primary,100,9,1,2,58.5
52,Male,Fraud,Preparatory,82,12,2,0,37.6
24,Male,Assault,Preparatory,111,12,3,0,63.0
62,Male,Fraud,Preparatory,81,7,0,1,31.6
27,Male,Burglary,Preparatory,28,9,2,0,51.1
28,Male,Theft,Preparatory,32,16,5,1,66.0
23,Female,Public Order,Secondary,16,11,3,1,53.3
36,Male,Fraud,Secondary,81,15,3,4,71.9
37,Female,Public Order,Preparatory,3,6,2,0,28.4
27,Male,Theft,Illiterate,45,9,3,1,56.3
20,Male,Theft,Secondary,48,6,1,0,35.0
25,Male,Theft,Secondary,6,9,3,2,52.3
47,Male,Kidnapping,Illiterate,222,11,2,1,75.3
57,Male,Sexual Offense,Preparatory,142,14,3,4,93.4
23,Male,Robbery,Primary,38,12,3,3,80.6
28,Male,Burglary,Secondary,16,16,0,1,48.5
20,Female,Theft,Primary,14,13,1,0,54.0
55,Male,Weapons Offense,Primary,68,8,2,2,56.1
45,Male,Sexual Offense,Primary,196,11,1,1,74.7
65,Male,Weapons Offense,Literate,59,8,3,1,63.7
47,Female,Theft,Preparatory,16,8,2,1,45.3
22,Male,Murder,Preparatory,402,9,1,0,68.5
21,Male,Fraud,Illiterate,68,9,0,0,43.8
36,Female,Kidnapping,Preparatory,267,8,0,0,49.8
57,Male,Assault,Preparatory,60,11,4,3,70.3
62,Male,Drug Offense,Primary,23,9,2,2,47.2
24,Male,Assault,Secondary,33,9,1,1,48.8
32,Female,Drug Offense,Bachelor's,88,11,0,1,49.5
26,Male,Theft,Illiterate,36,8,1,1,54.7
32,Male,Robbery,Preparatory,144,16,1,3,72.0
65,Male,Robbery,Primary,43,4,1,0,33.3
44,Male,Robbery,Secondary,53,12,5,2,65.4
26,Male,Robbery,Preparatory,140,13,3,0,65.6
24,Male,Cybercrime,Illiterate,7,5,0,1,50.5
35,Male,Weapons Offense,Secondary,70,9,3,0,49.0
28,Male,Robbery,Secondary,136,16,0,0,53.7
63,Male,Fraud,Primary,62,9,2,1,49.9
31,Male,Theft,Preparatory,8,5,0,0,27.4
26,Male,Theft,Primary,25,9,3,2,55.6
49,Male,Murder,Secondary,319,15,1,3,76.7
56,Male,Cybercrime,Preparatory,32,8,3,2,37.8
35,Male,Assault,Preparatory,80,7,2,0,52.9
34,Female,Sexual Offense,Primary,226,4,0,0,52.5
24,Male,Murder,Postgraduate education,322,14,0,2,76.1
18,Male,Robbery,Literate,50,6,0,1,57.4
45,Female,Burglary,Primary,56,16,6,5,89.4
26,Female,Robbery,Postgraduate education,124,5,1,1,42.0
58,Male,Robbery,Illiterate,38,8,2,1,57.2
36,Male,Burglary,Bachelor's,14,7,2,0,31.7
21,Male,Assault,Secondary,95,9,3,0,63.8
30,Male,Theft,Primary,40,14,6,0,68.6
21,Male,Drug Offense,Preparatory,41,12,2,2,65.4
48,Male,Burglary,Preparatory,60,8,2,1,43.8
20,Male,Assault,Preparatory,56,13,3,0,73.1
23,Male,Theft,Primary,40,10,0,0,44.5
39,Male,Weapons Offense,Primary,65,6,2,0,49.4
35,Female,Fraud,Primary,67,7,2,0,41.3
35,Male,Sexual Offense,Secondary,172,7,2,0,48.0
29,Female,Theft,Secondary,45,5,1,1,25.8
61,Male,Murder,Illiterate,277,9,1,2,82.3
24,Male,Arson,Bachelor's,82,9,2,1,53.8
39,Female,Fraud,Secondary,59,6,1,0,28.2
54,Male,Weapons Offense,Illiterate,80,12,5,1,66.0
25,Male,Robbery,Bachelor's,63,9,0,0,39.4
42,Male,Theft,Illiterate,44,8,3,2,55.0
48,Male,Burglary,Secondary,54,10,4,0,46.7
33,Male,Fraud,Preparatory,62,16,7,3,79.5
22,Female,Robbery,Bachelor's,126,7,0,0,41.9
57,Male,Murder,Bachelor's,394,13,5,2,82.6
39,Male,Vandalism,Postgraduate education,10,14,1,4,54.3
22,Male,Weapons Offense,Primary,76,11,2,2,79.2
53,Male,Burglary,Literate,43,11,0,0,45.3
33,Male,Burglary,Preparatory,46,9,0,2,57.9
34,Male,Cybercrime,Preparatory,46,12,5,1,52.5
55,Male,Weapons Offense,Primary,49,13,5,1,68.3
60,Male,Theft,Secondary,7,14,5,4,68.6
64,Female,Burglary,Primary,57,10,4,3,58.7
60,Male,Sexual Offense,Literate,124,11,2,3,83.5
30,Female,Vandalism,Postgraduate education,8,7,1,0,20.6
39,Male,Robbery,Bachelor's,37,9,1,1,36.6
42,Male,Vandalism,Primary,10,6,2,1,42.7
62,Male,Fraud,Postgraduate education,47,7,2,1,28.2
56,Male,Burglary,Preparatory,26,10,1,2,56.4
57,Male,Weapons Offense,Illiterate,61,9,2,0,52.6
51,Male,Burglary,Secondary,35,9,3,2,47.6
33,Male,Sexual Offense,Bachelor's,166,9,2,2,73.1
22,Female,Fraud,Preparatory,12,15,6,5,95.6
46,Male,Fraud,Preparatory,55,10,0,1,37.7
38,Male,Kidnapping,Preparatory,262,18,3,4,100.0
65,Female,Weapons Offense,Secondary,35,14,1,0,44.8
27,Male,Public Order,Primary,17,13,3,4,73.4
49,Male,Weapons Offense,Illiterate,50,14,2,4,88.3
20,Male,Drug Offense,Preparatory,28,11,2,0,49.2
54,Male,Drug Offense,Preparatory,61,8,3,1,52.7
33,Male,Fraud,Primary,39,10,0,3,57.4
56,Male,Kidnapping,Secondary,221,13,0,1,61.3
33,Male,Murder,Primary,430,9,1,0,79.3
19,Male,Theft,Illiterate,15,4,1,0,39.6
63,Male,Vandalism,Secondary,17,10,3,1,36.2
54,Male,Cybercrime,Postgraduate education,38,14,3,0,36.6
65,Male,Weapons Offense,Preparatory,89,5,0,0,34.8
25,Male,Cybercrime,Preparatory,45,6,0,1,39.5
42,Male,Theft,Secondary,32,10,1,0,35.4
36,Male,Assault,Illiterate,59,9,2,1,64.8
52,Male,Burglary,Preparatory,71,6,0,0,33.6
28,Male,Murder,Literate,325,12,1,3,90.5
26,Male,Robbery,Illiterate,105,9,1,2,71.0
51,Male,Arson,Primary,64,10,4,0,60.3
60,Male,Weapons Offense,Secondary,27,9,2,2,53.9
43,Male,Cybercrime,Primary,51,14,1,4,63.7
27,Male,Theft,Literate,21,10,2,1,49.3
48,Female,Kidnapping,Secondary,240,5,1,0,45.4
35,Male,Burglary,Primary,57,10,3,0,51.7
61,Male,Theft,Primary,10,12,5,1,63.3
59,Male,Weapons Offense,Preparatory,73,15,2,4,68.1
41,Male,Assault,Bachelor's,63,10,4,3,69.7
51,Male,Drug Offense,Secondary,64,6,0,0,26.6
36,Male,Weapons Offense,Preparatory,40,9,0,1,49.5
47,Male,Murder,Secondary,221,12,5,0,71.2
58,Male,Kidnapping,Primary,178,10,2,0,53.6
43,Male,Drug Offense,Preparatory,86,7,0,1,43.1
24,Male,Assault,Primary,63,9,0,2,69.6
20,Male,Theft,Primary,47,11,4,0,54.7
18,Male,Public Order,Illiterate,19,12,1,2,55.7
42,Male,Drug Offense,Primary,81,14,0,3,66.0
26,Male,Assault,Secondary,117,4,0,0,39.2
28,Female,Public Order,Secondary,17,7,1,0,30.6
19,Male,Robbery,Bachelor's,58,9,0,1,44.6
52,Male,Drug Offense,Preparatory,32,12,0,3,54.5
24,Male,Drug Offense,Preparatory,51,13,4,2,73.8
58,Female,Vandalism,Bachelor's,30,10,0,2,31.4
64,Male,Fraud,Literate,76,6,0,0,25.0
31,Male,Assault,Primary,29,16,4,4,95.4
63,Male,Cybercrime,Secondary,47,13,2,4,64.9
62,Male,Theft,Secondary,14,8,1,2,31.1
25,Male,Theft,Bachelor's,17,11,1,1,44.2
41,Male,Vandalism,Postgraduate education,31,12,3,3,48.8
57,Male,Theft,Secondary,46,10,2,3,51.9
45,Male,Sexual Offense,Preparatory,163,7,0,0,52.3
20,Male,Assault,Preparatory,53,14,0,2,65.1
41,Male,Vandalism,Secondary,35,8,3,2,47.6
51,Female,Arson,Primary,57,7,0,1,47.2
56,Male,Assault,Secondary,47,13,1,2,49.8
41,Male,Vandalism,Primary,23,6,1,0,35.0
38,Male,Theft,Bachelor's,23,6,1,0,23.5
36,Male,Assault,Bachelor's,46,8,3,2,53.2
54,Male,Drug Offense,Secondary,84,12,3,2,60.1
43,Male,Burglary,Preparatory,67,15,5,0,50.1
61,Male,Theft,Secondary,16,9,3,1,35.4
27,Male,Theft,Illiterate,8,11,4,1,62.0
56,Female,Kidnapping,Postgraduate education,211,13,5,4,85.0
48,Male,Burglary,Secondary,35,11,1,2,47.6
59,Male,Fraud,Preparatory,21,9,1,2,35.7
40,Male,Drug Offense,Bachelor's,46,9,3,1,47.2
53,Male,Burglary,Primary,43,9,3,1,43.3
21,Male,Theft,Preparatory,18,15,0,4,75.6
51,Male,Sexual Offense,Literate,226,10,3,2,83.4
47,Male,Drug Offense,Primary,76,13,1,0,59.1
34,Female,Theft,Primary,7,11,2,2,51.5
52,Male,Fraud,Secondary,35,7,0,0,17.1
29,Male,Drug Offense,Preparatory,27,9,3,0,41.9
46,Male,Robbery,Preparatory,37,9,0,1,49.8
33,Female,Theft,Secondary,38,13,5,4,80.1
53,Male,Assault,Illiterate,54,9,1,2,57.5
41,Male,Theft,Secondary,45,6,0,0,24.0
65,Male,Assault,Primary,26,10,0,0,39.7
56,Male,Assault,Bachelor's,57,10,2,1,46.7
21,Male,Sexual Offense,Secondary,114,7,0,1,60.0
58,Male,Robbery,Secondary,89,9,0,2,53.3
24,Male,Vandalism,Primary,24,13,5,0,61.8
29,Male,Robbery,Illiterate,53,12,3,3,88.0
46,Male,Drug Offense,Primary,26,17,2,4,87.2
41,Male,Theft,Bachelor's,35,9,1,0,22.5
59,Female,Drug Offense,Primary,21,10,3,2,62.4
45,Male,Robbery,Secondary,139,10,0,1,50.6
25,Male,Theft,Bachelor's,16,4,1,0,24.4
34,Male,Arson,Bachelor's,106,6,1,1,41.5
54,Male,Drug Offense,Bachelor's,21,6,2,1,33.4
65,Male,Assault,Bachelor's,73,10,4,1,58.0
42,Male,Theft,Bachelor's,6,11,3,1,37.1
42,Male,Assault,Bachelor's,115,8,1,1,43.2
21,Male,Robbery,Primary,47,9,2,2,73.3
52,Male,Murder,Primary,229,12,2,0,62.2
60,Male,Robbery,Preparatory,38,7,0,1,43.5
35,Male,Assault,Secondary,120,11,3,2,65.1
30,Male,Theft,Primary,12,13,3,4,78.1
36,Male,Fraud,Secondary,32,10,0,0,35.9
27,Male,Sexual Offense,Illiterate,162,9,2,0,64.7
23,Male,Murder,Bachelor's,250,10,2,3,92.5
44,Male,Murder,Bachelor's,376,12,5,1,78.0
41,Male,Burglary,Bachelor's,23,13,2,4,63.4
48,Male,Burglary,Postgraduate education,53,14,6,1,55.8
57,Male,Assault,Primary,27,6,2,1,52.9
63,Female,Public Order,Postgraduate education,9,10,3,2,39.1
38,Male,Assault,Bachelor's,80,12,3,0,45.6
21,Female,Vandalism,Bachelor's,26,10,3,3,60.5
49,Male,Murder,Primary,233,6,2,0,64.3
29,Female,Burglary,Secondary,67,7,0,0,39.6
34,Male,Public Order,Secondary,20,9,0,0,31.8
34,Male,Theft,Secondary,38,9,1,1,43.8
37,Male,Vandalism,Preparatory,19,7,2,1,36.5
56,Male,Theft,Secondary,17,11,2,3,50.5
21,Male,Cybercrime,Literate,56,6,2,0,43.4
37,Male,Vandalism,Bachelor's,5,13,5,4,61.5
59,Female,Weapons Offense,Secondary,25,10,0,0,44.2
22,Female,Assault,Preparatory,102,9,1,1,63.1
22,Male,Theft,Bachelor's,37,6,0,0,30.7
63,Male,Theft,Secondary,17,10,0,2,40.9
48,Male,Theft,Illiterate,32,17,4,1,68.3
18,Male,Drug Offense,Primary,44,12,5,0,72.8
34,Male,Cybercrime,Secondary,59,15,0,5,75.4
61,Male,Fraud,Literate,20,9,3,2,58.2
54,Male,Robbery,Bachelor's,47,7,2,1,41.2
18,Male,Fraud,Secondary,28,4,0,0,38.5
43,Male,Arson,Secondary,52,5,0,1,34.0
22,Male,Fraud,Primary,67,9,1,0,48.2
29,Male,Cybercrime,Bachelor's,6,8,2,1,38.0
52,Female,Murder,Preparatory,421,7,1,1,60.4
59,Male,Kidnapping,Literate,181,2,0,0,44.5
47,Female,Burglary,Literate,35,8,2,0,41.5
38,Female,Assault,Secondary,116,11,3,1,55.9
61,Male,Vandalism,Primary,17,9,0,0,28.3
40,Male,Murder,Secondary,432,14,1,0,68.8
30,Male,Fraud,Bachelor's,21,16,2,0,50.3
55,Male,Drug Offense,Illiterate,69,9,3,2,68.7
48,Male,Theft,Illiterate,13,7,1,0,38.4
38,Male,Burglary,Preparatory,54,10,1,2,55.1
38,Male,Murder,Primary,458,11,2,1,88.8
38,Male,Public Order,Secondary,21,5,1,1,29.4
36,Male,Theft,Illiterate,19,7,2,0,38.4
45,Female,Assault,Primary,82,5,1,0,39.6
57,Male,Weapons Offense,Preparatory,34,8,3,1,51.1
24,Male,Assault,Illiterate,119,10,4,0,72.0
21,Male,Vandalism,Secondary,5,11,1,3,55.0
38,Male,Arson,Bachelor's,76,15,5,2,76.6
52,Male,Drug Offense,Preparatory,17,13,5,4,75.6
34,Male,Burglary,Preparatory,41,7,1,0,35.7
44,Male,Public Order,Preparatory,8,8,1,2,42.8
26,Male,Cybercrime,Secondary,30,9,3,2,55.9
19,Female,Weapons Offense,Secondary,46,6,1,1,48.4
53,Male,Burglary,Secondary,43,10,4,1,45.2
26,Male,Theft,Preparatory,12,11,0,1,43.6
25,Male,Vandalism,Postgraduate education,30,11,1,0,35.6
29,Male,Drug Offense,Preparatory,92,14,5,2,84.0
62,Male,Burglary,Literate,48,13,0,3,58.9
21,Male,Robbery,Preparatory,77,11,1,1,63.4
65,Male,Robbery,Bachelor's,116,10,2,2,56.8
59,Male,Public Order,Preparatory,17,7,1,1,34.1
51,Male,Weapons Offense,Postgraduate education,54,14,4,2,58.7
27,Male,Theft,Bachelor's,17,13,2,3,49.1
30,Male,Weapons Offense,Primary,36,10,1,2,66.4
48,Male,Public Order,Primary,23,9,1,2,39.9
52,Male,Fraud,Bachelor's,13,7,2,1,32.2
36,Male,Burglary,Illiterate,61,4,0,0,43.4
37,Male,Arson,Secondary,48,11,3,0,49.5
43,Female,Theft,Secondary,48,8,1,2,43.2
64,Male,Arson,Primary,48,14,4,2,75.4
49,Male,Theft,Primary,40,14,5,4,75.0
19,Male,Vandalism,Preparatory,11,6,1,1,47.4
25,Male,Weapons Offense,Preparatory,74,9,2,0,51.9
19,Male,Drug Offense,Preparatory,80,15,0,4,81.2
38,Male,Weapons Offense,Secondary,95,10,2,2,56.2
60,Male,Drug Offense,Illiterate,76,10,0,1,50.7
50,Male,Vandalism,Primary,6,16,1,2,51.7
48,Male,Theft,Secondary,47,14,3,0,46.8
46,Female,Theft,Preparatory,41,8,3,1,48.8
45,Male,Weapons Offense,Bachelor's,52,6,2,0,37.2
35,Male,Cybercrime,Preparatory,56,13,2,3,63.5
45,Female,Theft,Primary,5,17,5,1,61.6
20,Male,Vandalism,Primary,20,9,3,0,48.0
54,Male,Robbery,Preparatory,44,6,0,1,40.6
45,Female,Vandalism,Secondary,10,12,5,2,60.4
27,Male,Sexual Offense,Bachelor's,177,10,4,1,72.3
27,Male,Assault,Preparatory,84,8,2,0,50.0
21,Male,Assault,Primary,113,13,5,0,72.2
63,Male,Assault,Bachelor's,32,7,2,1,44.1
45,Male,Drug Offense,Primary,45,14,0,2,60.8
47,Male,Burglary,Secondary,47,11,4,1,48.5
23,Male,Sexual Offense,Primary,237,8,3,1,80.3
23,Male,Vandalism,Primary,18,13,0,1,53.8
42,Female,Public Order,Secondary,13,11,3,3,52.1
54,Male,Robbery,Bachelor's,118,12,0,1,41.2
64,Male,Drug Offense,Illiterate,83,16,7,5,100.0
23,Female,Assault,Preparatory,60,13,4,3,86.2
18,Male,Assault,Illiterate,32,8,3,2,76.1
20,Male,Drug Offense,Bachelor's,20,5,1,0,32.5
54,Male,Assault,Illiterate,72,13,4,4,96.9
23,Male,Burglary,Literate,56,10,3,1,61.9
52,Male,Burglary,Preparatory,36,14,3,1,62.5
25,Male,Theft,Illiterate,7,8,0,0,38.7
53,Male,Fraud,Illiterate,41,9,3,1,45.5
47,Male,Sexual Offense,Preparatory,115,19,5,4,100.0
29,Male,Robbery,Secondary,120,6,0,0,40.4
63,Male,Theft,Bachelor's,36,11,2,1,33.8
56,Male,Theft,Illiterate,48,7,1,1,40.6
28,Male,Theft,Secondary,43,10,1,2,53.2
57,Male,Vandalism,Secondary,16,10,3,1,44.6
19,Male,Fraud,Secondary,32,5,1,0,29.7
50,Male,Drug Offense,Postgraduate education,57,10,1,3,57.1
47,Male,Kidnapping,Preparatory,231,10,3,0,62.8
65,Male,Weapons Offense,Bachelor's,37,17,5,5,94.4
19,Male,Vandalism,Preparatory,5,9,2,1,51.3
48,Male,Arson,Secondary,70,6,2,0,37.4
65,Male,Assault,Primary,62,8,3,2,57.8
62,Male,Public Order,Bachelor's,19,7,0,1,23.1
50,Male,Public Order,Secondary,12,18,4,1,57.1
27,Male,Theft,Preparatory,21,10,1,1,52.6
57,Male,Vandalism,Literate,24,7,0,0,22.7
22,Male,Cybercrime,Secondary,53,12,5,0,60.3
30,Male,Cybercrime,Preparatory,33,10,3,0,41.9
24,Male,Kidnapping,Bachelor's,174,7,2,0,48.4
18,Male,Theft,Bachelor's,17,9,2,2,53.3
24,Male,Drug Offense,Secondary,75,3,0,0,41.9
26,Female,Sexual Offense,Bachelor's,203,9,1,0,56.8
48,Male,Drug Offense,Preparatory,27,13,5,0,51.3
31,Male,Fraud,Secondary,31,9,2,0,38.0
22,Male,Theft,Preparatory,4,10,3,2,55.5
54,Male,Drug Offense,Illiterate,73,10,3,2,68.4
55,Male,Cybercrime,Primary,44,11,0,3,59.2
59,Male,Burglary,Secondary,50,8,1,1,37.7
23,Male,Drug Offense,Bachelor's,66,5,0,1,42.9
19,Male,Vandalism,Bachelor's,35,15,0,1,45.1
27,Male,Fraud,Bachelor's,76,15,2,5,82.4
58,Male,Theft,Primary,23,8,2,2,40.8
59,Male,Weapons Offense,Preparatory,93,10,2,2,59.6
33,Female,Fraud,Secondary,13,10,4,3,67.0
41,Female,Assault,Secondary,86,12,4,3,86.4
60,Female,Drug Offense,Preparatory,70,9,3,0,43.0
44,Male,Murder,Literate,325,10,0,3,86.0
44,Male,Theft,Primary,25,8,1,1,48.3
54,Male,Public Order,Secondary,9,6,0,1,16.6
50,Male,Sexual Offense,Bachelor's,143,9,2,1,66.2
61,Male,Theft,Literate,5,10,4,3,64.0
49,Female,Burglary,Literate,65,8,1,2,51.3
27,Female,Drug Offense,Secondary,82,11,2,2,59.3
20,Male,Assault,Secondary,94,6,0,1,50.4
31,Male,Burglary,Secondary,60,12,0,3,65.7
24,Male,Drug Offense,Primary,77,16,2,1,75.7
42,Male,Assault,Bachelor's,58,7,1,1,42.4
21,Male,Vandalism,Preparatory,19,9,3,2,62.1
39,Female,Robbery,Preparatory,108,8,2,2,67.0
30,Male,Burglary,Preparatory,25,13,5,3,75.2
34,Male,Assault,Preparatory,33,8,1,2,59.7
22,Female,Fraud,Bachelor's,60,6,0,1,30.9
44,Male,Public Order,Primary,22,11,2,1,47.3
45,Male,Assault,Primary,98,10,0,0,54.7
21,Male,Drug Offense,Bachelor's,56,8,3,2,62.6
48,Male,Assault,Preparatory,36,12,3,3,71.6
34,Male,Weapons Offense,Literate,51,10,3,3,79.9
58,Male,Vandalism,Secondary,3,14,0,1,30.9
42,Female,Assault,Bachelor's,46,8,3,0,41.7
29,Female,Murder,Secondary,365,9,1,2,79.8
19,Male,Robbery,Primary,38,10,0,0,55.7
65,Male,Assault,Postgraduate education,92,5,0,0,20.1
60,Male,Drug Offense,Secondary,20,5,0,0,23.5
52,Male,Robbery,Preparatory,76,10,1,1,45.4
46,Male,Public Order,Preparatory,7,7,1,0,28.5
45,Male,Drug Offense,Secondary,76,9,3,0,39.8
55,Male,Weapons Offense,Bachelor's,30,6,0,1,27.2
32,Male,Public Order,Secondary,2,9,0,1,35.9
47,Male,Assault,Secondary,56,9,2,1,50.7
31,Male,Weapons Offense,Secondary,82,9,2,1,62.9
21,Male,Robbery,Illiterate,124,10,2,3,90.7
61,Male,Burglary,Secondary,72,9,2,1,44.8
36,Male,Public Order,Secondary,16,12,5,2,54.9
64,Male,Drug Offense,Secondary,91,10,2,2,59.0
45,Male,Theft,Postgraduate education,25,7,2,0,25.5
33,Male,Theft,Literate,10,10,0,3,56.5
61,Male,Robbery,Preparatory,76,9,2,1,48.4
27,Male,Weapons Offense,Primary,34,18,4,5,100.0
20,Male,Public Order,Preparatory,23,8,0,1,40.7
58,Female,Assault,Preparatory,94,16,5,2,81.0
36,Male,Public Order,Preparatory,10,11,1,1,42.9
26,Male,Sexual Offense,Illiterate,203,11,0,1,73.7
43,Female,Burglary,Literate,26,11,4,2,65.2
65,Male,Theft,Preparatory,8,9,1,1,40.4
36,Male,Vandalism,Preparatory,19,10,2,3,56.7
24,Male,Theft,Preparatory,11,9,1,0,45.8
47,Male,Fraud,Bachelor's,25,8,3,1,36.1
30,Male,Murder,Preparatory,455,7,0,0,65.9
53,Male,Assault,Secondary,58,12,1,1,45.8
31,Male,Robbery,Primary,93,14,6,2,85.7
64,Male,Vandalism,Secondary,28,15,2,5,78.6
58,Male,Burglary,Postgraduate education,42,10,2,2,34.9
32,Male,Robbery,Preparatory,75,12,2,1,61.7
62,Female,Assault,Preparatory,110,6,1,1,38.8
65,Male,Weapons Offense,Literate,93,9,1,0,47.3
19,Male,Theft,Primary,31,6,0,0,35.4
50,Male,Theft,Literate,25,8,2,1,37.4
35,Female,Arson,Bachelor's,92,9,0,0,42.1
33,Male,Drug Offense,Preparatory,14,15,5,5,87.4
35,Male,Burglary,Secondary,70,17,6,2,72.9
52,Male,Fraud,Primary,46,15,2,5,79.4
30,Male,Fraud,Secondary,16,7,0,0,23.1
43,Male,Cybercrime,Preparatory,26,11,3,2,59.6
39,Female,Sexual Offense,Preparatory,105,9,2,0,61.5
18,Male,Theft,Illiterate,46,6,1,1,48.6
56,Male,Drug Offense,Preparatory,54,8,2,0,41.7
47,Male,Theft,Secondary,28,9,3,1,53.4
63,Male,Drug Offense,Preparatory,68,8,3,0,49.1
54,Male,Murder,Secondary,432,12,5,3,92.2
52,Male,Burglary,Secondary,14,7,2,0,35.0
63,Male,Assault,Preparatory,29,9,0,1,39.7
63,Male,Assault,Secondary,92,7,0,0,30.0
56,Male,Vandalism,Preparatory,35,15,6,4,82.9
33,Female,Sexual Offense,Preparatory,99,17,2,3,91.9
24,Female,Burglary,Bachelor's,29,11,4,0,50.3
18,Male,Burglary,Secondary,62,10,2,3,56.7
61,Male,Public Order,Preparatory,13,10,4,3,56.0
48,Male,Burglary,Primary,56,11,2,0,52.6
30,Male,Vandalism,Literate,24,15,5,5,91.4
19,Male,Drug Offense,Preparatory,78,9,1,2,63.7
51,Male,Robbery,Bachelor's,143,7,2,1,43.4
18,Male,Cybercrime,Secondary,22,8,2,0,37.8
48,Male,Theft,Literate,39,9,3,2,58.4
65,Male,Robbery,Postgraduate education,120,14,6,4,80.0
46,Male,Theft,Primary,14,9,0,1,44.4
63,Male,Drug Offense,Secondary,19,17,0,4,67.1
25,Male,Sexual Offense,Bachelor's,141,10,2,1,71.8
60,Male,Theft,Secondary,21,7,2,1,30.2
20,Male,Vandalism,Preparatory,29,6,1,0,38.8
38,Male,Assault,Bachelor's,53,7,0,1,38.3
58,Male,Vandalism,Literate,12,9,3,1,47.7
18,Male,Theft,Bachelor's,39,6,1,1,34.5
61,Male,Weapons Offense,Primary,24,9,3,1,60.1
29,Female,Theft,Preparatory,5,9,0,0,34.9
32,Male,Weapons Offense,Secondary,54,7,1,1,46.9
64,Male,Assault,Bachelor's,26,10,0,2,47.4
21,Male,Robbery,Secondary,88,7,0,1,51.1
35,Female,Theft,Bachelor's,38,12,3,0,40.1
41,Male,Theft,Secondary,15,7,0,0,28.2
29,Male,Cybercrime,Illiterate,50,11,2,1,69.4
63,Male,Theft,Literate,22,8,3,2,45.9
35,Male,Sexual Offense,Literate,106,16,3,4,95.8
58,Male,Theft,Preparatory,23,9,3,2,54.8
60,Male,Theft,Literate,15,8,3,1,47.8
44,Male,Vandalism,Bachelor's,20,10,3,1,37.0
24,Male,Theft,Bachelor's,35,16,7,0,60.5
26,Male,Robbery,Primary,127,11,0,2,66.9
28,Male,Murder,Illiterate,193,11,0,2,75.9
26,Male,Burglary,Secondary,58,12,0,0,33.9
25,Male,Murder,Secondary,456,16,2,4,100.0
38,Female,Vandalism,Bachelor's,21,10,3,3,51.8
29,Male,Robbery,Literate,48,9,1,1,59.6
63,Male,Weapons Offense,Secondary,74,8,1,1,50.5
23,Male,Arson,Secondary,110,5,1,0,45.8
39,Male,Theft,Illiterate,24,6,1,1,44.3
57,Male,Drug Offense,Postgraduate education,34,7,0,0,21.5
60,Male,Vandalism,Bachelor's,18,6,1,0,18.3
58,Male,Theft,Secondary,44,8,2,1,33.2
37,Male,Theft,Bachelor's,32,6,1,1,29.6
56,Male,Cybercrime,Preparatory,21,7,1,1,33.0
19,Male,Drug Offense,Secondary,25,10,4,1,63.6
24,Male,Vandalism,Primary,10,8,2,2,55.8
45,Male,Public Order,Illiterate,10,11,1,3,56.0
25,Female,Theft,Bachelor's,22,6,1,0,23.7
61,Female,Vandalism,Preparatory,4,8,0,0,30.0
44,Male,Fraud,Bachelor's,15,7,2,0,31.1
58,Male,Murder,Secondary,433,14,2,3,95.4
30,Male,Fraud,Secondary,84,11,3,3,65.3
31,Male,Theft,Postgraduate education,47,8,1,1,35.0
26,Male,Public Order,Primary,12,7,2,1,43.8
44,Male,Assault,Secondary,78,7,0,0,39.0
46,Female,Theft,Postgraduate education,32,11,1,1,25.2
57,Male,Robbery,Illiterate,65,9,1,1,57.6
19,Male,Murder,Literate,283,14,5,0,96.0
33,Male,Burglary,Secondary,49,10,4,0,52.9
47,Male,Assault,Primary,74,7,0,1,44.1
53,Male,Murder,Preparatory,462,7,1,0,63.3
45,Male,Murder,Bachelor's,211,8,1,0,63.8
63,Male,Cybercrime,Secondary,15,9,2,2,51.7
52,Male,Robbery,Primary,54,12,0,0,38.8
43,Male,Assault,Preparatory,90,8,0,1,53.3
60,Male,Drug Offense,Literate,67,7,1,0,40.3
65,Male,Burglary,Secondary,28,8,1,1,38.5
51,Male,Arson,Preparatory,73,4,0,0,38.2
39,Male,Kidnapping,Secondary,300,9,3,2,77.3
46,Male,Robbery,Preparatory,40,11,2,0,46.9
39,Male,Assault,Secondary,83,6,0,0,36.0
61,Male,Assault,Secondary,45,9,1,1,46.6
43,Male,Theft,Bachelor's,17,9,0,2,36.3
35,Female,Fraud,Primary,50,7,1,0,40.9
31,Male,Drug Offense,Preparatory,70,12,5,1,65.4
50,Male,Burglary,Literate,57,12,5,2,65.5
29,Female,Weapons Offense,Preparatory,43,9,0,2,55.7
20,Male,Fraud,Primary,79,8,0,1,48.1
18,Female,Burglary,Illiterate,46,12,2,3,74.7
40,Male,Kidnapping,Secondary,140,12,2,2,76.1
55,Male,Kidnapping,Secondary,275,12,2,0,57.9
40,Female,Burglary,Bachelor's,60,9,3,0,45.7
63,Female,Drug Offense,Primary,84,8,2,0,45.2
64,Female,Theft,Secondary,40,16,6,3,70.5
41,Male,Fraud,Bachelor's,23,9,1,2,44.0
29,Male,Burglary,Bachelor's,63,16,5,1,65.5
46,Female,Murder,Primary,478,17,0,5,100.0
36,Female,Weapons Offense,Primary,89,9,1,2,63.4
33,Male,Drug Offense,Primary,76,7,1,0,44.4
47,Female,Robbery,Preparatory,112,8,0,2,60.9
44,Male,Theft,Primary,23,12,5,0,50.2
59,Male,Murder,Secondary,335,10,0,1,63.9
46,Male,Drug Offense,Secondary,20,6,0,0,23.2
45,Male,Murder,Literate,212,15,4,4,100.0
18,Female,Public Order,Secondary,19,10,0,3,58.3
28,Male,Burglary,Literate,70,6,2,0,49.7
50,Male,Cybercrime,Preparatory,21,14,2,1,39.3
24,Female,Assault,Bachelor's,71,10,1,3,61.1
41,Male,Cybercrime,Preparatory,20,8,2,1,42.7
18,Male,Drug Offense,Bachelor's,36,13,1,4,65.7
30,Male,Vandalism,Illiterate,25,12,1,1,54.3
43,Male,Theft,Secondary,43,11,2,0,37.1
41,Male,Arson,Secondary,108,10,2,2,57.3
36,Male,Robbery,Preparatory,129,5,1,1,40.1
46,Female,Fraud,Bachelor's,30,7,0,0,24.2
62,Male,Sexual Offense,Bachelor's,194,11,3,3,73.2
27,Male,Assault,Preparatory,113,11,0,3,74.9
24,Male,Theft,Secondary,30,7,1,0,35.1
41,Male,Fraud,Primary,71,6,2,1,45.3
43,Male,Fraud,Primary,57,9,0,2,41.6
39,Male,Theft,Literate,6,15,1,5,81.6
45,Male,Fraud,Secondary,40,9,1,2,44.3
57,Female,Burglary,Bachelor's,53,5,0,0,16.7
44,Female,Burglary,Primary,39,5,1,1,37.8
56,Female,Assault,Primary,68,16,7,1,83.2
44,Male,Assault,Postgraduate education,100,10,2,2,56.7
36,Male,Drug Offense,Illiterate,39,6,0,0,49.0
32,Male,Fraud,Bachelor's,26,11,1,1,43.3
21,Female,Weapons Offense,Bachelor's,85,12,3,2,78.2
42,Male,Theft,Primary,24,8,3,0,40.1
20,Male,Weapons Offense,Bachelor's,36,4,0,0,33.9
45,Male,Vandalism,Secondary,22,10,0,1,37.6
57,Male,Murder,Bachelor's,208,15,2,4,84.1
58,Male,Theft,Bachelor's,27,12,4,1,46.6
37,Male,Vandalism,Preparatory,36,8,0,2,43.0
60,Female,Vandalism,Bachelor's,22,7,1,0,21.1
45,Male,Theft,Bachelor's,15,17,2,1,42.9
60,Male,Robbery,Preparatory,91,7,1,1,39.4
43,Male,Assault,Bachelor's,104,13,0,4,64.4
27,Male,Burglary,Preparatory,72,13,5,2,67.6
39,Female,Fraud,Primary,19,11,0,2,47.6
42,Female,Arson,Illiterate,98,13,2,3,81.7
28,Male,Assault,Literate,109,8,2,1,65.6
30,Male,Sexual Offense,Preparatory,162,5,0,1,60.1
47,Male,Fraud,Secondary,72,10,0,2,47.6
58,Male,Burglary,Bachelor's,22,9,1,1,29.2
43,Male,Sexual Offense,Secondary,128,11,1,2,62.7
30,Male,Weapons Offense,Secondary,67,9,0,1,54.5
64,Male,Robbery,Primary,47,8,3,0,47.1
47,Male,Assault,Bachelor's,78,18,3,1,70.7
24,Male,Assault,Illiterate,98,9,0,2,74.0
56,Female,Fraud,Secondary,77,8,1,0,27.2
22,Female,Burglary,Preparatory,60,9,3,2,61.6
19,Male,Theft,Secondary,10,9,1,1,52.0
40,Male,Fraud,Preparatory,55,11,2,1,52.8
30,Male,Drug Offense,Bachelor's,17,15,6,0,59.1
52,Male,Theft,Preparatory,37,6,1,0,30.5
61,Male,Fraud,Preparatory,35,17,3,1,53.6
37,Female,Murder,Secondary,393,11,3,0,74.6
65,Male,Theft,Bachelor's,3,17,5,5,77.9
52,Male,Murder,Bachelor's,450,8,2,2,74.0
42,Male,Sexual Offense,Secondary,162,13,1,0,55.5
21,Male,Arson,Illiterate,85,11,1,3,80.9
22,Male,Drug Offense,Postgraduate education,24,8,0,0,34.9
30,Male,Fraud,Primary,79,7,0,0,35.1
40,Male,Weapons Offense,Illiterate,25,10,1,3,69.0
36,Male,Vandalism,Preparatory,3,10,3,2,51.6
38,Male,Assault,Primary,111,12,0,1,59.7
55,Male,Sexual Offense,Preparatory,160,15,2,2,77.7
64,Male,Burglary,Secondary,27,8,0,2,37.4
50,Male,Vandalism,Preparatory,12,17,6,4,82.3
47,Male,Burglary,Secondary,60,12,1,3,59.7
34,Male,Robbery,Bachelor's,131,13,1,0,43.8
57,Male,Vandalism,Preparatory,15,7,0,1,24.7
59,Male,Theft,Secondary,23,10,4,3,56.6
26,Male,Arson,Secondary,92,8,1,2,59.8
58,Male,Vandalism,Preparatory,28,13,4,3,60.6
45,Male,Burglary,Primary,20,15,6,3,83.5
51,Female,Fraud,Bachelor's,67,11,4,1,43.3
32,Female,Public Order,Primary,7,12,2,1,47.2
53,Male,Fraud,Secondary,62,15,5,1,52.5
54,Male,Robbery,Illiterate,129,10,4,2,75.5
58,Female,Vandalism,Primary,5,8,1,0,30.2
63,Male,Burglary,Postgraduate education,39,12,3,2,43.0
27,Male,Burglary,Primary,23,3,0,0,38.6
25,Male,Robbery,Primary,83,13,5,3,87.5
46,Male,Vandalism,Illiterate,23,12,4,0,60.0
49,Male,Theft,Illiterate,43,11,3,0,60.0
52,Male,Fraud,Primary,69,13,3,4,69.7
26,Male,Drug Offense,Preparatory,30,11,0,0,42.7
34,Male,Robbery,Secondary,133,13,5,1,69.3
32,Female,Drug Offense,Illiterate,62,9,1,0,57.8
58,Male,Theft,Illiterate,46,9,0,0,34.3
54,Male,Murder,Preparatory,336,6,2,0,59.7
34,Male,Weapons Offense,Postgraduate education,52,9,3,1,47.1
35,Male,Drug Offense,Preparatory,21,11,3,0,49.0
44,Male,Theft,Bachelor's,44,12,0,1,39.0
59,Male,Burglary,Preparatory,38,12,2,2,52.2
61,Female,Theft,Secondary,8,5,1,0,15.3
33,Male,Burglary,Literate,13,7,1,0,41.2
32,Female,Assault,Preparatory,60,10,4,1,67.0
46,Male,Public Order,Secondary,14,9,0,0,26.4
56,Female,Burglary,Illiterate,58,11,3,2,69.4
65,Male,Theft,Preparatory,35,4,1,0,22.8
64,Male,Kidnapping,Secondary,190,10,0,1,53.6
26,Male,Weapons Offense,Primary,36,7,1,1,54.3
58,Male,Assault,Secondary,118,17,4,2,68.3
32,Male,Theft,Illiterate,22,9,0,1,52.8
33,Male,Assault,Primary,81,8,1,1,57.8
32,Male,Vandalism,Secondary,19,6,0,0,28.7
42,Male,Weapons Offense,Preparatory,75,7,1,1,45.8
51,Male,Burglary,Postgraduate education,59,14,0,0,28.7
49,Male,Theft,Bachelor's,31,9,2,0,28.8
49,Male,Assault,Postgraduate education,53,2,0,0,19.0
50,Male,Theft,Preparatory,13,14,3,3,67.5
41,Male,Theft,Primary,24,7,0,0,30.8
40,Male,Murder,Preparatory,442,9,3,1,83.5
52,Female,Drug Offense,Literate,18,6,2,0,41.5
55,Male,Vandalism,Illiterate,21,11,0,1,40.8
61,Male,Vandalism,Secondary,19,8,1,0,21.5
65,Male,Assault,Illiterate,39,10,0,0,50.5
51,Male,Assault,Illiterate,92,8,0,1,43.4
19,Male,Assault,Secondary,52,5,1,0,50.3
54,Male,Sexual Offense,Secondary,188,7,1,0,54.9
42,Male,Arson,Preparatory,37,10,1,2,62.2
19,Male,Sexual Offense,Primary,106,13,2,2,77.5
55,Male,Drug Offense,Preparatory,54,12,3,2,54.5
36,Male,Vandalism,Bachelor's,22,11,2,0,31.7
58,Male,Arson,Secondary,101,13,2,0,44.8
59,Female,Weapons Offense,Preparatory,76,8,2,2,56.4
32,Male,Vandalism,Secondary,27,12,1,0,35.1
49,Male,Burglary,Secondary,71,6,2,0,34.8
46,Male,Vandalism,Secondary,25,8,1,1,33.9
58,Male,Sexual Offense,Primary,129,3,0,0,41.7
55,Male,Assault,Bachelor's,98,7,1,1,44.5
24,Male,Theft,Preparatory,23,9,2,0,40.7
54,Male,Drug Offense,Secondary,24,8,1,1,36.2
63,Male,Assault,Preparatory,90,12,1,0,47.3
43,Male,Sexual Offense,Secondary,112,17,3,1,75.7
53,Female,Vandalism,Preparatory,34,7,0,1,27.7
22,Male,Drug Offense,Bachelor's,69,14,2,3,73.9
37,Female,Arson,Secondary,39,10,2,2,57.5
38,Male,Burglary,Literate,69,11,3,0,50.6
29,Male,Assault,Bachelor's,28,9,1,1,48.5
29,Female,Fraud,Secondary,75,8,0,2,47.8
52,Male,Robbery,Primary,97,13,0,2,59.1
53,Male,Fraud,Bachelor's,66,17,7,1,64.4
19,Male,Theft,Illiterate,43,8,2,1,56.7
61,Male,Robbery,Secondary,46,5,1,1,38.3
40,Female,Assault,Secondary,88,10,2,2,59.5
37,Female,Drug Offense,Literate,56,5,0,1,42.8
22,Male,Fraud,Primary,32,9,2,0,51.6
48,Male,Weapons Offense,Secondary,92,12,4,2,66.9
55,Male,Assault,Bachelor's,86,12,2,2,62.4
25,Male,Drug Offense,Illiterate,33,8,0,2,64.1
30,Male,Drug Offense,Illiterate,69,8,3,0,57.5
63,Female,Theft,Preparatory,14,6,0,0,16.9
26,Male,Sexual Offense,Secondary,176,8,3,0,64.2
52,Male,Sexual Offense,Literate,130,8,1,0,55.0
40,Male,Weapons Offense,Secondary,81,11,0,3,69.4
22,Male,Theft,Primary,31,6,2,0,49.6
46,Male,Theft,Primary,47,10,2,1,41.7
38,Male,Burglary,Illiterate,62,10,4,3,77.5
43,Male,Kidnapping,Preparatory,220,7,0,1,57.7
25,Male,Kidnapping,Illiterate,162,12,3,0,75.3
53,Male,Sexual Offense,Secondary,164,6,2,0,44.3
20,Male,Assault,Secondary,29,11,1,1,61.3
60,Male,Weapons Offense,Primary,95,13,3,3,72.4
64,Male,Murder,Primary,288,8,3,0,69.5
41,Male,Theft,Bachelor's,35,8,2,2,38.7
38,Male,Murder,Literate,180,4,0,0,51.7
37,Male,Fraud,Primary,34,12,1,2,60.4
50,Male,Weapons Offense,Secondary,79,14,1,4,68.5
46,Male,Arson,Preparatory,107,12,0,2,54.6
51,Male,Public Order,Postgraduate education,7,15,4,0,36.1
55,Male,Drug Offense,Secondary,37,9,1,0,35.7
65,Female,Assault,Primary,46,8,0,0,47.3
43,Male,Vandalism,Preparatory,22,13,5,0,45.2
37,Male,Murder,Illiterate,254,9,3,1,70.6
19,Male,Theft,Preparatory,25,6,2,0,38.6
57,Male,Murder,Literate,341,10,0,1,72.0
48,Female,Assault,Secondary,56,7,2,1,46.1
63,Male,Assault,Secondary,96,10,1,1,44.6
45,Male,Burglary,Secondary,32,13,3,3,63.5
27,Male,Assault,Illiterate,39,8,1,0,48.9
54,Male,Theft,Primary,26,8,1,1,33.1
27,Female,Theft,Secondary,11,10,4,2,53.2
27,Male,Theft,Primary,32,10,3,2,55.2
44,Male,Vandalism,Bachelor's,5,15,4,4,74.5
45,Male,Fraud,Preparatory,65,8,1,0,32.4
59,Female,Assault,Preparatory,48,9,0,1,50.0
46,Female,Assault,Illiterate,30,11,0,1,56.6
54,Female,Public Order,Bachelor's,23,8,2,0,19.0
41,Male,Public Order,Primary,17,7,2,1,46.7
51,Female,Theft,Primary,47,7,1,1,44.3
46,Male,Drug Offense,Preparatory,25,13,5,3,79.0
48,Male,Theft,Secondary,38,13,3,2,52.2
40,Male,Sexual Offense,Preparatory,123,8,1,2,66.4
62,Male,Sexual Offense,Bachelor's,235,15,6,2,85.7
23,Male,Assault,Primary,88,9,0,2,67.7
23,Male,Murder,Literate,399,12,1,0,83.6
26,Male,Burglary,Preparatory,15,11,3,0,46.6
50,Male,Theft,Preparatory,8,9,0,1,22.3
40,Male,Public Order,Bachelor's,4,11,1,2,38.3
18,Female,Vandalism,Primary,34,8,0,2,48.0
63,Male,Vandalism,Secondary,5,14,3,0,38.3
45,Male,Cybercrime,Preparatory,57,8,2,1,45.1
55,Male,Theft,Bachelor's,3,16,1,5,65.6
52,Female,Public Order,Bachelor's,10,8,0,0,11.2
45,Male,Murder,Illiterate,415,9,1,1,84.2
58,Male,Burglary,Secondary,44,10,4,3,54.1
30,Male,Drug Offense,Literate,42,8,1,0,54.5
25,Male,Cybercrime,Preparatory,11,11,4,0,54.4
27,Male,Theft,Preparatory,29,5,0,0,29.9
63,Male,Public Order,Postgraduate education,5,10,0,3,34.8
43,Male,Burglary,Primary,20,4,1,0,34.5
21,Female,Public Order,Primary,5,6,0,0,36.1
24,Male,Assault,Preparatory,53,11,3,2,73.3
19,Male,Drug Offense,Preparatory,28,14,4,4,91.1
50,Male,Murder,Primary,380,8,2,0,65.8
62,Male,Robbery,Preparatory,44,14,2,1,54.0
30,Male,Weapons Offense,Primary,78,9,3,1,71.1
33,Male,Cybercrime,Primary,39,12,5,3,76.2
51,Male,Assault,Literate,66,9,0,1,47.2
61,Male,Theft,Preparatory,37,11,1,1,45.3
25,Male,Burglary,Literate,43,8,3,1,55.6
27,Male,Theft,Preparatory,44,8,1,1,46.4
32,Male,Sexual Offense,Bachelor's,177,11,2,1,70.1
37,Male,Burglary,Preparatory,15,9,1,2,45.3
41,Female,Robbery,Primary,138,6,2,1,54.0
39,Male,Assault,Primary,47,11,0,2,58.3
36,Female,Weapons Offense,Preparatory,29,5,1,1,41.4
48,Male,Vandalism,Secondary,22,8,3,2,48.5
55,Male,Theft,Secondary,3,15,6,4,68.8
62,Male,Theft,Secondary,32,10,3,2,45.3
50,Male,Assault,Primary,50,12,1,2,54.4
62,Male,Theft,Primary,23,13,3,1,57.7
37,Male,Drug Offense,Literate,59,6,1,0,38.8
32,Male,Assault,Literate,74,13,3,2,75.2
62,Male,Fraud,Preparatory,44,8,0,0,35.2
37,Male,Weapons Offense,Secondary,39,7,1,0,37.2
28,Female,Fraud,Secondary,21,6,2,1,43.9
36,Male,Drug Offense,Primary,88,10,2,3,67.0
28,Female,Theft,Secondary,12,7,2,1,39.1
40,Male,Assault,Primary,63,7,1,1,61.9
65,Female,Theft,Preparatory,4,3,0,0,15.5
50,Female,Fraud,Preparatory,72,16,1,0,40.2
19,Female,Drug Offense,Illiterate,38,7,2,1,68.4
49,Male,Murder,Bachelor's,465,9,3,2,81.6
26,Male,Burglary,Preparatory,50,12,4,0,55.8
26,Male,Theft,Primary,39,7,1,0,39.4
58,Male,Burglary,Secondary,13,14,3,2,54.1
36,Male,Arson,Secondary,39,16,6,2,78.6
38,Male,Kidnapping,Secondary,146,6,2,0,49.5
39,Male,Drug Offense,Preparatory,19,11,1,2,60.2
33,Female,Fraud,Secondary,32,9,3,1,50.3
47,Female,Cybercrime,Illiterate,48,6,0,1,40.1
41,Male,Public Order,Secondary,16,13,4,4,64.5
24,Female,Drug Offense,Preparatory,68,8,3,2,68.1
27,Male,Theft,Preparatory,19,8,2,2,50.6
18,Male,Murder,Primary,475,14,0,1,93.6
46,Male,Burglary,Secondary,58,7,0,1,37.4
25,Male,Vandalism,Primary,7,10,4,0,47.4
44,Male,Kidnapping,Secondary,270,10,1,0,56.3
51,Male,Assault,Preparatory,83,10,3,0,49.4
18,Male,Assault,Bachelor's,94,7,1,0,47.7
53,Male,Vandalism,Secondary,34,7,2,0,26.7
64,Male,Weapons Offense,Secondary,93,15,0,4,66.7
52,Male,Burglary,Secondary,24,12,0,0,22.4
21,Male,Fraud,Bachelor's,72,11,3,0,49.5
53,Male,Drug Offense,Preparatory,82,7,1,0,41.8
34,Male,Vandalism,Bachelor's,5,7,0,0,23.7
64,Male,Burglary,Literate,13,14,4,2,63.6
44,Male,Burglary,Preparatory,39,9,3,0,48.2
49,Male,Public Order,Primary,3,6,1,0,21.1
55,Male,Sexual Offense,Secondary,103,12,2,3,75.5
29,Male,Sexual Offense,Secondary,141,14,2,3,84.5
56,Male,Sexual Offense,Preparatory,97,8,2,1,61.2
29,Male,Arson,Bachelor's,55,8,1,2,50.5
53,Male,Theft,Literate,13,10,4,3,50.5
28,Male,Robbery,Secondary,46,13,5,0,60.7
62,Male,Assault,Secondary,106,8,3,1,50.0
59,Male,Assault,Primary,53,10,1,3,68.4
44,Male,Theft,Illiterate,47,9,0,0,36.2
32,Male,Robbery,Preparatory,41,8,3,1,56.5
22,Male,Assault,Literate,47,13,3,3,87.6
33,Female,Assault,Preparatory,95,11,3,2,68.9
60,Male,Vandalism,Secondary,13,8,2,1,29.4
23,Male,Drug Offense,Secondary,65,13,4,1,74.6
40,Female,Weapons Offense,Illiterate,33,10,3,1,62.3
20,Male,Drug Offense,Primary,18,8,2,0,50.0
64,Male,Theft,Secondary,39,5,0,0,6.9
23,Male,Drug Offense,Preparatory,53,8,3,1,58.7
50,Male,Vandalism,Secondary,8,10,3,0,35.1
62,Male,Cybercrime,Bachelor's,26,15,2,1,52.6
19,Male,Robbery,Literate,56,9,0,0,54.6
64,Male,Theft,Illiterate,13,10,4,0,56.2
50,Male,Arson,Primary,102,9,0,0,36.3
29,Male,Vandalism,Primary,6,7,0,0,24.6
55,Male,Murder,Preparatory,228,7,0,1,60.0
36,Male,Burglary,Bachelor's,18,4,0,0,25.0
56,Male,Robbery,Literate,51,9,1,1,56.6
34,Male,Assault,Secondary,39,10,4,1,57.6
49,Male,Fraud,Illiterate,56,8,0,1,44.7
53,Male,Public Order,Preparatory,8,10,1,0,32.9
39,Female,Theft,Literate,24,6,2,1,43.4
32,Female,Kidnapping,Primary,241,11,1,2,76.6
57,Female,Kidnapping,Primary,178,8,2,0,52.8
61,Male,Kidnapping,Secondary,241,15,4,0,72.3
39,Male,Arson,Secondary,44,13,4,2,63.0
48,Male,Fraud,Preparatory,60,8,0,1,38.1
35,Male,Public Order,Bachelor's,22,12,2,3,52.4
41,Male,Robbery,Secondary,48,7,2,0,43.3
52,Male,Assault,Illiterate,26,8,3,0,50.1
46,Male,Fraud,Preparatory,67,3,0,0,21.4
26,Female,Assault,Illiterate,114,15,2,3,89.0
42,Male,Theft,Literate,5,10,4,3,59.1
33,Male,Burglary,Secondary,34,5,0,1,39.8
32,Male,Assault,Bachelor's,32,5,0,1,42.0
38,Male,Public Order,Preparatory,1,10,2,1,38.2
64,Male,Cybercrime,Bachelor's,30,8,3,0,34.2
25,Female,Assault,Illiterate,90,5,0,1,57.8
38,Male,Sexual Offense,Primary,111,7,2,1,62.0
65,Male,Public Order,Illiterate,10,6,2,0,22.9
37,Male,Drug Offense,Primary,89,8,0,1,51.9
28,Male,Burglary,Secondary,50,12,5,0,56.1
40,Male,Public Order,Preparatory,23,12,5,0,46.3
32,Male,Weapons Offense,Primary,62,11,1,1,61.0
23,Male,Robbery,Primary,130,12,3,3,85.7
57,Male,Assault,Postgraduate education,82,14,5,0,53.3
23,Male,Assault,Secondary,106,15,6,5,100.0
44,Male,Vandalism,Illiterate,8,9,2,0,44.3
31,Male,Burglary,Postgraduate education,70,5,1,1,31.3
61,Male,Assault,Illiterate,93,12,5,2,79.6
48,Male,Vandalism,Secondary,36,4,0,0,14.3
59,Male,Burglary,Bachelor's,15,10,0,0,21.3
54,Male,Arson,Bachelor's,54,8,2,0,31.1
38,Male,Theft,Secondary,41,10,1,2,45.0
59,Male,Fraud,Primary,54,11,0,1,47.1
19,Male,Arson,Preparatory,85,5,0,1,51.1
60,Male,Robbery,Bachelor's,36,9,3,2,52.3
44,Male,Theft,Secondary,14,6,2,0,28.8
41,Male,Kidnapping,Bachelor's,253,8,2,0,58.4
56,Male,Assault,Secondary,27,10,4,3,73.4
46,Male,Robbery,Literate,39,9,2,0,47.9
29,Female,Vandalism,Preparatory,9,12,1,1,42.8
49,Male,Theft,Bachelor's,39,9,3,0,26.7
58,Male,Burglary,Secondary,12,10,3,1,47.4
39,Female,Vandalism,Primary,6,13,0,1,46.2
25,Male,Burglary,Literate,66,9,2,2,60.8
51,Female,Robbery,Illiterate,103,10,2,1,61.7
41,Male,Robbery,Literate,46,14,5,3,82.6
33,Male,Public Order,Secondary,24,5,1,0,24.4
36,Male,Vandalism,Literate,25,12,2,0,38.9
42,Male,Burglary,Preparatory,32,4,0,0,25.8
65,Male,Theft,Preparatory,38,7,2,0,25.3
50,Male,Assault,Preparatory,42,13,0,4,69.4
21,Male,Theft,Secondary,9,10,1,3,60.0
38,Male,Fraud,Bachelor's,18,12,4,2,54.6
48,Male,Drug Offense,Preparatory,72,10,1,2,60.2
54,Male,Vandalism,Primary,32,4,0,0,19.6
24,Male,Assault,Bachelor's,81,10,3,2,64.3
27,Male,Vandalism,Preparatory,32,8,3,0,42.9
33,Male,Weapons Offense,Preparatory,57,7,1,0,51.9
55,Male,Vandalism,Secondary,10,15,1,1,39.5
58,Male,Theft,Bachelor's,43,7,1,1,25.0
53,Male,Assault,Primary,53,14,1,4,83.5
39,Male,Theft,Secondary,40,8,2,0,37.3
62,Male,Arson,Preparatory,50,12,0,2,51.5
48,Female,Fraud,Postgraduate education,22,8,1,1,34.1
51,Male,Cybercrime,Secondary,57,6,1,0,25.5
47,Male,Public Order,Preparatory,21,8,1,1,36.5
62,Male,Theft,Primary,47,18,2,3,68.5
21,Female,Fraud,Primary,37,11,0,0,48.6
57,Male,Drug Offense,Bachelor's,32,10,1,1,42.9
44,Male,Theft,Secondary,15,8,3,2,49.5
35,Female,Robbery,Primary,43,12,1,3,70.3
29,Female,Assault,Secondary,64,11,3,0,62.5
55,Male,Theft,Preparatory,31,9,1,2,48.1
24,Male,Vandalism,Preparatory,18,10,0,1,43.9
38,Male,Theft,Primary,35,10,4,1,51.3
22,Male,Arson,Primary,43,12,2,2,69.4
18,Male,Kidnapping,Secondary,295,8,1,0,71.0
43,Male,Robbery,Preparatory,49,10,2,0,38.6
25,Male,Fraud,Secondary,34,11,2,0,41.7
51,Male,Drug Offense,Literate,85,13,0,1,53.2
46,Male,Public Order,Secondary,8,17,6,3,74.1
37,Male,Assault,Secondary,72,11,4,1,59.0
20,Male,Theft,Secondary,37,11,2,0,45.8
45,Male,Fraud,Illiterate,27,10,0,1,41.5
38,Male,Theft,Bachelor's,27,12,5,3,63.4
39,Male,Cybercrime,Literate,6,9,0,0,38.8
43,Male,Fraud,Bachelor's,67,6,1,1,31.4
40,Male,Fraud,Primary,48,9,0,0,34.8
29,Male,Vandalism,Secondary,6,8,2,1,39.0
31,Male,Robbery,Bachelor's,60,10,4,3,68.8
45,Male,Fraud,Postgraduate education,32,9,3,2,42.0
23,Male,Robbery,Secondary,144,11,4,0,65.9
46,Male,Cybercrime,Illiterate,28,8,0,1,46.1
48,Male,Cybercrime,Secondary,14,9,3,2,48.1
25,Male,Public Order,Postgraduate education,23,8,3,1,22.5
57,Male,Murder,Preparatory,303,10,1,3,78.4
55,Female,Cybercrime,Literate,57,11,4,2,55.7
50,Male,Assault,Preparatory,46,8,2,1,49.5
29,Male,Assault,Bachelor's,106,8,3,2,68.4
22,Male,Fraud,Secondary,41,5,0,1,46.6
30,Male,Assault,Bachelor's,60,4,1,0,36.9
56,Male,Theft,Secondary,30,14,3,2,55.9
48,Male,Robbery,Primary,73,8,3,0,56.2
39,Male,Public Order,Secondary,11,10,4,2,51.0
41,Male,Arson,Preparatory,68,15,1,2,65.4
48,Male,Assault,Preparatory,57,16,2,3,76.6
22,Female,Burglary,Secondary,42,10,4,3,69.4
49,Male,Theft,Postgraduate education,40,9,0,2,27.8
36,Male,Burglary,Bachelor's,24,11,3,0,45.1
55,Male,Weapons Offense,Literate,87,7,1,1,57.9
20,Female,Robbery,Secondary,120,6,1,1,54.2
41,Female,Weapons Offense,Secondary,58,9,1,0,44.3
48,Female,Burglary,Illiterate,26,12,4,1,67.5
23,Male,Theft,Illiterate,38,7,1,1,53.9
29,Male,Burglary,Secondary,42,10,0,2,57.4
58,Male,Sexual Offense,Postgraduate education,146,10,3,1,55.3
26,Female,Murder,Preparatory,475,11,2,3,97.2
24,Male,Sexual Offense,Primary,109,12,5,0,84.9
41,Male,Robbery,Literate,133,8,1,2,60.4
59,Male,Robbery,Primary,89,10,3,1,61.4
36,Male,Cybercrime,Literate,39,6,0,0,36.1
51,Male,Burglary,Primary,40,9,2,0,44.4
20,Male,Assault,Secondary,101,14,1,3,78.5
31,Male,Robbery,Primary,45,10,1,1,59.3
19,Male,Fraud,Preparatory,12,11,2,2,61.6
61,Male,Theft,Preparatory,38,10,0,1,39.7
26,Male,Theft,Primary,5,9,2,1,51.5
39,Male,Robbery,Preparatory,77,14,6,1,66.4
57,Male,Theft,Primary,13,13,0,0,35.1
37,Male,Public Order,Illiterate,12,14,5,3,74.7
41,Male,Drug Offense,Primary,69,10,0,1,48.9
53,Male,Theft,Bachelor's,34,9,3,2,45.9
19,Male,Vandalism,Preparatory,15,10,2,3,67.8
51,Male,Weapons Offense,Secondary,54,10,4,0,51.3
55,Male,Theft,Literate,18,10,0,1,39.4
50,Male,Kidnapping,Illiterate,261,9,1,1,69.4
49,Male,Drug Offense,Illiterate,75,17,4,1,76.9
34,Male,Theft,Literate,43,11,2,0,47.0
34,Male,Public Order,Secondary,13,9,3,1,48.5
20,Female,Drug Offense,Primary,60,6,1,0,46.0
48,Female,Drug Offense,Primary,30,7,0,1,42.0
36,Male,Burglary,Literate,69,8,1,1,46.6
45,Male,Assault,Preparatory,55,10,3,1,60.3
59,Male,Robbery,Primary,116,8,3,0,61.4
42,Male,Cybercrime,Secondary,19,15,5,2,68.2
29,Male,Drug Offense,Primary,24,11,0,0,42.0
49,Male,Weapons Offense,Bachelor's,91,8,3,2,54.1
31,Male,Robbery,Bachelor's,140,8,3,0,50.9
47,Male,Drug Offense,Secondary,22,9,1,0,38.4
64,Male,Arson,Secondary,109,11,1,3,58.3
63,Female,Theft,Secondary,45,10,0,0,27.7
27,Male,Vandalism,Literate,30,10,3,1,59.9
32,Male,Drug Offense,Preparatory,29,17,0,2,70.1
50,Male,Burglary,Illiterate,51,11,1,1,51.5
32,Male,Arson,Secondary,40,9,1,0,46.3
19,Male,Drug Offense,Secondary,64,16,5,2,85.7
46,Male,Fraud,Illiterate,56,12,4,1,67.1
39,Male,Kidnapping,Primary,189,10,2,3,86.4
64,Male,Vandalism,Secondary,32,12,5,1,34.7
32,Male,Assault,Primary,53,8,3,0,62.2
31,Female,Burglary,Primary,43,15,1,3,71.3
61,Male,Public Order,Preparatory,21,7,0,0,15.9
32,Male,Fraud,Primary,37,8,2,2,57.3
22,Male,Weapons Offense,Preparatory,51,10,0,0,61.5
25,Male,Weapons Offense,Primary,72,3,0,0,43.2
62,Male,Fraud,Bachelor's,68,9,1,0,25.0
20,Male,Theft,Bachelor's,8,14,0,2,46.7
41,Male,Theft,Preparatory,17,12,5,2,63.2
32,Male,Fraud,Secondary,59,5,0,0,23.6
39,Male,Burglary,Secondary,31,11,0,1,43.6
25,Male,Theft,Secondary,19,9,3,0,33.4
23,Male,Burglary,Primary,54,5,0,1,42.2
26,Male,Drug Offense,Secondary,28,8,3,0,51.7
20,Male,Weapons Offense,Primary,93,11,4,1,79.6
29,Male,Drug Offense,Secondary,17,8,1,2,51.9
43,Male,Drug Offense,Bachelor's,83,10,4,1,59.2
62,Male,Fraud,Primary,73,11,1,2,54.3
19,Male,Public Order,Secondary,18,6,1,1,38.6
52,Male,Burglary,Secondary,51,13,4,3,64.6
50,Male,Robbery,Preparatory,48,7,0,1,44.4
54,Male,Murder,Primary,221,11,1,2,79.2
23,Female,Theft,Bachelor's,22,10,4,1,58.5
55,Male,Assault,Primary,25,14,4,4,86.8
54,Male,Weapons Offense,Preparatory,40,12,5,3,85.1
57,Male,Drug Offense,Bachelor's,62,13,4,2,64.6
30,Female,Drug Offense,Illiterate,22,4,1,0,42.6
33,Male,Arson,Bachelor's,77,8,2,0,42.8
30,Male,Burglary,Secondary,37,7,1,1,39.7
56,Male,Theft,Secondary,27,5,0,0,14.7
37,Female,Arson,Postgraduate education,79,8,1,2,47.6
23,Female,Fraud,Bachelor's,44,5,0,0,24.8
44,Male,Drug Offense,Literate,91,4,1,0,40.0
44,Male,Weapons Offense,Secondary,95,7,2,1,41.6
27,Male,Theft,Preparatory,3,13,4,4,83.5
36,Male,Burglary,Literate,14,12,0,0,41.2
65,Male,Assault,Secondary,92,9,2,0,45.8
37,Male,Drug Offense,Bachelor's,22,13,1,3,61.3
30,Male,Robbery,Preparatory,51,7,1,1,51.9
19,Female,Burglary,Preparatory,53,7,2,0,39.3
60,Male,Theft,Literate,48,12,2,2,55.4
18,Male,Cybercrime,Primary,38,14,2,1,55.3
27,Male,Assault,Preparatory,34,13,0,1,61.3
19,Male,Drug Offense,Preparatory,83,6,2,0,55.3
57,Male,Burglary,Preparatory,16,15,2,0,38.5
26,Male,Vandalism,Illiterate,9,5,0,0,37.7
41,Male,Theft,Preparatory,6,12,2,1,49.2
65,Male,Vandalism,Primary,33,5,1,1,26.5
61,Male,Weapons Offense,Secondary,28,6,2,1,40.5
55,Male,Vandalism,Preparatory,28,12,1,2,47.9
45,Male,Burglary,Postgraduate education,15,15,1,5,65.5
56,Female,Robbery,Illiterate,129,9,3,2,70.4
63,Male,Theft,Bachelor's,27,11,2,3,48.7
38,Male,Burglary,Preparatory,28,16,3,4,84.9
48,Male,Burglary,Secondary,12,13,0,1,42.1
48,Female,Vandalism,Primary,11,10,4,1,52.9
47,Female,Fraud,Secondary,46,13,1,1,47.2
37,Male,Weapons Offense,Preparatory,34,7,1,0,34.7
49,Female,Arson,Bachelor's,72,10,4,0,47.6
65,Male,Vandalism,Postgraduate education,3,8,0,2,15.5
22,Male,Assault,Preparatory,119,6,1,1,61.7
63,Male,Kidnapping,Bachelor's,171,15,3,3,74.3
47,Male,Vandalism,Secondary,33,10,3,0,39.8
41,Male,Assault,Preparatory,100,13,5,4,95.6
25,Male,Theft,Bachelor's,35,8,0,1,37.3
57,Male,Theft,Literate,23,11,0,2,42.3
46,Male,Theft,Postgraduate education,16,8,3,1,36.5
32,Male,Vandalism,Bachelor's,24,6,1,0,22.3
51,Male,Burglary,Postgraduate education,21,9,3,0,24.1
60,Male,Vandalism,Bachelor's,11,9,2,1,30.5
27,Male,Theft,Literate,43,14,0,2,61.2
35,Female,Theft,Bachelor's,26,3,0,0,11.2
42,Male,Vandalism,Secondary,31,2,0,0,20.1
44,Male,Arson,Literate,117,7,0,0,42.5
27,Male,Theft,Primary,22,6,2,1,50.3
29,Male,Murder,Primary,454,8,0,2,90.1
50,Female,Cybercrime,Secondary,42,6,1,1,30.4
19,Male,Theft,Secondary,19,8,3,1,43.9
42,Male,Assault,Secondary,43,15,6,5,94.3
43,Male,Kidnapping,Preparatory,263,10,2,0,58.7
40,Male,Drug Offense,Preparatory,66,14,5,0,55.6
60,Female,Sexual Offense,Preparatory,133,8,2,1,57.3
35,Male,Vandalism,Secondary,23,10,0,3,51.3
62,Male,Fraud,Primary,66,10,1,1,45.9
54,Male,Assault,Secondary,105,12,1,2,58.5
20,Male,Public Order,Preparatory,15,16,3,0,45.5
62,Male,Drug Offense,Secondary,81,18,6,6,96.5
29,Male,Robbery,Primary,84,9,2,2,61.3
33,Male,Vandalism,Secondary,13,8,0,0,25.8
20,Male,Burglary,Secondary,44,11,3,3,69.5
33,Male,Weapons Offense,Literate,90,14,4,0,68.9
22,Male,Theft,Primary,5,17,4,0,59.0
36,Male,Fraud,Bachelor's,52,8,0,2,34.8
28,Male,Assault,Illiterate,67,9,0,0,55.2
48,Male,Vandalism,Preparatory,15,15,6,3,76.3
20,Male,Theft,Secondary,6,16,0,3,66.0
30,Male,Burglary,Illiterate,62,11,4,0,59.3
49,Male,Vandalism,Secondary,8,16,7,2,71.6
26,Female,Vandalism,Bachelor's,14,8,0,2,40.7
33,Male,Robbery,Bachelor's,114,19,3,1,74.1
39,Male,Theft,Secondary,13,14,0,4,55.5
49,Male,Theft,Preparatory,7,14,5,1,59.5
56,Male,Robbery,Secondary,42,12,0,0,34.2
45,Male,Cybercrime,Preparatory,51,12,3,3,69.3
45,Male,Drug Offense,Secondary,16,9,3,1,49.0
60,Male,Arson,Preparatory,44,8,3,2,48.0
43,Male,Theft,Preparatory,19,5,1,0,22.6
48,Male,Assault,Primary,107,14,0,3,74.0
22,Male,Theft,Literate,38,13,3,4,84.9
46,Male,Vandalism,Preparatory,6,14,4,1,54.0
19,Male,Assault,Primary,68,11,3,2,83.3
21,Male,Drug Offense,Secondary,92,5,1,1,51.9
48,Male,Drug Offense,Preparatory,95,7,2,1,50.4
25,Male,Cybercrime,Bachelor's,47,12,5,3,73.1
30,Female,Drug Offense,Preparatory,62,6,2,1,47.2
27,Male,Assault,Preparatory,40,9,1,2,58.3
58,Male,Drug Offense,Illiterate,43,6,1,1,51.9
48,Male,Fraud,Bachelor's,17,15,4,4,75.8
33,Male,Vandalism,Secondary,30,8,2,1,34.3
19,Male,Drug Offense,Primary,61,8,0,0,46.2
59,Male,Theft,Primary,18,13,4,2,57.8
65,Male,Murder,Secondary,276,11,1,0,53.8
35,Male,Sexual Offense,Illiterate,195,5,0,1,60.0
23,Male,Theft,Secondary,31,14,6,2,71.6
57,Male,Cybercrime,Preparatory,17,12,5,3,59.5
26,Female,Robbery,Primary,74,11,0,0,53.4
24,Male,Robbery,Primary,117,18,6,1,91.4
20,Male,Public Order,Illiterate,13,7,2,0,44.0
19,Male,Burglary,Illiterate,53,8,1,0,60.5
23,Male,Fraud,Postgraduate education,65,14,1,4,57.4
54,Male,Burglary,Bachelor's,24,15,2,5,68.9
33,Male,Robbery,Secondary,58,15,5,0,64.0
52,Male,Drug Offense,Primary,61,9,0,2,45.0
34,Male,Vandalism,Secondary,9,14,6,3,77.1
43,Male,Public Order,Preparatory,4,13,2,4,67.1
39,Female,Drug Offense,Preparatory,26,12,1,2,58.0
38,Female,Drug Offense,Preparatory,71,11,3,3,76.5
37,Male,Theft,Preparatory,40,11,4,1,54.9
34,Male,Assault,Secondary,102,10,1,0,46.8
62,Male,Theft,Secondary,37,7,1,1,33.5
24,Male,Assault,Illiterate,27,9,1,2,76.2
27,Male,Assault,Literate,42,4,0,0,51.7
34,Female,Murder,Secondary,214,13,5,3,93.0
37,Male,Public Order,Preparatory,20,6,2,0,31.4
43,Male,Theft,Secondary,4,14,0,3,46.5
61,Male,Burglary,Literate,48,12,0,0,37.7
65,Male,Assault,Secondary,112,10,2,2,63.5
44,Male,Drug Offense,Illiterate,51,9,1,1,57.8
62,Male,Drug Offense,Illiterate,55,15,4,4,84.7
43,Male,Robbery,Preparatory,78,19,3,0,61.7
44,Female,Fraud,Literate,59,5,1,0,34.4
22,Male,Vandalism,Literate,4,9,1,2,61.6
29,Male,Theft,Secondary,20,14,1,3,65.9
29,Female,Vandalism,Bachelor's,21,12,2,0,38.6
49,Male,Murder,Preparatory,242,8,1,0,59.3
31,Male,Assault,Secondary,93,10,2,2,71.1
19,Male,Robbery,Preparatory,79,11,4,2,73.6
61,Male,Theft,Illiterate,43,13,4,3,70.0
59,Male,Vandalism,Bachelor's,11,8,0,0,20.9
57,Male,Theft,Literate,11,10,2,1,41.3
24,Female,Drug Offense,Postgraduate education,56,13,3,0,46.0
51,Male,Sexual Offense,Primary,146,6,0,1,55.5
43,Male,Sexual Offense,Literate,149,8,2,2,70.7
23,Male,Public Order,Primary,9,3,0,0,32.7
45,Male,Assault,Secondary,44,8,1,1,43.2
57,Male,Cybercrime,Literate,43,9,0,2,43.9
60,Male,Public Order,Literate,6,11,3,2,55.4
57,Male,Public Order,Primary,6,14,5,3,68.5
32,Male,Fraud,Postgraduate education,73,12,3,3,59.8
55,Male,Drug Offense,Bachelor's,13,8,0,0,27.7
34,Female,Kidnapping,Secondary,256,9,0,0,57.1
60,Male,Drug Offense,Primary,34,6,1,0,33.3
19,Male,Theft,Bachelor's,40,10,3,1,48.7
39,Female,Robbery,Secondary,57,5,0,1,44.2
50,Male,Vandalism,Illiterate,11,8,3,1,49.1
56,Male,Murder,Preparatory,447,4,0,0,58.2
50,Male,Theft,Preparatory,39,9,3,0,35.4
23,Male,Public Order,Preparatory,9,6,1,0,34.9
29,Male,Theft,Illiterate,13,14,4,0,61.1
21,Male,Theft,Secondary,34,9,2,1,48.3
21,Female,Fraud,Bachelor's,81,10,4,3,70.0
30,Male,Murder,Secondary,208,7,1,0,60.6
23,Male,Burglary,Preparatory,13,15,5,0,66.8
23,Male,Murder,Illiterate,417,14,1,0,87.9
33,Female,Weapons Offense,Literate,83,10,0,0,51.2
41,Male,Drug Offense,Illiterate,74,10,4,1,64.1
27,Male,Weapons Offense,Secondary,26,10,4,2,65.1
45,Male,Cybercrime,Secondary,48,9,3,0,39.1
39,Male,Cybercrime,Primary,7,4,0,0,21.2
21,Male,Assault,Bachelor's,34,13,4,1,64.4
44,Male,Theft,Preparatory,23,13,2,0,43.5
32,Male,Vandalism,Bachelor's,19,11,1,2,44.4
31,Male,Sexual Offense,Secondary,205,11,1,1,69.2
24,Male,Assault,Secondary,38,8,3,2,66.1
35,Male,Weapons Offense,Secondary,38,9,2,2,62.6
50,Male,Burglary,Bachelor's,15,8,1,1,24.8
19,Female,Drug Offense,Primary,30,8,1,1,60.3
28,Female,Robbery,Secondary,106,5,1,0,44.7
57,Male,Drug Offense,Preparatory,64,10,1,3,58.0
25,Male,Fraud,Illiterate,18,8,3,2,58.6
23,Male,Vandalism,Literate,33,8,1,2,60.3
32,Male,Weapons Offense,Preparatory,65,14,1,1,63.6
40,Male,Vandalism,Bachelor's,24,6,1,1,26.4
39,Male,Murder,Primary,215,10,4,0,71.4
59,Male,Fraud,Primary,71,13,1,4,63.1
42,Female,Public Order,Bachelor's,22,9,2,2,41.9
59,Female,Drug Offense,Primary,73,12,4,2,69.8
27,Male,Burglary,Bachelor's,63,9,1,1,39.1
63,Male,Weapons Offense,Primary,52,9,2,0,46.2
25,Male,Theft,Primary,45,11,3,1,60.4
20,Male,Drug Offense,Secondary,34,17,5,3,86.9
57,Male,Assault,Postgraduate education,58,9,3,1,37.4
51,Female,Assault,Primary,34,5,0,0,38.5
24,Male,Cybercrime,Bachelor's,7,12,2,0,47.6
47,Male,Drug Offense,Illiterate,87,8,1,0,45.1
23,Male,Weapons Offense,Primary,67,11,0,1,58.7
61,Male,Assault,Secondary,101,13,0,0,41.7
42,Male,Drug Offense,Primary,53,10,3,2,61.0
64,Male,Fraud,Bachelor's,65,10,0,1,38.3
42,Male,Burglary,Secondary,55,6,0,1,33.0
21,Male,Cybercrime,Primary,18,6,0,1,44.2
47,Male,Drug Offense,Bachelor's,73,13,4,4,80.7
20,Male,Robbery,Secondary,142,7,0,0,46.3
63,Male,Kidnapping,Preparatory,258,12,5,1,76.6
32,Male,Assault,Primary,32,13,2,0,58.1
36,Male,Sexual Offense,Preparatory,186,20,9,0,100.0
41,Male,Cybercrime,Illiterate,8,12,0,0,39.1
26,Female,Cybercrime,Bachelor's,44,10,3,3,54.5
63,Male,Vandalism,Primary,23,16,6,3,75.1
46,Female,Robbery,Secondary,44,14,6,4,96.3
29,Female,Fraud,Secondary,63,15,1,1,55.6
40,Male,Drug Offense,Preparatory,44,15,4,4,89.3
35,Male,Theft,Secondary,24,14,4,2,54.3
53,Male,Vandalism,Preparatory,21,12,2,3,54.2
54,Male,Assault,Literate,56,8,3,1,60.2
39,Male,Burglary,Preparatory,65,13,0,4,69.6
64,Male,Theft,Illiterate,11,8,0,1,35.2
30,Male,Assault,Secondary,116,7,1,0,47.2
22,Male,Cybercrime,Secondary,24,11,0,2,49.9
30,Male,Theft,Secondary,23,4,0,0,27.0
20,Male,Theft,Bachelor's,18,4,0,0,29.1
54,Male,Robbery,Literate,124,16,4,4,94.3
55,Male,Cybercrime,Primary,13,4,0,0,26.3
46,Male,Vandalism,Primary,9,11,2,1,55.9
54,Male,Assault,Literate,96,5,0,0,38.5
41,Male,Theft,Secondary,30,4,0,0,13.8
62,Male,Assault,Secondary,46,15,2,4,74.4
36,Male,Theft,Preparatory,41,16,5,2,64.9
32,Male,Sexual Offense,Secondary,211,5,0,1,58.6
47,Male,Drug Offense,Preparatory,61,5,0,0,32.2
46,Male,Weapons Offense,Secondary,83,10,4,2,66.6
27,Male,Arson,Bachelor's,106,10,4,2,66.8
29,Male,Murder,Secondary,249,12,3,0,74.1
48,Male,Theft,Secondary,28,14,6,4,79.2
65,Male,Burglary,Bachelor's,30,3,0,0,16.0
29,Male,Weapons Offense,Primary,80,12,2,0,56.3
42,Male,Public Order,Preparatory,24,6,2,1,35.7
47,Male,Theft,Bachelor's,26,8,0,2,41.4
36,Male,Burglary,Secondary,42,12,1,0,41.8
35,Male,Vandalism,Bachelor's,22,10,4,1,46.3
32,Male,Burglary,Preparatory,67,10,0,2,51.2
65,Male,Fraud,Primary,76,10,3,3,64.1
29,Male,Burglary,Secondary,21,7,0,0,32.0
57,Male,Sexual Offense,Postgraduate education,96,17,5,4,90.1
51,Female,Fraud,Bachelor's,68,11,3,0,31.9
37,Male,Theft,Secondary,36,9,0,0,34.5
20,Male,Theft,Preparatory,42,12,5,1,55.7
56,Male,Vandalism,Preparatory,4,5,1,0,24.0
52,Male,Murder,Primary,261,14,2,0,62.6
49,Male,Theft,Primary,13,4,0,0,32.2
49,Male,Theft,Secondary,16,7,1,0,26.7
45,Male,Public Order,Primary,2,6,2,0,38.7
37,Male,Cybercrime,Preparatory,21,10,3,1,51.6
28,Male,Burglary,Literate,44,8,0,2,61.2
24,Male,Sexual Offense,Bachelor's,212,12,0,1,63.3
54,Male,Cybercrime,Secondary,56,14,3,3,66.7
23,Male,Assault,Postgraduate education,73,9,0,0,44.0
23,Male,Arson,Secondary,94,13,3,1,69.2
25,Male,Murder,Postgraduate education,404,10,0,0,60.1
51,Male,Burglary,Preparatory,18,11,3,2,56.4
35,Male,Vandalism,Literate,26,7,2,0,31.4
55,Male,Theft,Primary,13,8,3,2,58.3
25,Female,Theft,Illiterate,11,8,2,1,57.8
23,Male,Theft,Secondary,31,10,3,2,51.2
59,Female,Drug Offense,Preparatory,31,2,0,0,28.5
47,Male,Vandalism,Preparatory,19,11,4,3,66.2
54,Male,Murder,Primary,400,10,3,3,91.7
49,Male,Kidnapping,Bachelor's,248,12,4,1,69.7
35,Male,Robbery,Primary,119,8,1,1,47.6
25,Male,Fraud,Literate,60,14,4,2,74.0
50,Male,Cybercrime,Preparatory,12,11,0,0,32.0
35,Male,Drug Offense,Postgraduate education,76,15,5,3,77.0
47,Male,Weapons Offense,Secondary,91,15,4,5,93.1
59,Male,Drug Offense,Bachelor's,75,8,0,1,33.7
53,Male,Public Order,Literate,12,14,5,3,69.2
56,Male,Burglary,Postgraduate education,55,7,0,0,20.7
54,Male,Assault,Secondary,98,8,2,2,50.2
31,Male,Assault,Secondary,44,9,3,1,69.0
25,Male,Theft,Secondary,48,16,3,2,64.7
43,Male,Theft,Secondary,11,10,4,1,45.8
51,Male,Assault,Primary,108,13,0,4,70.6
40,Male,Murder,Secondary,288,8,1,2,71.2
49,Male,Drug Offense,Preparatory,32,6,0,0,36.8
44,Male,Vandalism,Postgraduate education,13,10,0,2,28.6
45,Male,Arson,Preparatory,39,6,0,0,39.1
23,Male,Theft,Primary,45,7,2,1,49.4
26,Male,Drug Offense,Primary,48,7,1,1,48.9
20,Female,Assault,Secondary,119,14,1,0,60.1
43,Male,Sexual Offense,Preparatory,162,15,6,3,100.0
48,Male,Cybercrime,Primary,33,8,3,1,48.8
19,Male,Fraud,Postgraduate education,27,6,0,1,27.4
32,Male,Theft,Preparatory,5,7,2,0,38.3
64,Male,Sexual Offense,Preparatory,173,11,0,1,54.5
39,Male,Public Order,Primary,14,16,2,5,76.9
18,Male,Theft,Secondary,36,14,6,2,73.7
18,Male,Theft,Bachelor's,43,8,2,2,56.2
39,Male,Vandalism,Preparatory,3,10,1,2,41.0
31,Male,Vandalism,Secondary,12,8,3,1,41.2
45,Male,Burglary,Primary,33,10,2,3,64.9
65,Male,Robbery,Literate,59,9,1,1,52.3
64,Male,Public Order,Preparatory,9,11,0,3,40.8
42,Female,Weapons Offense,Primary,31,8,1,0,48.4
42,Female,Assault,Bachelor's,66,9,2,2,54.1
56,Male,Burglary,Primary,42,9,1,0,39.1
62,Male,Theft,Secondary,33,7,2,1,23.5
58,Male,Theft,Primary,22,6,0,1,28.4
20,Male,Fraud,Bachelor's,25,14,3,3,61.8
41,Male,Assault,Primary,40,5,1,1,45.4
36,Male,Drug Offense,Preparatory,46,10,4,0,55.1
24,Male,Vandalism,Postgraduate education,26,12,5,0,47.7
19,Male,Assault,Preparatory,63,12,2,0,59.7
54,Male,Burglary,Secondary,23,8,0,0,24.9
24,Male,Vandalism,Secondary,22,6,1,0,31.1
28,Male,Sexual Offense,Illiterate,168,12,1,1,83.5
30,Male,Robbery,Primary,111,12,0,3,70.5
22,Male,Vandalism,Illiterate,14,7,1,1,55.7
63,Male,Assault,Postgraduate education,66,5,0,0,27.0
63,Male,Cybercrime,Secondary,32,9,2,0,40.6
42,Male,Burglary,Primary,57,9,0,0,40.2
64,Male,Cybercrime,Secondary,48,10,2,3,58.8
22,Male,Assault,Secondary,92,18,8,1,92.9
57,Male,Fraud,Postgraduate education,83,11,1,0,30.2
42,Male,Fraud,Literate,26,6,1,1,44.6
62,Male,Murder,Secondary,375,9,2,2,71.2
52,Male,Fraud,Primary,23,9,1,1,38.2
28,Female,Sexual Offense,Preparatory,220,3,0,0,50.1
18,Male,Robbery,Bachelor's,138,11,2,0,51.7
22,Male,Murder,Secondary,296,9,0,2,79.6
56,Male,Theft,Illiterate,29,11,4,3,67.7
26,Male,Assault,Secondary,53,11,0,0,50.0
38,Male,Robbery,Preparatory,72,2,0,0,23.2
29,Male,Murder,Bachelor's,222,8,0,2,67.1
64,Male,Sexual Offense,Literate,181,12,0,0,61.8
32,Female,Burglary,Literate,30,11,4,1,59.4
25,Male,Assault,Preparatory,46,9,2,0,49.3
60,Male,Murder,Primary,391,16,2,2,90.5
20,Male,Arson,Illiterate,55,10,1,1,63.8
50,Male,Vandalism,Illiterate,7,7,0,0,28.8
63,Male,Theft,Illiterate,5,12,0,3,55.9
27,Male,Cybercrime,Bachelor's,27,9,3,2,50.7
41,Female,Burglary,Literate,71,4,1,0,40.4
62,Male,Cybercrime,Secondary,10,5,1,0,20.3
21,Male,Fraud,Bachelor's,80,16,2,0,56.8
48,Male,Kidnapping,Preparatory,250,9,3,1,72.1
19,Male,Cybercrime,Illiterate,49,11,0,0,52.9
34,Female,Sexual Offense,Literate,103,10,3,3,91.0
39,Male,Theft,Secondary,35,13,1,3,59.9
41,Male,Kidnapping,Preparatory,144,7,0,0,44.9
30,Male,Vandalism,Secondary,9,8,1,2,44.7
26,Male,Theft,Primary,37,13,1,2,61.6
43,Female,Fraud,Preparatory,34,8,1,1,35.8
56,Male,Robbery,Secondary,132,7,2,0,33.9
54,Male,Kidnapping,Secondary,272,8,1,1,58.1
46,Male,Vandalism,Primary,29,4,0,0,22.8
40,Female,Arson,Illiterate,43,15,4,3,91.2
40,Male,Assault,Primary,48,8,0,0,42.4
27,Male,Theft,Bachelor's,37,9,0,1,40.1
23,Male,Assault,Secondary,100,12,0,0,53.6
44,Male,Drug Offense,Secondary,53,7,1,1,45.2
64,Male,Kidnapping,Preparatory,169,11,2,0,61.3
42,Male,Vandalism,Illiterate,3,16,4,2,70.2
31,Male,Drug Offense,Bachelor's,30,6,1,0,28.0
25,Male,Public Order,Secondary,20,11,4,2,51.0
50,Male,Theft,Secondary,34,11,3,0,34.9
47,Male,Robbery,Bachelor's,82,12,3,1,58.5
41,Male,Robbery,Literate,124,12,2,0,59.1
30,Male,Robbery,Preparatory,88,7,1,1,50.2
63,Male,Kidnapping,Bachelor's,236,14,6,2,87.6
50,Male,Drug Offense,Secondary,96,9,3,1,35.8
64,Male,Robbery,Secondary,106,7,2,0,34.9
19,Male,Drug Offense,Secondary,19,12,1,3,68.6
40,Male,Vandalism,Bachelor's,27,8,0,1,33.0
43,Male,Theft,Secondary,9,11,2,2,45.0
21,Male,Fraud,Primary,77,4,0,0,43.0
47,Male,Burglary,Illiterate,72,8,2,1,55.3
28,Male,Assault,Preparatory,109,14,2,2,71.4
57,Male,Murder,Secondary,408,19,5,1,99.6
64,Male,Weapons Offense,Illiterate,89,5,1,0,43.2
21,Female,Drug Offense,Bachelor's,12,3,0,0,29.6
48,Male,Cybercrime,Secondary,33,15,1,5,73.5
49,Male,Robbery,Postgraduate education,79,10,3,3,62.8
40,Male,Vandalism,Preparatory,15,6,0,0,25.4
34,Male,Robbery,Secondary,92,11,1,1,55.0
22,Male,Theft,Secondary,24,17,4,4,88.0
49,Female,Theft,Bachelor's,17,12,3,0,41.7
59,Male,Weapons Offense,Secondary,59,10,3,3,62.6
33,Male,Robbery,Preparatory,90,7,2,0,46.0
31,Male,Murder,Primary,468,11,3,1,95.2
57,Male,Drug Offense,Primary,63,13,4,3,78.4
64,Male,Weapons Offense,Secondary,53,4,1,0,35.5
34,Female,Theft,Illiterate,26,12,5,0,62.8
26,Male,Robbery,Literate,87,6,1,1,53.7
40,Female,Assault,Bachelor's,51,11,1,3,57.9
63,Male,Public Order,Primary,2,15,6,4,76.9
64,Male,Assault,Illiterate,89,16,1,3,81.3
27,Male,Cybercrime,Literate,15,10,4,2,60.0
39,Male,Public Order,Bachelor's,20,14,0,2,34.4
33,Male,Murder,Secondary,259,9,2,2,73.3
35,Male,Theft,Preparatory,10,8,3,0,44.6
41,Male,Burglary,Bachelor's,27,7,2,0,27.7
25,Male,Vandalism,Bachelor's,7,7,0,1,36.8
24,Male,Theft,Secondary,40,12,3,0,49.6
58,Male,Assault,Secondary,54,8,0,0,32.6
44,Male,Murder,Illiterate,277,8,3,0,73.0
57,Male,Fraud,Primary,15,11,1,1,46.0
33,Male,Murder,Preparatory,457,16,7,0,97.0
51,Female,Assault,Primary,61,11,3,3,70.5
24,Male,Theft,Secondary,25,8,3,2,55.7
42,Male,Robbery,Primary,128,13,1,0,57.9
49,Male,Fraud,Postgraduate education,29,13,3,4,66.7
41,Male,Assault,Preparatory,79,7,2,1,60.8
19,Female,Theft,Illiterate,42,16,0,5,83.1
23,Male,Theft,Primary,8,9,2,2,58.3
37,Male,Robbery,Primary,97,10,4,3,82.2
63,Male,Fraud,Preparatory,35,8,0,1,30.8
27,Male,Murder,Bachelor's,435,6,2,1,74.0
22,Female,Burglary,Secondary,42,8,3,0,49.9
37,Male,Drug Offense,Primary,78,4,1,0,37.2
42,Male,Vandalism,Secondary,35,8,2,0,26.0
30,Female,Drug Offense,Bachelor's,53,22,6,1,84.5
30,Male,Arson,Secondary,51,6,2,1,51.0
58,Male,Vandalism,Bachelor's,3,8,1,0,27.7
62,Male,Vandalism,Illiterate,17,6,0,0,27.2
65,Male,Kidnapping,Illiterate,240,13,4,1,77.9
27,Male,Fraud,Illiterate,45,9,3,0,56.7
59,Male,Weapons Offense,Preparatory,60,10,2,2,61.7
34,Male,Theft,Primary,46,12,2,3,74.8
33,Male,Public Order,Secondary,5,7,0,0,27.4
28,Male,Fraud,Secondary,35,11,4,1,54.3
32,Male,Burglary,Secondary,61,13,4,2,62.8
61,Male,Fraud,Illiterate,40,8,0,2,54.1
50,Male,Burglary,Preparatory,53,7,0,0,16.3
35,Female,Murder,Primary,276,4,0,0,57.7
27,Male,Burglary,Preparatory,53,11,1,0,46.3
36,Male,Theft,Preparatory,31,7,2,0,33.0
22,Male,Murder,Primary,356,13,4,4,100.0
25,Male,Weapons Offense,Secondary,75,14,6,4,100.0
26,Male,Robbery,Primary,82,11,4,3,75.7
40,Male,Assault,Postgraduate education,99,11,3,3,64.2
24,Male,Vandalism,Preparatory,6,7,2,1,47.1
32,Female,Assault,Secondary,56,9,2,2,61.7
35,Male,Murder,Secondary,464,18,2,5,100.0
39,Male,Drug Offense,Secondary,25,9,0,1,43.6
25,Male,Vandalism,Illiterate,6,15,1,4,70.1
52,Male,Theft,Bachelor's,8,6,2,0,23.9
29,Male,Vandalism,Preparatory,31,11,1,0,40.7
44,Male,Weapons Offense,Secondary,82,7,2,0,46.8
31,Male,Theft,Illiterate,43,10,4,0,59.9
60,Male,Drug Offense,Primary,24,10,2,0,48.9
27,Male,Weapons Offense,Literate,88,7,1,1,58.9
24,Male,Theft,Preparatory,42,16,0,0,41.1
52,Male,Drug Offense,Preparatory,13,10,1,0,36.8
40,Male,Robbery,Primary,67,19,3,0,69.1
53,Female,Theft,Bachelor's,29,9,0,1,27.1
44,Male,Public Order,Illiterate,7,9,2,2,52.7
57,Male,Public Order,Literate,8,8,1,2,41.7
33,Female,Public Order,Preparatory,14,13,5,1,57.3
54,Male,Murder,Primary,364,12,0,0,61.9
62,Female,Murder,Bachelor's,187,7,0,1,43.2
41,Male,Murder,Preparatory,419,3,0,0,55.5
31,Male,Assault,Illiterate,47,11,1,0,66.1
60,Male,Drug Offense,Bachelor's,73,10,2,1,39.2
28,Male,Theft,Primary,11,9,0,2,52.4
20,Male,Drug Offense,Preparatory,69,13,5,4,94.3
26,Male,Theft,Illiterate,11,10,0,0,46.4
20,Male,Murder,Illiterate,367,11,3,0,89.0
51,Male,Theft,Preparatory,46,12,3,0,41.4
37,Male,Drug Offense,Primary,20,8,3,0,49.2
49,Male,Robbery,Preparatory,141,11,4,3,85.4
60,Female,Burglary,Illiterate,34,15,5,1,76.9
32,Male,Weapons Offense,Postgraduate education,75,11,1,1,44.1
46,Male,Theft,Primary,33,6,1,0,37.8
58,Male,Assault,Secondary,84,10,3,1,54.7
27,Male,Theft,Preparatory,10,8,3,0,40.2
63,Female,Weapons Offense,Secondary,75,9,0,0,30.4
65,Male,Theft,Primary,24,12,0,1,38.0
48,Male,Public Order,Primary,20,12,3,2,63.5
35,Female,Drug Offense,Preparatory,16,18,1,2,60.6
52,Male,Theft,Literate,12,11,4,1,49.2
57,Male,Burglary,Primary,16,10,1,1,46.6
35,Male,Assault,Preparatory,105,12,3,2,68.1
36,Male,Kidnapping,Primary,248,12,5,0,82.0
52,Male,Assault,Secondary,93,10,2,2,52.9
55,Male,Weapons Offense,Preparatory,31,11,0,0,41.7
55,Male,Burglary,Preparatory,36,8,1,0,30.0
36,Male,Assault,Bachelor's,84,8,1,0,31.2
40,Female,Fraud,Literate,54,10,1,1,48.3
63,Male,Public Order,Secondary,12,12,4,0,35.8
38,Male,Robbery,Bachelor's,133,8,0,2,45.7
30,Male,Murder,Secondary,282,18,5,1,92.4
64,Male,Fraud,Secondary,72,8,0,1,27.7
51,Male,Public Order,Postgraduate education,8,15,1,3,43.1
26,Female,Theft,Secondary,35,5,0,0,31.2
31,Male,Burglary,Primary,67,13,1,0,48.1
57,Male,Vandalism,Preparatory,30,4,0,0,18.9
47,Female,Burglary,Secondary,13,5,1,0,30.1
36,Male,Drug Offense,Preparatory,42,8,3,2,59.8
43,Male,Murder,Secondary,404,4,1,0,48.9
64,Female,Theft,Bachelor's,5,8,1,0,23.1
62,Male,Sexual Offense,Preparatory,112,11,0,2,60.8
52,Male,Assault,Secondary,73,5,0,0,34.6
61,Male,Drug Offense,Illiterate,41,12,3,2,69.5
23,Male,Cybercrime,Primary,42,10,1,0,50.8
44,Male,Burglary,Illiterate,28,8,1,2,54.8
43,Male,Murder,Preparatory,284,10,1,2,75.5
52,Female,Robbery,Bachelor's,43,6,2,1,39.2
65,Male,Sexual Offense,Illiterate,211,13,1,1,77.4
47,Male,Burglary,Literate,39,12,3,3,70.7
38,Male,Robbery,Preparatory,114,7,2,0,46.1
53,Male,Burglary,Secondary,38,11,1,3,51.9
63,Male,Theft,Secondary,21,6,0,0,12.6
59,Male,Weapons Offense,Secondary,77,12,1,2,58.1
26,Male,Weapons Offense,Preparatory,54,7,0,1,46.5
25,Male,Burglary,Illiterate,27,8,0,0,42.6
46,Male,Vandalism,Primary,34,4,0,0,26.0
21,Male,Murder,Primary,363,5,0,1,71.7
23,Male,Assault,Primary,42,6,2,0,48.5
56,Male,Theft,Primary,13,6,1,0,25.5
58,Male,Fraud,Preparatory,16,12,2,0,43.2
53,Male,Drug Offense,Bachelor's,31,16,7,5,93.9
44,Male,Sexual Offense,Bachelor's,148,7,2,1,61.5
21,Male,Vandalism,Primary,34,16,3,2,80.3
22,Male,Fraud,Primary,47,9,3,1,60.4
64,Male,Theft,Bachelor's,44,9,0,2,34.8
49,Male,Assault,Secondary,112,9,1,0,44.1
28,Male,Vandalism,Literate,29,10,4,2,61.6
19,Male,Theft,Secondary,41,11,4,3,70.2
29,Male,Drug Offense,Preparatory,22,15,1,5,88.6
23,Male,Theft,Literate,9,15,4,1,71.2
40,Male,Theft,Preparatory,3,9,2,2,50.2
36,Male,Assault,Preparatory,83,12,0,2,57.1
49,Male,Theft,Bachelor's,35,6,2,1,29.3
55,Male,Theft,Primary,26,7,1,1,34.9
34,Male,Theft,Secondary,45,5,0,0,21.8
60,Male,Assault,Preparatory,38,5,1,1,46.6
42,Male,Theft,Primary,13,7,2,1,40.3
48,Male,Drug Offense,Primary,14,7,1,1,39.3
48,Male,Theft,Primary,10,9,3,0,37.4
44,Male,Robbery,Secondary,44,8,1,0,33.9
36,Male,Weapons Offense,Preparatory,39,13,4,0,63.5
25,Male,Cybercrime,Postgraduate education,53,8,0,0,32.0
42,Female,Robbery,Bachelor's,59,7,0,1,32.6
18,Male,Murder,Secondary,245,9,2,0,66.4
35,Male,Theft,Illiterate,41,10,0,3,49.8
37,Male,Robbery,Secondary,36,10,1,1,52.9
57,Male,Kidnapping,Secondary,275,11,0,1,53.6
51,Male,Vandalism,Primary,17,13,0,2,39.9
28,Male,Vandalism,Secondary,31,9,0,2,45.8
46,Male,Drug Offense,Secondary,59,9,2,0,36.4
31,Male,Public Order,Primary,3,19,8,1,77.3
49,Male,Burglary,Secondary,44,10,2,1,40.7
52,Male,Drug Offense,Literate,59,6,1,1,40.7
40,Female,Robbery,Secondary,67,13,3,0,51.8
18,Female,Assault,Literate,25,11,1,3,77.2
24,Male,Cybercrime,Preparatory,7,6,0,1,38.7
37,Male,Arson,Illiterate,59,10,2,2,58.8
22,Male,Fraud,Illiterate,12,14,3,2,70.0
45,Male,Theft,Secondary,39,15,0,2,54.0
42,Male,Weapons Offense,Bachelor's,84,12,2,2,59.0
46,Male,Burglary,Secondary,24,9,1,2,46.6
24,Male,Burglary,Secondary,25,5,1,1,41.7
62,Male,Murder,Preparatory,406,7,0,1,63.8
37,Male,Murder,Preparatory,429,7,0,0,66.3
23,Male,Theft,Primary,21,12,1,1,49.6
51,Male,Fraud,Primary,31,13,0,3,53.7
63,Male,Fraud,Preparatory,25,9,0,2,41.7
52,Female,Theft,Bachelor's,41,10,4,2,46.7
57,Male,Murder,Primary,261,12,2,0,67.3
42,Male,Burglary,Secondary,39,8,3,1,48.0
28,Male,Robbery,Literate,38,6,2,1,56.3
25,Male,Fraud,Illiterate,38,9,2,2,65.9
52,Male,Theft,Preparatory,42,9,2,0,35.3
46,Male,Burglary,Secondary,30,13,0,3,56.9
48,Male,Drug Offense,Primary,86,15,4,0,72.4
57,Female,Drug Offense,Secondary,72,12,0,1,45.1
32,Male,Burglary,Secondary,48,12,0,1,48.6
46,Male,Vandalism,Literate,35,7,1,1,40.8
41,Male,Assault,Illiterate,54,18,3,6,100.0
36,Male,Murder,Bachelor's,461,10,2,1,71.4
40,Male,Sexual Offense,Primary,228,9,2,0,66.9
63,Male,Assault,Secondary,100,8,0,1,43.4
48,Male,Public Order,Secondary,24,9,1,1,32.6
36,Female,Cybercrime,Literate,48,8,0,1,37.4
58,Male,Drug Offense,Bachelor's,59,7,1,1,39.9
41,Male,Cybercrime,Secondary,16,7,2,1,42.3
20,Female,Cybercrime,Secondary,50,5,1,1,35.5
32,Male,Murder,Preparatory,206,10,0,3,80.3
53,Male,Robbery,Primary,127,17,0,4,77.6
33,Male,Burglary,Literate,42,12,1,3,67.9
49,Male,Sexual Offense,Literate,164,8,0,2,67.6
59,Female,Sexual Offense,Bachelor's,190,7,0,1,50.5
32,Male,Public Order,Literate,23,14,4,4,82.8
49,Male,Vandalism,Primary,27,9,2,1,47.2
43,Male,Public Order,Preparatory,5,12,0,1,36.1
49,Male,Public Order,Primary,1,9,1,2,43.7
54,Male,Arson,Preparatory,69,15,0,0,40.1
41,Male,Theft,Literate,40,12,2,3,73.4
27,Female,Fraud,Preparatory,56,7,2,1,48.9
61,Male,Robbery,Secondary,79,5,0,0,25.1
46,Male,Drug Offense,Literate,32,12,4,1,65.5
18,Male,Fraud,Bachelor's,52,8,0,1,46.2
40,Female,Theft,Secondary,4,6,1,1,32.9
48,Male,Robbery,Secondary,112,6,2,1,46.2
31,Male,Theft,Secondary,3,9,1,0,25.1
48,Male,Fraud,Secondary,41,8,2,1,46.7
40,Male,Vandalism,Primary,15,8,2,1,46.2
53,Male,Murder,Postgraduate education,306,13,5,1,70.6
62,Male,Murder,Illiterate,421,8,3,0,79.9
22,Male,Burglary,Preparatory,16,11,4,2,67.7
62,Male,Theft,Preparatory,40,8,2,0,22.0
33,Male,Murder,Secondary,355,9,3,1,81.9
34,Male,Drug Offense,Bachelor's,75,7,1,1,42.7
62,Male,Theft,Secondary,6,9,0,0,27.4
31,Male,Robbery,Illiterate,83,12,5,2,84.6
53,Female,Assault,Illiterate,102,6,1,1,59.2
65,Female,Theft,Primary,10,9,3,0,37.1
53,Male,Burglary,Primary,24,12,0,2,46.7
38,Male,Weapons Offense,Illiterate,77,9,0,1,61.0
26,Male,Burglary,Primary,55,8,3,1,53.7
41,Female,Kidnapping,Secondary,291,15,2,4,91.9
33,Female,Murder,Secondary,300,14,2,1,78.6
33,Female,Burglary,Secondary,43,8,2,1,47.2
31,Male,Burglary,Secondary,15,9,3,1,45.2
38,Male,Murder,Secondary,479,7,0,0,58.3
51,Male,Robbery,Secondary,44,8,0,0,32.8
36,Female,Assault,Primary,102,12,4,0,71.2
39,Male,Fraud,Preparatory,63,7,0,0,21.5
37,Male,Public Order,Primary,7,8,3,1,51.7
21,Male,Burglary,Primary,14,11,1,1,63.6
35,Male,Assault,Primary,41,12,4,1,61.5
51,Female,Theft,Primary,45,15,6,5,88.3
52,Female,Drug Offense,Secondary,91,16,7,0,66.3
36,Female,Robbery,Preparatory,61,9,1,1,52.0
58,Male,Assault,Secondary,54,13,5,3,73.9
50,Male,Burglary,Preparatory,14,7,2,0,34.1
25,Male,Theft,Postgraduate education,30,6,1,0,19.3
18,Female,Drug Offense,Secondary,24,15,6,5,92.6
65,Male,Murder,Illiterate,349,12,5,0,85.8
47,Male,Vandalism,Preparatory,9,4,0,0,24.2
19,Male,Kidnapping,Preparatory,137,12,5,1,89.0
32,Female,Burglary,Bachelor's,70,13,4,0,49.1
38,Male,Assault,Illiterate,96,9,1,0,54.0
18,Male,Theft,Illiterate,17,13,5,1,78.6
62,Male,Assault,Secondary,119,11,1,1,50.0
22,Male,Assault,Illiterate,84,14,3,1,82.6
18,Male,Robbery,Secondary,110,8,1,1,54.8
38,Female,Assault,Secondary,35,7,2,1,48.1
44,Male,Kidnapping,Bachelor's,283,12,1,1,62.2
34,Male,Vandalism,Secondary,35,13,0,3,55.7
60,Male,Theft,Bachelor's,15,11,3,0,28.9
64,Female,Theft,Primary,34,13,5,4,70.1
36,Male,Cybercrime,Secondary,57,9,2,1,39.4
31,Male,Assault,Secondary,84,10,4,3,78.3
64,Male,Weapons Offense,Bachelor's,58,14,4,3,77.5
40,Male,Theft,Primary,45,7,2,0,36.5
19,Male,Public Order,Literate,15,16,1,1,70.9
37,Male,Vandalism,Bachelor's,17,12,3,0,38.0
57,Male,Robbery,Secondary,108,9,0,0,39.8
23,Male,Murder,Illiterate,273,13,2,3,100.0
48,Male,Burglary,Literate,27,10,3,0,50.8
48,Male,Sexual Offense,Secondary,201,8,1,1,58.2
30,Female,Weapons Offense,Bachelor's,38,7,0,0,36.3
47,Male,Murder,Primary,460,12,2,0,87.0
30,Male,Theft,Preparatory,9,10,0,3,59.9
19,Male,Theft,Secondary,23,9,3,2,55.9
18,Male,Assault,Secondary,51,8,2,0,52.4
41,Male,Theft,Literate,48,7,0,0,31.6
30,Female,Drug Offense,Secondary,72,12,0,0,41.1
57,Male,Theft,Postgraduate education,21,10,3,0,27.3
19,Male,Assault,Secondary,101,11,0,2,64.3
53,Male,Theft,Primary,13,6,1,1,36.1
49,Male,Drug Offense,Literate,71,12,2,2,80.0
37,Male,Fraud,Illiterate,59,14,4,0,60.1
33,Male,Drug Offense,Bachelor's,15,6,2,0,29.1
45,Male,Fraud,Primary,32,7,1,1,48.0
30,Male,Robbery,Bachelor's,118,12,1,3,69.9
36,Male,Cybercrime,Preparatory,58,8,0,2,45.2
18,Male,Assault,Postgraduate education,61,11,0,2,56.6
50,Female,Theft,Illiterate,28,6,0,1,33.8
48,Male,Robbery,Secondary,66,11,3,3,65.7
27,Male,Vandalism,Preparatory,31,9,1,0,42.6
38,Male,Cybercrime,Primary,30,15,3,2,62.0
56,Male,Drug Offense,Primary,24,11,2,3,63.5
19,Male,Theft,Bachelor's,11,14,1,0,42.7
19,Male,Assault,Primary,90,11,4,2,82.1
31,Male,Assault,Secondary,84,12,4,3,82.3
51,Male,Theft,Preparatory,41,9,0,1,31.4
29,Male,Murder,Secondary,308,8,3,1,72.6
53,Male,Murder,Preparatory,432,7,1,0,55.3
34,Male,Assault,Illiterate,81,8,3,1,72.5
40,Male,Assault,Primary,81,9,3,0,65.9
40,Male,Drug Offense,Postgraduate education,92,11,2,3,62.7
62,Male,Assault,Primary,48,14,5,4,90.2
45,Male,Sexual Offense,Secondary,202,6,1,0,49.1
53,Male,Burglary,Illiterate,48,7,1,1,47.6
19,Female,Assault,Bachelor's,113,12,0,0,49.2
56,Male,Theft,Primary,28,15,3,2,52.1
39,Female,Robbery,Bachelor's,72,7,1,1,43.8
20,Male,Murder,Primary,185,2,0,0,58.2
30,Male,Burglary,Bachelor's,48,17,7,5,99.6
31,Male,Cybercrime,Secondary,7,15,1,2,52.2
51,Male,Murder,Secondary,388,9,3,2,76.4
19,Male,Robbery,Literate,139,7,1,1,60.1
53,Male,Vandalism,Primary,11,9,2,2,46.2
28,Male,Arson,Primary,73,5,0,1,47.0
30,Female,Cybercrime,Preparatory,60,11,1,0,43.4
50,Male,Fraud,Bachelor's,76,8,0,1,26.8
24,Male,Robbery,Primary,62,2,0,0,44.8
63,Male,Drug Offense,Secondary,53,7,1,0,33.3
46,Male,Burglary,Bachelor's,26,11,1,1,42.2
41,Male,Weapons Offense,Secondary,56,8,2,1,44.3
22,Male,Murder,Illiterate,421,10,4,0,94.9
58,Male,Cybercrime,Primary,42,11,4,1,53.5
49,Male,Sexual Offense,Illiterate,131,12,0,3,72.2
29,Male,Theft,Secondary,31,7,1,0,23.6
60,Male,Burglary,Secondary,53,7,1,1,33.6
62,Male,Assault,Preparatory,116,6,1,0,38.3
48,Male,Drug Offense,Postgraduate education,67,12,1,3,51.8
19,Male,Fraud,Illiterate,26,10,0,2,61.4
19,Male,Assault,Literate,27,12,4,2,88.5
42,Male,Weapons Offense,Secondary,84,9,1,1,53.1
61,Male,Robbery,Bachelor's,67,9,0,2,39.8
53,Male,Drug Offense,Preparatory,38,6,2,1,46.2
43,Male,Theft,Preparatory,24,9,1,0,27.6
63,Female,Vandalism,Preparatory,13,10,0,1,37.5
50,Male,Weapons Offense,Secondary,58,9,0,2,50.9
63,Male,Fraud,Illiterate,49,14,3,1,62.4
29,Male,Murder,Illiterate,454,10,4,1,97.7
45,Male,Theft,Postgraduate education,36,10,1,1,41.7
21,Male,Assault,Bachelor's,62,5,1,0,41.6
38,Male,Theft,Preparatory,23,12,5,1,55.8
58,Male,Cybercrime,Bachelor's,22,12,0,0,19.0
25,Female,Burglary,Primary,66,8,0,0,43.7
42,Male,Murder,Primary,220,10,2,1,71.7
22,Male,Drug Offense,Preparatory,95,11,0,1,56.2
21,Male,Murder,Primary,216,6,0,0,58.6
60,Male,Sexual Offense,Bachelor's,205,13,3,0,55.4
59,Male,Theft,Primary,48,11,3,2,48.5
38,Male,Assault,Preparatory,86,6,2,1,48.2
27,Male,Burglary,Secondary,16,11,0,1,47.1
20,Female,Murder,Bachelor's,319,13,5,3,96.7
18,Male,Assault,Primary,90,14,6,0,83.2
49,Female,Cybercrime,Bachelor's,11,7,2,0,25.1
62,Female,Theft,Secondary,33,5,0,1,19.2
36,Male,Weapons Offense,Secondary,84,10,4,0,53.8
57,Male,Theft,Preparatory,18,10,3,1,46.7
48,Male,Theft,Illiterate,24,8,1,2,60.5
46,Male,Weapons Offense,Secondary,30,11,0,1,52.0
62,Male,Burglary,Bachelor's,64,10,1,3,54.2
56,Male,Cybercrime,Secondary,57,10,4,3,52.3
50,Male,Burglary,Secondary,18,5,1,0,23.0
51,Male,Fraud,Secondary,61,11,3,2,49.8
31,Male,Weapons Offense,Preparatory,60,12,3,2,72.5
29,Male,Burglary,Primary,15,4,1,0,40.9
55,Male,Cybercrime,Secondary,15,8,0,1,33.5
42,Male,Murder,Literate,293,10,4,0,71.9
37,Male,Murder,Illiterate,237,11,0,2,84.6
19,Male,Public Order,Primary,17,15,6,5,97.3
57,Male,Theft,Primary,32,15,0,5,66.9
49,Male,Burglary,Preparatory,43,15,6,3,84.2
38,Male,Assault,Secondary,27,11,2,0,49.4
49,Male,Robbery,Secondary,94,4,0,0,38.7
25,Male,Theft,Preparatory,29,6,0,1,33.0
40,Male,Theft,Preparatory,33,12,2,1,47.9
26,Male,Theft,Bachelor's,46,10,2,3,52.9
36,Male,Theft,Illiterate,31,12,4,3,71.1
43,Male,Assault,Preparatory,74,11,4,2,73.7
47,Male,Theft,Primary,17,11,3,3,62.4
36,Male,Assault,Bachelor's,118,4,0,0,37.5
42,Male,Burglary,Secondary,48,13,4,4,69.7
42,Male,Burglary,Secondary,39,9,3,2,57.9
25,Male,Public Order,Bachelor's,12,10,0,1,29.6
57,Male,Arson,Preparatory,118,9,3,0,46.3
34,Male,Drug Offense,Bachelor's,15,7,2,1,43.3
43,Male,Weapons Offense,Secondary,68,10,3,3,62.7
23,Male,Drug Offense,Secondary,27,11,4,0,59.0
23,Male,Fraud,Primary,34,9,3,0,56.4
57,Male,Assault,Secondary,104,18,7,1,74.8
30,Male,Burglary,Secondary,61,11,4,1,55.0
63,Male,Assault,Bachelor's,52,10,1,1,41.9
30,Male,Murder,Secondary,207,10,1,3,83.6
27,Male,Assault,Preparatory,108,11,0,3,76.7
28,Male,Fraud,Bachelor's,25,4,1,0,22.1
34,Female,Burglary,Secondary,14,7,1,0,34.5
30,Male,Drug Offense,Preparatory,52,9,2,2,59.3
23,Male,Theft,Illiterate,7,8,3,1,58.7
22,Male,Theft,Preparatory,34,5,1,1,46.3
32,Female,Murder,Literate,300,9,3,0,80.3
47,Female,Drug Offense,Primary,71,12,4,2,67.8
44,Male,Robbery,Preparatory,72,12,3,3,69.6
55,Female,Arson,Secondary,100,5,0,1,39.9
37,Male,Assault,Illiterate,31,8,2,2,77.5
40,Male,Theft,Primary,45,6,2,0,32.2
48,Male,Fraud,Preparatory,24,11,4,3,69.2
57,Male,Arson,Preparatory,81,6,2,1,50.9
30,Male,Burglary,Primary,19,8,2,0,44.9
20,Male,Vandalism,Bachelor's,31,9,1,2,51.1
43,Male,Burglary,Illiterate,40,4,0,0,37.7
47,Male,Fraud,Primary,64,8,0,0,33.3
34,Male,Weapons Offense,Illiterate,85,14,6,2,96.7
41,Male,Vandalism,Preparatory,3,16,0,4,67.2
29,Male,Theft,Secondary,46,13,2,3,64.0
30,Male,Weapons Offense,Illiterate,24,5,1,1,57.4
57,Male,Public Order,Primary,10,7,2,1,38.0
65,Male,Cybercrime,Illiterate,24,11,0,3,54.1
48,Male,Murder,Illiterate,230,7,1,1,66.7
26,Male,Assault,Postgraduate education,82,15,2,1,64.6
20,Male,Theft,Postgraduate education,10,12,5,3,64.6
43,Male,Fraud,Illiterate,13,11,3,1,56.2
51,Male,Theft,Primary,46,8,0,1,35.0
58,Male,Vandalism,Postgraduate education,4,13,0,4,41.7
20,Male,Robbery,Bachelor's,101,14,3,3,74.5
52,Male,Vandalism,Bachelor's,21,7,1,1,29.7
23,Male,Fraud,Bachelor's,51,6,0,1,31.0
24,Male,Robbery,Preparatory,85,7,0,1,52.6
57,Male,Fraud,Secondary,43,9,1,0,31.0
28,Male,Theft,Secondary,39,9,2,2,47.8
38,Male,Sexual Offense,Bachelor's,184,10,3,3,79.8
30,Male,Burglary,Primary,20,12,0,3,65.3
62,Male,Drug Offense,Illiterate,83,13,1,3,75.4
43,Male,Murder,Secondary,271,10,1,0,62.1
47,Male,Drug Offense,Secondary,58,7,0,1,38.5
44,Male,Sexual Offense,Secondary,212,8,0,0,49.6
62,Male,Drug Offense,Secondary,90,9,3,0,47.3
41,Male,Assault,Illiterate,90,8,1,0,53.2
38,Male,Drug Offense,Postgraduate education,67,9,3,1,48.2
40,Male,Weapons Offense,Bachelor's,51,15,3,4,73.0
62,Male,Robbery,Preparatory,140,12,3,2,67.8
42,Male,Public Order,Bachelor's,17,9,1,2,34.2
19,Male,Robbery,Literate,47,8,3,2,76.5
50,Male,Weapons Offense,Secondary,72,9,3,1,47.2
37,Male,Theft,Literate,6,9,3,1,49.8
41,Male,Robbery,Bachelor's,77,6,0,1,35.2
58,Male,Murder,Illiterate,452,10,4,1,88.3
32,Male,Fraud,Literate,69,11,1,0,50.3
33,Female,Drug Offense,Preparatory,68,6,0,1,48.1
43,Female,Theft,Secondary,32,5,0,0,22.8
20,Male,Fraud,Illiterate,22,13,2,0,60.9
60,Male,Drug Offense,Literate,63,15,2,1,58.5
24,Male,Public Order,Preparatory,2,7,1,0,33.4
56,Male,Weapons Offense,Secondary,72,7,2,1,45.0
59,Male,Burglary,Primary,20,4,1,0,33.6
65,Male,Assault,Bachelor's,75,11,3,0,46.2
62,Male,Burglary,Bachelor's,15,9,0,2,41.5
23,Male,Public Order,Preparatory,4,11,3,3,63.3
22,Male,Burglary,Bachelor's,21,6,0,1,41.4
47,Male,Theft,Primary,7,10,0,2,47.3
49,Male,Drug Offense,Illiterate,88,8,2,0,52.8
32,Female,Murder,Secondary,304,11,2,2,85.9
32,Female,Weapons Offense,Illiterate,66,11,2,0,69.1
52,Male,Robbery,Preparatory,59,15,2,4,80.3
33,Male,Fraud,Secondary,66,5,0,0,33.2
26,Male,Murder,Secondary,397,9,0,0,56.0
42,Male,Drug Offense,Bachelor's,69,12,5,0,57.3
35,Male,Fraud,Primary,76,11,3,0,50.8
58,Male,Burglary,Preparatory,13,10,2,2,44.1
18,Male,Burglary,Preparatory,52,10,3,0,55.0
61,Male,Fraud,Secondary,37,11,1,0,36.2
22,Male,Assault,Primary,55,10,0,1,58.4
42,Male,Burglary,Primary,47,7,1,0,37.9
23,Male,Burglary,Postgraduate education,29,14,2,2,60.0
60,Male,Murder,Preparatory,221,9,0,1,54.2
62,Male,Cybercrime,Literate,55,12,4,3,68.2
51,Male,Murder,Preparatory,358,4,1,0,61.1
19,Female,Arson,Preparatory,45,15,2,1,58.6
32,Male,Cybercrime,Secondary,34,10,2,0,38.6
63,Male,Theft,Illiterate,18,14,1,2,59.1
24,Male,Weapons Offense,Primary,53,17,0,2,72.6
56,Male,Theft,Secondary,17,11,4,0,41.5
32,Male,Robbery,Primary,60,7,2,0,49.6
62,Male,Drug Offense,Preparatory,90,9,0,0,47.2
18,Male,Public Order,Illiterate,10,14,6,4,89.1
59,Male,Drug Offense,Secondary,50,10,4,0,51.6
39,Male,Vandalism,Primary,6,7,0,1,31.1
21,Male,Weapons Offense,Bachelor's,32,9,0,2,47.3
59,Female,Burglary,Preparatory,59,13,5,2,56.5
20,Male,Vandalism,Preparatory,28,7,0,1,44.2
22,Male,Drug Offense,Preparatory,51,12,0,3,75.1
48,Male,Fraud,Literate,50,6,1,0,32.0
20,Female,Assault,Bachelor's,80,10,3,0,58.3
49,Male,Arson,Primary,117,13,1,4,79.9
30,Male,Fraud,Secondary,74,12,0,3,61.2
63,Male,Assault,Bachelor's,62,10,0,1,37.9
59,Female,Theft,Bachelor's,4,12,2,3,43.3
64,Male,Drug Offense,Bachelor's,25,14,0,4,57.1
43,Female,Drug Offense,Literate,37,12,5,0,61.8
64,Male,Weapons Offense,Secondary,71,13,1,1,52.2
33,Female,Robbery,Secondary,39,12,4,1,61.1
39,Male,Assault,Postgraduate education,52,9,1,2,54.2
40,Male,Burglary,Preparatory,36,11,3,3,65.2
40,Female,Drug Offense,Bachelor's,81,11,4,3,70.7
18,Male,Drug Offense,Bachelor's,36,13,2,0,54.4
43,Male,Vandalism,Bachelor's,30,14,3,2,55.1
58,Female,Vandalism,Primary,3,10,0,3,45.8
19,Male,Murder,Secondary,181,11,4,1,84.4
20,Male,Vandalism,Secondary,13,9,1,1,46.1
43,Male,Fraud,Preparatory,65,11,1,0,44.9
47,Male,Theft,Illiterate,39,10,0,0,39.9
33,Female,Public Order,Bachelor's,11,13,0,0,36.0
34,Male,Vandalism,Secondary,18,8,1,2,42.8
55,Male,Burglary,Secondary,30,12,3,1,44.5
27,Male,Murder,Illiterate,477,8,0,1,80.8
63,Male,Cybercrime,Preparatory,25,10,4,0,37.7
45,Female,Theft,Preparatory,30,6,1,1,35.1
61,Male,Fraud,Bachelor's,26,12,2,3,49.4
43,Male,Burglary,Secondary,54,11,0,2,50.6
53,Male,Weapons Offense,Secondary,85,11,4,1,61.9
53,Male,Drug Offense,Literate,75,11,2,3,64.4
26,Male,Burglary,Secondary,20,4,0,0,29.5
51,Male,Cybercrime,Preparatory,49,8,2,1,35.9
61,Male,Cybercrime,Illiterate,18,12,3,0,45.0
60,Female,Theft,Postgraduate education,25,16,1,1,38.7
27,Male,Drug Offense,Secondary,85,6,2,1,48.0
62,Male,Drug Offense,Primary,65,10,1,0,43.8
54,Male,Theft,Preparatory,14,12,5,0,44.9
38,Male,Fraud,Secondary,68,16,6,4,80.1
60,Male,Robbery,Illiterate,91,10,0,0,47.3
22,Male,Burglary,Secondary,72,17,3,1,69.9
25,Male,Assault,Secondary,92,16,4,2,74.1
63,Male,Sexual Offense,Illiterate,143,9,0,1,60.3
43,Male,Fraud,Preparatory,46,14,5,4,81.2
26,Male,Burglary,Bachelor's,26,4,0,0,20.8
51,Female,Public Order,Primary,10,6,2,0,29.8
43,Male,Assault,Secondary,64,11,3,1,62.0
37,Male,Fraud,Secondary,20,9,2,0,31.6
61,Female,Theft,Secondary,21,6,0,0,16.6
57,Female,Drug Offense,Primary,93,13,0,1,47.1
22,Male,Burglary,Postgraduate education,28,11,4,3,71.4
39,Male,Drug Offense,Secondary,81,15,2,3,67.9
31,Male,Vandalism,Literate,36,11,2,2,63.9
25,Male,Vandalism,Secondary,22,14,4,1,54.0
55,Male,Fraud,Bachelor's,13,7,0,0,16.8
21,Female,Theft,Illiterate,27,11,2,3,80.0
50,Male,Fraud,Preparatory,49,5,1,0,29.0
65,Female,Theft,Bachelor's,21,7,2,1,31.1
20,Female,Theft,Secondary,48,9,2,0,37.5
36,Female,Fraud,Secondary,29,11,1,1,43.3
50,Female,Public Order,Secondary,5,12,5,0,41.8
57,Male,Theft,Preparatory,37,11,2,0,35.9
22,Male,Assault,Bachelor's,60,17,5,5,100.0
56,Male,Drug Offense,Preparatory,43,11,3,2,56.0
27,Male,Drug Offense,Preparatory,82,7,2,1,55.5
41,Male,Arson,Postgraduate education,62,15,3,1,54.7
49,Male,Murder,Primary,310,7,1,0,59.8
41,Male,Burglary,Postgraduate education,47,12,1,1,31.7
52,Male,Assault,Preparatory,56,8,3,2,54.9
42,Male,Arson,Preparatory,114,9,2,0,49.8
60,Male,Arson,Secondary,59,12,3,2,64.8
37,Male,Assault,Preparatory,84,11,1,0,47.7
26,Male,Drug Offense,Preparatory,92,8,1,1,49.7
22,Male,Robbery,Primary,60,11,3,0,65.9
45,Male,Assault,Literate,51,12,2,3,71.5
61,Male,Theft,Literate,21,8,1,0,32.9
63,Male,Weapons Offense,Preparatory,47,13,1,0,52.9
49,Male,Fraud,Secondary,61,10,2,1,47.9
56,Male,Assault,Bachelor's,64,10,3,2,56.8
22,Male,Robbery,Secondary,67,8,1,1,54.7
61,Male,Burglary,Secondary,67,7,2,0,23.1
31,Male,Vandalism,Preparatory,4,11,0,2,53.2
22,Male,Robbery,Literate,123,9,0,0,58.4
65,Male,Drug Offense,Preparatory,21,11,0,1,40.5
54,Male,Drug Offense,Primary,58,11,2,1,53.2
62,Male,Theft,Illiterate,42,19,3,3,76.9
47,Male,Robbery,Bachelor's,72,10,4,1,49.3
24,Male,Theft,Preparatory,4,9,2,1,49.6
38,Male,Burglary,Preparatory,50,9,0,2,39.9
32,Male,Theft,Preparatory,40,9,1,2,49.9
62,Male,Sexual Offense,Illiterate,212,10,4,1,81.6
29,Male,Assault,Primary,110,4,1,0,48.6
32,Male,Assault,Bachelor's,103,15,1,2,59.9
22,Male,Vandalism,Secondary,17,10,3,2,55.9
58,Male,Robbery,Secondary,57,9,0,2,50.5
46,Male,Drug Offense,Literate,13,8,3,1,59.2
40,Male,Robbery,Preparatory,43,8,3,0,52.2
63,Male,Weapons Offense,Bachelor's,95,13,5,3,75.1
51,Male,Burglary,Secondary,52,11,0,1,40.5
26,Male,Fraud,Literate,56,13,3,0,59.6
65,Male,Burglary,Bachelor's,66,13,1,1,40.8
34,Male,Murder,Preparatory,458,13,4,2,100.0
28,Male,Weapons Offense,Literate,95,11,2,2,77.3
53,Male,Arson,Secondary,67,6,2,0,39.7
25,Male,Murder,Secondary,413,6,2,0,59.0
29,Male,Public Order,Illiterate,16,11,3,2,68.3
65,Male,Weapons Offense,Postgraduate education,33,10,4,2,52.1
44,Male,Theft,Illiterate,16,12,0,3,62.9
28,Male,Theft,Postgraduate education,34,14,1,0,40.1
31,Male,Assault,Preparatory,110,10,1,1,61.0
28,Male,Assault,Postgraduate education,57,9,2,1,46.7
30,Male,Drug Offense,Preparatory,46,9,0,1,51.2
26,Male,Assault,Illiterate,27,14,3,3,86.9
62,Male,Vandalism,Secondary,3,8,1,2,33.7
64,Female,Drug Offense,Primary,66,12,3,2,66.6
37,Male,Fraud,Bachelor's,45,8,0,2,41.5
53,Male,Cybercrime,Preparatory,18,12,0,2,39.3
62,Male,Assault,Secondary,51,10,3,2,67.2
29,Male,Robbery,Preparatory,105,6,0,1,44.7
50,Male,Burglary,Literate,45,10,0,1,48.7
22,Male,Assault,Bachelor's,28,13,3,2,76.7
53,Male,Weapons Offense,Bachelor's,39,7,2,1,38.0
54,Male,Burglary,Primary,56,11,4,2,63.6
48,Male,Public Order,Secondary,8,13,3,3,57.5
31,Male,Arson,Primary,101,12,2,2,73.8
53,Male,Fraud,Secondary,81,6,2,0,26.6
44,Male,Cybercrime,Illiterate,38,17,2,4,80.4
61,Male,Theft,Primary,47,12,5,1,51.6
24,Male,Sexual Offense,Secondary,223,14,6,1,95.1
63,Male,Robbery,Primary,102,14,6,4,94.0
65,Male,Burglary,Primary,36,14,1,3,64.9
42,Male,Assault,Bachelor's,45,8,0,2,37.7
50,Male,Assault,Postgraduate education,110,15,1,1,52.2
58,Male,Assault,Preparatory,54,16,3,2,75.3
20,Male,Robbery,Primary,136,2,0,0,46.5
50,Male,Theft,Bachelor's,5,9,2,1,35.0
58,Male,Assault,Illiterate,30,11,3,2,68.1
64,Male,Cybercrime,Secondary,30,11,4,1,43.2
60,Male,Kidnapping,Illiterate,208,11,0,0,59.6
37,Male,Theft,Primary,40,6,1,1,42.2
23,Male,Drug Offense,Preparatory,95,15,2,3,85.4
58,Male,Assault,Literate,99,9,2,2,69.1
34,Male,Vandalism,Secondary,19,10,1,0,35.1
54,Female,Drug Offense,Bachelor's,52,9,2,0,37.9
61,Male,Assault,Secondary,88,10,4,0,48.5
21,Male,Theft,Secondary,8,9,0,2,41.2
38,Male,Drug Offense,Literate,94,8,1,0,48.6
52,Male,Weapons Offense,Illiterate,63,9,0,1,53.7
57,Male,Public Order,Secondary,10,15,1,2,42.3
65,Male,Kidnapping,Secondary,177,10,3,3,80.6
18,Male,Assault,Preparatory,84,14,4,2,80.0
27,Male,Burglary,Illiterate,38,7,2,1,65.9
62,Male,Robbery,Preparatory,60,11,2,0,48.3
29,Male,Vandalism,Primary,3,6,1,0,29.7
65,Male,Assault,Preparatory,78,25,7,8,100.0
50,Male,Robbery,Secondary,142,11,2,1,50.5
56,Male,Arson,Secondary,48,6,1,1,42.0
46,Male,Burglary,Bachelor's,39,11,4,1,54.0
26,Female,Murder,Primary,324,11,4,2,93.8
65,Male,Assault,Preparatory,58,9,2,1,45.3
44,Male,Assault,Literate,62,12,0,1,52.4
33,Male,Assault,Secondary,104,7,0,1,57.2
60,Male,Assault,Secondary,104,9,0,2,43.7
18,Female,Theft,Preparatory,48,9,1,2,54.9
37,Male,Drug Offense,Secondary,61,10,2,2,54.9
55,Male,Kidnapping,Primary,266,9,2,1,66.2
42,Male,Public Order,Literate,2,9,1,0,39.6
53,Female,Drug Offense,Preparatory,31,12,5,1,61.7
19,Male,Fraud,Literate,50,11,3,0,61.6
47,Male,Theft,Postgraduate education,36,14,1,1,43.6
51,Male,Vandalism,Bachelor's,18,9,2,1,30.3
47,Male,Weapons Offense,Secondary,64,11,0,2,47.9
59,Male,Fraud,Secondary,16,13,1,1,38.8
19,Male,Robbery,Preparatory,135,12,4,3,86.7
54,Male,Arson,Bachelor's,56,10,2,1,47.9
22,Male,Theft,Preparatory,31,6,2,0,46.1
37,Male,Theft,Secondary,15,12,4,1,53.5
18,Male,Theft,Primary,45,7,1,0,40.1
45,Male,Public Order,Literate,14,10,3,1,44.4
33,Female,Assault,Secondary,99,8,0,0,42.7
24,Female,Robbery,Bachelor's,132,12,2,0,51.7
64,Male,Assault,Preparatory,94,8,2,0,41.6
49,Male,Theft,Secondary,19,7,0,0,23.2
61,Male,Robbery,Preparatory,59,10,2,3,53.7
61,Male,Theft,Preparatory,34,6,1,1,34.0
21,Male,Drug Offense,Preparatory,83,6,1,0,47.3
45,Male,Assault,Bachelor's,76,4,1,0,33.0
35,Male,Theft,Bachelor's,6,9,2,0,22.4
34,Female,Drug Offense,Secondary,31,6,1,0,29.1
55,Male,Burglary,Bachelor's,61,12,3,0,38.7
27,Male,Theft,Secondary,13,12,3,0,56.4
56,Male,Vandalism,Illiterate,7,8,3,0,41.4
31,Male,Assault,Secondary,29,6,0,1,46.9
54,Male,Weapons Offense,Preparatory,78,9,1,2,49.6
42,Male,Theft,Preparatory,16,9,0,2,43.8
46,Male,Public Order,Postgraduate education,8,14,4,3,58.5
57,Male,Weapons Offense,Preparatory,34,9,2,1,49.4
37,Male,Murder,Secondary,406,5,0,1,63.8
61,Male,Theft,Bachelor's,3,7,1,0,28.0
53,Female,Burglary,Bachelor's,60,7,0,0,27.0
20,Female,Robbery,Postgraduate education,142,5,0,1,47.2
49,Female,Fraud,Illiterate,81,4,1,0,36.6
61,Male,Murder,Secondary,429,8,0,2,63.3
21,Male,Kidnapping,Literate,249,11,2,0,81.4
57,Male,Fraud,Primary,36,9,1,1,52.1
46,Male,Fraud,Secondary,67,13,0,2,53.3
64,Male,Vandalism,Illiterate,8,9,3,0,46.5
54,Female,Assault,Postgraduate education,59,10,2,1,45.6
63,Male,Theft,Preparatory,40,12,3,3,55.7
37,Female,Assault,Primary,45,11,0,3,64.4
47,Male,Vandalism,Illiterate,12,10,3,0,52.5
34,Male,Assault,Secondary,85,7,2,1,49.4
57,Male,Burglary,Preparatory,71,8,0,0,33.1
62,Male,Burglary,Literate,41,10,1,2,52.4
19,Female,Assault,Literate,64,10,2,1,74.5
21,Male,Public Order,Preparatory,7,7,2,1,41.2
61,Female,Fraud,Primary,32,13,1,2,55.1
36,Male,Public Order,Preparatory,9,8,1,2,36.5
39,Male,Sexual Offense,Secondary,176,11,4,1,65.7
39,Male,Drug Offense,Secondary,71,1,0,0,23.8
26,Male,Drug Offense,Preparatory,37,3,0,0,38.5
57,Male,Murder,Secondary,478,8,2,1,70.4
62,Male,Drug Offense,Illiterate,78,10,0,1,50.4
27,Female,Drug Offense,Primary,73,10,4,0,58.5
57,Female,Vandalism,Preparatory,27,15,0,2,45.5
52,Male,Drug Offense,Illiterate,65,9,2,0,51.5
19,Male,Weapons Offense,Preparatory,67,9,0,1,65.7
51,Female,Fraud,Illiterate,56,14,4,3,73.3
19,Male,Fraud,Secondary,81,11,3,2,62.3
61,Male,Public Order,Secondary,2,5,0,1,20.8
44,Male,Theft,Preparatory,46,10,0,0,33.6
48,Male,Vandalism,Secondary,15,10,2,1,45.3
45,Male,Assault,Primary,116,8,1,2,67.2
31,Male,Weapons Offense,Bachelor's,78,10,4,1,61.6
33,Male,Drug Offense,Primary,79,10,4,2,68.8
26,Male,Vandalism,Preparatory,10,9,3,1,44.9
18,Male,Drug Offense,Bachelor's,96,8,1,0,39.7
51,Male,Vandalism,Illiterate,9,5,0,0,30.3
42,Male,Theft,Secondary,42,9,0,2,42.2
25,Male,Theft,Secondary,4,3,0,0,19.0
35,Male,Burglary,Primary,33,11,0,2,58.8
48,Female,Theft,Secondary,24,11,4,1,59.2
50,Male,Theft,Bachelor's,14,9,2,2,33.0
18,Male,Sexual Offense,Bachelor's,189,9,1,0,55.9
18,Male,Theft,Secondary,36,5,1,0,25.0
55,Male,Public Order,Secondary,6,8,3,0,25.0
55,Male,Robbery,Primary,81,5,0,0,30.2
40,Male,Cybercrime,Primary,18,11,4,1,54.9
34,Male,Drug Offense,Primary,94,7,1,1,49.9
23,Female,Drug Offense,Primary,12,10,3,0,61.7
27,Male,Drug Offense,Bachelor's,43,12,3,3,71.2
62,Male,Fraud,Illiterate,29,13,5,3,72.2
26,Female,Cybercrime,Secondary,6,13,1,4,59.8
34,Male,Drug Offense,Preparatory,95,12,0,2,60.6
34,Male,Weapons Offense,Bachelor's,25,11,0,1,46.5
56,Male,Assault,Literate,27,7,0,0,47.2
65,Male,Drug Offense,Secondary,83,8,0,2,44.0
49,Male,Fraud,Preparatory,55,10,2,3,60.2
31,Female,Burglary,Secondary,24,6,1,1,45.8
64,Male,Drug Offense,Preparatory,50,13,3,0,52.1
32,Male,Vandalism,Secondary,35,7,1,0,34.6
61,Male,Burglary,Postgraduate education,67,8,1,0,23.6
23,Male,Burglary,Secondary,32,10,1,1,51.1
19,Male,Robbery,Primary,128,14,2,2,86.6
41,Male,Weapons Offense,Secondary,74,7,1,0,33.2
33,Male,Sexual Offense,Secondary,238,13,2,0,74.6
36,Female,Fraud,Bachelor's,42,6,1,1,34.8
44,Male,Burglary,Bachelor's,27,10,3,1,48.0
18,Male,Drug Offense,Literate,67,13,2,1,74.1
18,Male,Vandalism,Primary,11,12,4,3,73.3
43,Female,Drug Offense,Bachelor's,69,12,4,2,66.8
26,Male,Assault,Literate,101,16,0,2,75.4
37,Male,Theft,Secondary,24,8,2,0,33.3
23,Male,Theft,Secondary,39,11,1,0,39.2
33,Male,Vandalism,Primary,3,11,1,0,45.5
54,Male,Murder,Primary,419,5,0,1,73.7
53,Male,Fraud,Preparatory,57,12,5,0,40.5
56,Female,Weapons Offense,Secondary,80,11,1,3,61.7
22,Male,Cybercrime,Primary,43,15,0,5,87.5
27,Male,Robbery,Literate,57,11,0,0,51.2
24,Male,Robbery,Primary,52,6,1,1,54.8
23,Male,Cybercrime,Primary,8,10,4,2,57.2
21,Male,Robbery,Bachelor's,115,10,1,0,51.3
39,Male,Burglary,Secondary,50,10,0,2,41.4
30,Male,Murder,Bachelor's,431,3,0,0,54.1
59,Male,Burglary,Secondary,34,16,5,4,76.0
27,Male,Vandalism,Literate,25,7,1,0,39.6
43,Male,Theft,Postgraduate education,3,9,2,0,30.2
45,Male,Burglary,Secondary,19,11,2,2,52.3
35,Male,Assault,Primary,87,10,3,3,81.3
33,Male,Burglary,Primary,38,11,4,1,59.9
26,Female,Fraud,Illiterate,74,12,4,0,65.6
42,Male,Weapons Offense,Secondary,65,7,0,1,50.1
26,Male,Burglary,Preparatory,36,13,4,4,79.5
49,Female,Burglary,Secondary,26,11,1,0,41.0
55,Male,Theft,Illiterate,34,6,1,0,39.5
41,Male,Drug Offense,Primary,51,14,3,3,71.7
33,Male,Robbery,Literate,111,11,1,2,72.9
51,Male,Sexual Offense,Primary,190,8,2,2,68.2
33,Male,Burglary,Bachelor's,18,14,2,0,50.5
50,Female,Burglary,Postgraduate education,23,12,5,3,60.1
52,Female,Theft,Preparatory,43,12,5,1,48.4
52,Male,Vandalism,Preparatory,29,9,3,0,32.6
61,Male,Theft,Secondary,24,7,1,1,32.4
27,Male,Arson,Illiterate,72,6,2,1,56.8
59,Male,Robbery,Secondary,144,7,1,1,40.9
62,Male,Theft,Bachelor's,25,10,2,1,35.8
54,Male,Robbery,Bachelor's,141,9,2,2,56.6
20,Male,Vandalism,Bachelor's,36,9,0,0,35.0
47,Male,Drug Offense,Secondary,82,10,0,3,60.1
53,Male,Robbery,Secondary,121,10,2,2,52.4
41,Male,Theft,Secondary,7,11,0,0,34.0
44,Male,Sexual Offense,Bachelor's,237,9,0,2,63.9
22,Male,Drug Offense,Primary,61,10,4,3,81.4
27,Male,Drug Offense,Preparatory,35,8,3,2,62.9
45,Male,Fraud,Preparatory,74,10,2,3,57.7
60,Male,Vandalism,Bachelor's,24,12,1,2,39.4
60,Male,Theft,Preparatory,32,7,2,1,33.8
35,Female,Murder,Preparatory,275,11,2,0,69.4
47,Male,Fraud,Secondary,47,15,1,5,71.7
42,Male,Burglary,Primary,15,7,1,0,37.4
44,Male,Robbery,Primary,129,9,3,2,67.7
61,Male,Sexual Offense,Preparatory,97,7,0,1,49.5
56,Male,Drug Offense,Preparatory,31,10,0,0,40.5
58,Male,Weapons Offense,Illiterate,81,10,2,2,72.2
22,Male,Assault,Primary,30,9,2,0,64.0
27,Male,Theft,Primary,35,13,2,1,59.1
43,Male,Vandalism,Bachelor's,4,10,4,3,49.8
21,Male,Assault,Bachelor's,36,7,2,0,45.7
36,Male,Murder,Secondary,378,12,5,2,100.0
61,Female,Robbery,Illiterate,44,7,0,0,41.5
29,Male,Sexual Offense,Postgraduate education,201,7,0,1,48.3
21,Male,Drug Offense,Primary,83,7,0,1,53.0
29,Male,Theft,Secondary,42,8,1,2,39.3
38,Male,Drug Offense,Secondary,67,11,2,2,54.3
46,Male,Theft,Secondary,45,7,1,0,25.3
55,Male,Robbery,Secondary,88,15,3,2,66.5
63,Male,Robbery,Bachelor's,86,10,2,1,42.0
32,Male,Assault,Secondary,91,10,4,2,72.5
40,Male,Sexual Offense,Bachelor's,116,7,2,0,46.0
51,Male,Assault,Literate,115,10,0,0,53.1
51,Female,Assault,Preparatory,79,10,2,0,40.2
30,Male,Drug Offense,Bachelor's,45,15,5,3,78.0
46,Male,Fraud,Secondary,39,13,0,3,48.5
28,Male,Kidnapping,Literate,226,5,0,0,58.9
22,Male,Drug Offense,Secondary,63,16,7,0,74.4
37,Male,Sexual Offense,Literate,141,4,0,0,48.6
61,Male,Weapons Offense,Secondary,85,12,1,1,56.8
37,Male,Murder,Bachelor's,389,11,1,3,84.1
29,Male,Robbery,Secondary,135,12,5,3,81.5
27,Male,Drug Offense,Secondary,28,5,1,1,46.3
33,Male,Theft,Secondary,8,11,4,2,58.9
35,Male,Vandalism,Preparatory,24,12,2,2,50.9
34,Female,Fraud,Secondary,27,15,0,5,76.6
34,Male,Burglary,Bachelor's,34,4,0,0,27.6
21,Male,Weapons Offense,Preparatory,40,15,1,4,90.4
20,Male,Theft,Primary,7,5,1,0,33.3
41,Male,Arson,Secondary,120,8,0,1,45.0
26,Male,Murder,Primary,325,8,3,2,93.1
27,Male,Fraud,Bachelor's,29,9,1,2,46.7
46,Male,Theft,Preparatory,44,12,2,2,57.2
22,Male,Vandalism,Preparatory,12,12,1,0,46.5
32,Male,Drug Offense,Preparatory,94,11,1,2,66.7
20,Male,Cybercrime,Primary,17,5,1,1,42.8
32,Male,Public Order,Bachelor's,15,8,3,2,41.7
55,Female,Public Order,Literate,23,10,2,2,47.9
65,Male,Drug Offense,Preparatory,16,11,3,1,45.2
41,Male,Robbery,Secondary,37,15,6,5,91.7
57,Male,Theft,Preparatory,10,13,3,3,63.2
48,Male,Theft,Secondary,21,12,5,1,59.7
19,Male,Arson,Secondary,109,8,3,0,61.1
35,Male,Theft,Literate,8,13,1,4,72.8
56,Male,Drug Offense,Preparatory,72,17,4,5,93.0
51,Male,Sexual Offense,Primary,198,5,0,1,51.9
62,Male,Fraud,Primary,83,12,1,1,44.3
52,Female,Robbery,Secondary,117,12,4,3,69.0
60,Male,Theft,Secondary,27,14,1,3,50.8
54,Male,Arson,Preparatory,56,9,2,2,48.1
51,Male,Fraud,Secondary,74,10,3,3,59.0
37,Male,Murder,Secondary,450,8,2,0,67.8
48,Female,Vandalism,Illiterate,15,6,0,0,35.7
63,Male,Fraud,Primary,27,10,4,1,49.4
32,Male,Theft,Secondary,46,10,4,1,42.5
49,Male,Assault,Secondary,64,9,0,0,38.3
37,Male,Cybercrime,Secondary,19,8,3,1,40.9
54,Male,Murder,Illiterate,476,12,3,1,98.3
48,Male,Theft,Primary,16,14,1,0,36.5
32,Male,Murder,Literate,216,13,4,2,91.7
50,Male,Theft,Secondary,28,4,1,0,17.2
46,Male,Assault,Primary,24,6,1,0,41.5
56,Male,Theft,Secondary,33,11,3,1,40.9
46,Male,Sexual Offense,Illiterate,99,9,1,1,65.0
42,Male,Theft,Illiterate,25,6,0,0,44.2
36,Male,Fraud,Primary,74,11,3,3,68.2
35,Male,Murder,Bachelor's,352,7,0,0,48.8
24,Male,Robbery,Primary,45,8,2,0,59.8
33,Female,Assault,Secondary,40,15,2,4,80.5
38,Male,Burglary,Primary,54,15,4,2,67.9
40,Male,Fraud,Preparatory,43,9,1,2,48.0
52,Male,Public Order,Preparatory,4,7,1,0,26.7
49,Male,Drug Offense,Secondary,48,7,0,0,32.3
31,Male,Theft,Illiterate,28,9,1,0,41.8
31,Male,Robbery,Secondary,130,18,0,2,67.4
40,Male,Vandalism,Literate,3,7,2,1,36.7
60,Male,Assault,Preparatory,108,13,2,4,77.3
45,Male,Assault,Secondary,52,4,1,0,37.9
53,Male,Theft,Secondary,6,8,2,1,34.1
20,Male,Theft,Secondary,36,7,2,1,45.3
56,Male,Drug Offense,Secondary,14,7,1,1,32.2
54,Female,Public Order,Preparatory,20,14,6,4,72.7
35,Male,Burglary,Preparatory,53,7,2,0,43.0
32,Male,Weapons Offense,Primary,74,13,3,2,82.2
56,Male,Public Order,Secondary,1,8,2,0,24.1
57,Male,Burglary,Primary,58,10,4,0,44.0
27,Female,Arson,Secondary,62,7,2,1,48.6
53,Male,Burglary,Primary,25,8,2,2,54.0
47,Male,Drug Offense,Postgraduate education,71,7,0,1,37.3
62,Male,Drug Offense,Secondary,52,10,3,3,53.8
19,Male,Weapons Offense,Bachelor's,92,9,2,2,54.8
46,Male,Fraud,Preparatory,68,6,0,0,27.6
49,Male,Weapons Offense,Secondary,83,10,2,1,54.4
52,Female,Assault,Literate,25,13,1,1,55.4
50,Male,Vandalism,Preparatory,34,8,0,2,41.1
26,Male,Theft,Secondary,16,7,1,0,31.6
26,Male,Assault,Secondary,72,12,4,1,71.5
40,Male,Assault,Secondary,55,9,1,1,56.2
43,Male,Vandalism,Illiterate,7,6,0,0,33.3
54,Male,Kidnapping,Bachelor's,122,8,1,2,57.1
18,Male,Theft,Secondary,22,9,0,2,45.0
59,Male,Burglary,Secondary,12,17,1,1,44.3
23,Male,Burglary,Primary,70,9,0,1,53.5
18,Male,Fraud,Preparatory,59,16,4,3,81.3
60,Male,Drug Offense,Primary,83,8,0,1,40.9
36,Male,Robbery,Preparatory,71,11,3,2,66.1
22,Female,Assault,Preparatory,51,4,0,0,41.4
46,Male,Theft,Preparatory,15,8,2,0,33.3
29,Male,Assault,Secondary,39,11,0,0,47.8
62,Male,Fraud,Secondary,41,13,2,3,50.7
59,Male,Theft,Secondary,29,11,1,1,31.4
55,Male,Drug Offense,Illiterate,35,14,6,0,63.4
38,Male,Murder,Primary,183,11,1,2,81.2
22,Male,Burglary,Secondary,32,10,2,0,42.7
64,Male,Murder,Illiterate,440,22,8,1,100.0
64,Male,Sexual Offense,Primary,174,15,2,2,79.6
41,Male,Robbery,Primary,119,7,2,1,54.7
29,Male,Fraud,Illiterate,31,13,5,0,69.6
53,Male,Murder,Literate,293,7,2,0,58.7
65,Male,Cybercrime,Preparatory,12,11,4,1,37.3
21,Male,Assault,Secondary,68,11,2,0,56.1
26,Male,Theft,Secondary,17,3,0,0,18.3
39,Male,Theft,Primary,43,14,1,2,55.1
40,Male,Assault,Secondary,62,14,4,3,81.9
36,Male,Theft,Primary,12,8,1,1,40.6
27,Male,Burglary,Postgraduate education,23,7,1,1,37.4
39,Male,Assault,Secondary,65,10,1,3,61.7
46,Male,Vandalism,Secondary,20,8,3,0,34.6
28,Male,Fraud,Secondary,57,7,1,1,38.9
20,Male,Drug Offense,Literate,59,11,0,1,62.4
55,Male,Robbery,Secondary,133,12,2,1,51.5
33,Male,Robbery,Secondary,140,11,1,3,78.3
41,Female,Vandalism,Preparatory,10,8,3,1,42.9
47,Female,Weapons Offense,Preparatory,55,9,0,1,54.7
45,Male,Drug Offense,Bachelor's,76,8,1,2,47.3
56,Male,Assault,Preparatory,30,11,1,0,32.4
24,Male,Drug Offense,Preparatory,73,20,5,4,100.0
30,Male,Sexual Offense,Secondary,119,13,1,4,88.3
25,Male,Robbery,Preparatory,110,9,1,0,49.4
19,Male,Murder,Secondary,325,6,1,0,60.7
36,Male,Theft,Bachelor's,13,12,5,0,46.2
39,Male,Weapons Offense,Preparatory,43,6,0,1,44.2
38,Male,Burglary,Literate,25,9,3,0,56.3
19,Male,Cybercrime,Illiterate,20,9,2,0,54.4
46,Male,Burglary,Secondary,31,14,1,3,59.0
20,Male,Fraud,Primary,44,10,3,3,69.3
18,Male,Theft,Primary,46,9,3,0,47.7
47,Male,Fraud,Illiterate,65,12,1,1,55.8
20,Male,Sexual Offense,Primary,113,5,0,1,57.9
57,Male,Fraud,Bachelor's,21,12,3,3,56.3
19,Male,Cybercrime,Postgraduate education,53,8,2,0,31.4
22,Male,Robbery,Primary,104,10,3,1,77.3
24,Male,Arson,Primary,57,12,5,2,88.3
19,Male,Fraud,Bachelor's,57,10,2,1,44.9
28,Male,Vandalism,Illiterate,8,10,3,1,59.0
46,Male,Weapons Offense,Secondary,96,14,1,1,61.3
38,Male,Public Order,Preparatory,23,5,0,0,24.1
20,Male,Public Order,Primary,11,8,0,0,36.0
20,Male,Assault,Preparatory,102,13,0,0,55.7
22,Male,Robbery,Secondary,111,11,2,3,78.9
20,Female,Weapons Offense,Primary,96,11,0,2,70.4
32,Male,Theft,Primary,20,11,2,3,62.2
49,Male,Public Order,Secondary,1,17,4,4,78.4
44,Male,Sexual Offense,Preparatory,193,16,5,5,100.0
38,Male,Burglary,Bachelor's,62,13,0,1,48.5
53,Male,Theft,Illiterate,23,10,1,2,43.8
55,Male,Theft,Bachelor's,8,7,0,0,16.8
50,Male,Assault,Secondary,38,14,4,2,69.7
45,Female,Drug Offense,Secondary,46,11,1,2,56.9
40,Male,Drug Offense,Preparatory,39,7,2,0,43.5
49,Male,Robbery,Bachelor's,121,13,3,1,62.7
36,Male,Assault,Primary,64,8,3,1,59.8
63,Male,Cybercrime,Postgraduate education,46,10,2,1,30.7
47,Male,Burglary,Primary,50,17,4,1,69.4
63,Female,Vandalism,Literate,27,11,2,0,34.7
40,Male,Drug Offense,Bachelor's,15,8,0,1,32.6
44,Male,Murder,Primary,247,9,3,0,74.6
65,Male,Drug Offense,Preparatory,93,13,1,1,47.4
43,Male,Theft,Illiterate,41,7,2,0,37.4
30,Male,Public Order,Secondary,1,10,3,2,51.5
27,Male,Fraud,Secondary,30,10,2,1,50.0
18,Male,Vandalism,Postgraduate education,21,9,2,2,48.9
39,Male,Murder,Primary,473,5,0,0,68.3
47,Male,Vandalism,Preparatory,23,11,4,1,54.3
27,Male,Weapons Offense,Literate,72,10,3,3,86.1
23,Female,Burglary,Literate,19,12,1,0,47.4
51,Male,Theft,Primary,5,16,3,1,57.6
61,Male,Vandalism,Primary,18,8,1,2,43.7
21,Female,Arson,Secondary,86,12,2,0,58.7
29,Male,Burglary,Secondary,38,14,3,0,48.3
36,Male,Assault,Preparatory,84,8,2,0,50.2
19,Male,Robbery,Literate,81,9,0,2,64.9
40,Male,Assault,Primary,38,7,2,1,63.3
43,Male,Theft,Bachelor's,34,8,1,1,29.2
40,Male,Vandalism,Primary,3,9,2,1,43.7
34,Male,Vandalism,Illiterate,23,9,1,0,51.5
37,Male,Assault,Secondary,42,8,3,2,56.9
56,Male,Theft,Secondary,36,17,4,3,62.1
42,Male,Fraud,Bachelor's,25,8,2,2,50.4
51,Male,Assault,Illiterate,25,14,6,4,91.2
46,Male,Arson,Secondary,37,13,2,4,81.4
18,Male,Murder,Literate,196,12,4,2,95.0
30,Male,Fraud,Bachelor's,71,10,3,0,43.1
38,Male,Public Order,Preparatory,12,7,0,0,24.0
57,Male,Theft,Primary,20,11,4,0,44.7
37,Female,Fraud,Bachelor's,69,7,0,1,30.4
45,Female,Robbery,Preparatory,101,16,2,2,70.6
54,Male,Robbery,Preparatory,66,8,0,0,38.1
57,Male,Assault,Bachelor's,111,10,4,3,71.9
60,Male,Robbery,Primary,127,11,4,1,59.1
50,Male,Kidnapping,Literate,149,6,2,1,65.4
28,Male,Burglary,Postgraduate education,42,12,1,1,45.9
65,Male,Fraud,Illiterate,50,7,1,1,50.8
38,Male,Burglary,Primary,60,10,3,1,60.9
57,Male,Robbery,Secondary,40,10,4,1,46.5
34,Male,Assault,Primary,97,8,0,1,62.7
38,Male,Robbery,Illiterate,97,11,0,1,62.0
22,Male,Robbery,Preparatory,113,11,4,2,79.7
19,Male,Robbery,Secondary,112,10,4,2,70.4
21,Male,Burglary,Primary,18,2,0,0,34.7
33,Male,Cybercrime,Secondary,57,5,1,0,25.7
40,Male,Theft,Secondary,46,10,1,0,29.5
46,Male,Theft,Bachelor's,48,9,2,0,39.6
44,Male,Public Order,Secondary,8,3,0,0,14.4
50,Male,Fraud,Literate,41,11,1,0,36.9
19,Male,Sexual Offense,Bachelor's,224,6,1,0,52.6
21,Male,Public Order,Secondary,17,5,1,0,28.6
46,Male,Arson,Primary,86,10,0,2,63.7
31,Male,Robbery,Secondary,73,12,2,3,74.1
49,Male,Theft,Bachelor's,45,10,2,0,23.1
43,Male,Burglary,Bachelor's,23,7,0,1,32.7
56,Male,Theft,Secondary,7,11,3,1,39.2
28,Male,Drug Offense,Secondary,20,4,0,0,25.7
54,Female,Assault,Secondary,34,14,6,3,77.7
54,Male,Assault,Bachelor's,83,11,3,1,53.4
59,Female,Theft,Secondary,28,17,2,4,60.5
49,Male,Public Order,Secondary,13,7,0,0,23.8
45,Male,Theft,Preparatory,48,14,5,4,82.4
65,Male,Public Order,Primary,4,13,3,3,57.7
40,Male,Fraud,Primary,73,13,5,2,81.8
39,Female,Cybercrime,Preparatory,24,13,4,0,54.6
52,Male,Theft,Preparatory,10,7,0,1,29.5
50,Female,Vandalism,Postgraduate education,26,8,1,0,18.0
40,Male,Drug Offense,Primary,36,10,4,0,57.7
38,Male,Robbery,Secondary,49,10,2,2,58.1
62,Male,Robbery,Secondary,109,6,0,1,35.4
23,Male,Theft,Preparatory,26,7,2,1,46.4
27,Male,Theft,Secondary,25,8,0,1,33.8
45,Male,Robbery,Primary,117,11,2,0,50.8
29,Male,Burglary,Secondary,39,16,0,1,53.5
38,Male,Arson,Primary,59,10,1,1,57.8
54,Male,Fraud,Primary,69,14,6,2,65.9
20,Female,Public Order,Illiterate,12,8,2,2,55.4
25,Male,Vandalism,Secondary,8,14,5,4,81.6
61,Male,Vandalism,Literate,30,17,3,3,73.9
24,Male,Burglary,Literate,56,12,4,1,69.8
23,Male,Weapons Offense,Secondary,84,13,3,3,81.8
62,Male,Burglary,Primary,47,13,5,0,55.4
39,Male,Public Order,Bachelor's,7,7,2,0,22.8
28,Male,Fraud,Illiterate,49,8,3,1,56.0
19,Male,Vandalism,Secondary,8,7,1,0,34.0
35,Male,Fraud,Primary,63,8,3,2,54.6
27,Male,Assault,Secondary,90,9,2,2,70.5
64,Male,Assault,Literate,116,5,1,0,51.4
53,Female,Robbery,Secondary,91,7,1,0,34.0
36,Male,Weapons Offense,Primary,73,14,5,3,86.2
53,Male,Drug Offense,Preparatory,74,8,1,2,44.2
62,Female,Arson,Secondary,87,12,0,0,42.6
56,Male,Sexual Offense,Primary,108,13,5,2,83.2
59,Male,Drug Offense,Literate,27,9,1,0,46.9
20,Male,Theft,Bachelor's,9,18,1,3,71.5
49,Male,Theft,Secondary,34,5,0,0,23.9
52,Male,Public Order,Preparatory,16,13,4,4,62.8
37,Male,Fraud,Literate,71,16,4,5,91.2
64,Male,Theft,Bachelor's,39,18,7,0,55.9
48,Male,Theft,Illiterate,46,8,3,1,56.9
32,Female,Assault,Secondary,89,10,3,2,63.8
22,Female,Vandalism,Preparatory,10,6,1,0,32.5
55,Male,Weapons Offense,Preparatory,56,9,0,1,51.5
22,Male,Fraud,Bachelor's,63,3,0,0,29.2
35,Male,Cybercrime,Postgraduate education,58,8,3,2,43.5
65,Male,Murder,Primary,339,16,0,0,70.8
35,Male,Robbery,Illiterate,70,16,6,4,99.9
64,Male,Assault,Preparatory,69,13,4,1,63.9
32,Male,Murder,Postgraduate education,329,10,3,1,70.7
38,Male,Fraud,Bachelor's,75,8,2,2,49.1
44,Male,Public Order,Bachelor's,8,7,1,0,15.1
24,Male,Burglary,Bachelor's,17,13,5,3,78.3
62,Male,Assault,Primary,47,10,2,1,56.3
23,Male,Fraud,Preparatory,25,8,1,1,55.4
53,Male,Fraud,Bachelor's,62,15,6,2,65.3
31,Male,Public Order,Preparatory,11,6,0,0,25.0
44,Male,Murder,Bachelor's,212,7,0,1,55.1
18,Male,Drug Offense,Preparatory,82,10,0,1,57.0
29,Male,Sexual Offense,Primary,173,10,3,2,85.9
29,Male,Drug Offense,Preparatory,78,9,0,1,46.3
58,Male,Weapons Offense,Primary,68,10,3,3,66.3
23,Male,Fraud,Preparatory,34,8,1,0,37.7
38,Male,Cybercrime,Literate,17,16,6,5,93.8
24,Male,Burglary,Secondary,29,9,1,0,43.6
64,Male,Burglary,Preparatory,34,11,4,2,49.6
58,Male,Assault,Secondary,32,14,0,2,58.8
64,Male,Theft,Preparatory,43,11,3,0,36.1
30,Male,Sexual Offense,Postgraduate education,102,9,0,1,56.0
44,Male,Cybercrime,Secondary,56,13,0,1,46.0
32,Male,Drug Offense,Bachelor's,90,9,2,1,52.5
62,Male,Assault,Primary,93,9,0,2,57.5
18,Male,Sexual Offense,Primary,187,11,3,1,82.8
28,Male,Cybercrime,Secondary,49,12,1,0,34.1
41,Male,Burglary,Secondary,54,6,2,0,38.7
59,Male,Fraud,Preparatory,21,9,0,2,41.1
43,Male,Drug Offense,Bachelor's,52,13,0,2,50.4
38,Male,Theft,Secondary,30,5,0,0,21.1
62,Male,Drug Offense,Preparatory,53,7,0,0,30.2
25,Male,Theft,Primary,11,8,2,2,47.8
38,Female,Burglary,Preparatory,72,8,1,1,49.6
55,Male,Burglary,Secondary,33,15,6,2,66.6
48,Male,Weapons Offense,Secondary,70,3,0,0,29.5
30,Male,Cybercrime,Primary,45,11,0,2,53.1
35,Male,Kidnapping,Primary,235,7,0,0,44.0
47,Female,Assault,Bachelor's,43,7,1,1,48.0
50,Male,Cybercrime,Preparatory,35,12,2,2,50.7
65,Female,Robbery,Postgraduate education,123,6,1,1,37.8
36,Male,Weapons Offense,Illiterate,87,11,3,3,80.1
56,Male,Public Order,Primary,4,12,4,1,52.2
50,Female,Assault,Preparatory,67,11,1,3,63.7
27,Male,Fraud,Bachelor's,61,15,5,2,61.1
36,Female,Drug Offense,Secondary,23,14,4,1,67.2
25,Male,Theft,Literate,46,9,1,0,50.3
59,Male,Burglary,Secondary,53,10,0,3,58.0
38,Male,Kidnapping,Bachelor's,286,8,2,2,70.1
26,Male,Vandalism,Preparatory,22,6,2,1,36.9
45,Male,Burglary,Literate,70,6,0,1,42.8
65,Male,Murder,Preparatory,255,13,3,2,84.4
46,Female,Weapons Offense,Bachelor's,36,12,3,3,67.1
47,Male,Cybercrime,Secondary,9,13,5,3,65.6
62,Male,Weapons Offense,Bachelor's,83,6,0,0,30.6
21,Male,Drug Offense,Primary,41,12,0,2,65.3
56,Male,Drug Offense,Secondary,64,6,2,0,38.1
65,Male,Theft,Primary,16,14,1,3,59.8
44,Male,Burglary,Preparatory,56,6,0,0,34.2
54,Male,Robbery,Primary,45,13,2,1,58.1
55,Male,Murder,Preparatory,243,17,4,0,84.3
29,Female,Assault,Bachelor's,59,9,0,2,53.4
18,Male,Assault,Secondary,88,11,0,1,62.4
60,Male,Kidnapping,Preparatory,204,12,0,1,62.9
35,Male,Theft,Preparatory,32,10,3,3,60.5
63,Male,Drug Offense,Bachelor's,67,12,3,1,50.6
51,Male,Fraud,Primary,31,12,0,0,37.7
38,Male,Public Order,Primary,9,8,1,2,43.1
52,Female,Fraud,Primary,64,15,1,1,54.0
52,Male,Theft,Bachelor's,45,9,3,1,40.2
57,Male,Robbery,Preparatory,44,7,1,0,35.1
63,Male,Cybercrime,Preparatory,45,10,3,0,35.3
39,Male,Theft,Secondary,33,11,2,2,49.1
34,Male,Burglary,Primary,54,6,2,0,44.9
25,Female,Theft,Secondary,21,11,3,0,40.8
33,Male,Assault,Primary,67,5,1,0,47.5
29,Male,Drug Offense,Preparatory,59,10,1,0,48.3
48,Male,Weapons Offense,Illiterate,37,13,2,0,54.6
30,Male,Fraud,Secondary,41,7,2,1,49.0
33,Male,Fraud,Bachelor's,23,8,3,1,49.7
42,Female,Drug Offense,Primary,25,8,1,1,41.9
25,Male,Arson,Literate,51,8,1,2,69.5
29,Male,Assault,Preparatory,68,12,1,3,65.7
31,Male,Assault,Illiterate,72,7,2,1,65.1
32,Male,Theft,Preparatory,36,10,1,1,39.1
39,Male,Burglary,Secondary,12,13,2,4,72.3
57,Male,Sexual Offense,Secondary,197,8,1,2,62.0
21,Male,Assault,Secondary,57,9,2,0,55.7
54,Male,Burglary,Secondary,12,7,0,0,23.2
43,Male,Assault,Primary,50,7,2,0,52.3
50,Male,Assault,Illiterate,54,8,1,2,63.0
37,Male,Assault,Postgraduate education,99,5,1,1,40.3
44,Male,Murder,Illiterate,275,7,0,0,67.8
21,Male,Burglary,Illiterate,26,12,4,2,79.5
61,Male,Theft,Secondary,43,7,2,0,25.1
38,Male,Robbery,Bachelor's,54,12,1,3,59.4
34,Male,Assault,Illiterate,24,9,3,2,76.2
57,Male,Public Order,Primary,18,6,1,1,32.7
24,Male,Theft,Secondary,36,10,3,1,52.5
47,Male,Vandalism,Preparatory,6,8,1,0,30.8
44,Male,Public Order,Primary,12,13,4,3,65.6
23,Female,Theft,Primary,14,9,1,2,54.2
32,Male,Burglary,Preparatory,48,16,0,3,73.5
25,Male,Burglary,Secondary,38,11,2,2,53.9
49,Male,Public Order,Secondary,19,6,2,0,29.8
44,Female,Kidnapping,Secondary,136,6,1,0,43.3
60,Male,Robbery,Secondary,47,8,0,1,44.8
36,Male,Theft,Secondary,17,8,2,1,42.3
40,Male,Weapons Offense,Secondary,64,7,2,1,43.9
43,Male,Burglary,Secondary,22,8,1,2,45.9
37,Female,Weapons Offense,Bachelor's,87,4,0,0,25.9
37,Female,Weapons Offense,Preparatory,85,12,5,1,65.3
54,Male,Assault,Secondary,69,7,0,1,37.9
65,Male,Assault,Primary,68,6,0,1,49.5
63,Male,Murder,Bachelor's,414,10,2,0,57.4
52,Female,Weapons Offense,Secondary,88,13,0,4,62.6
58,Female,Theft,Preparatory,29,8,2,0,29.0
48,Male,Vandalism,Secondary,16,10,0,3,48.5
45,Male,Murder,Secondary,480,9,2,0,74.4
60,Male,Assault,Illiterate,30,10,1,1,58.3
31,Female,Burglary,Illiterate,46,15,5,0,68.4
24,Male,Vandalism,Bachelor's,36,8,0,0,34.2
58,Male,Cybercrime,Bachelor's,56,11,0,2,34.7
55,Male,Burglary,Illiterate,45,11,1,0,47.6
45,Male,Public Order,Postgraduate education,19,7,1,1,32.3
26,Male,Robbery,Secondary,134,14,6,1,72.6
26,Male,Drug Offense,Preparatory,26,10,1,1,53.9
20,Female,Theft,Preparatory,38,7,1,1,48.3
39,Male,Cybercrime,Postgraduate education,6,6,2,1,30.1
33,Male,Weapons Offense,Bachelor's,33,10,0,1,45.6
44,Male,Theft,Primary,17,6,0,0,25.4
57,Male,Arson,Secondary,52,14,5,4,78.6
25,Male,Weapons Offense,Illiterate,28,6,2,0,54.1
35,Male,Weapons Offense,Secondary,37,8,3,2,54.3
37,Male,Theft,Secondary,39,13,3,3,59.1
25,Male,Fraud,Secondary,44,12,4,2,63.6
36,Male,Robbery,Illiterate,121,7,2,1,58.5
44,Male,Kidnapping,Postgraduate education,140,11,4,0,55.7
39,Male,Theft,Secondary,34,17,5,4,84.3
65,Male,Robbery,Preparatory,47,7,0,1,44.8
22,Male,Burglary,Illiterate,26,9,3,2,70.0
29,Male,Vandalism,Primary,17,13,3,1,59.6
56,Male,Kidnapping,Secondary,160,10,4,2,70.3
31,Male,Drug Offense,Preparatory,47,14,2,3,76.7
63,Male,Public Order,Secondary,14,13,5,3,58.8
28,Male,Vandalism,Literate,17,20,1,6,91.9
54,Male,Robbery,Postgraduate education,92,3,0,0,12.7
61,Female,Public Order,Bachelor's,7,8,1,1,25.1
18,Male,Sexual Offense,Secondary,98,8,0,0,55.1
32,Male,Assault,Bachelor's,25,12,5,2,74.2
62,Male,Public Order,Bachelor's,22,11,3,3,47.5
36,Male,Sexual Offense,Bachelor's,193,10,3,0,54.1
60,Female,Assault,Bachelor's,86,14,3,2,63.1
27,Male,Assault,Secondary,120,8,1,0,45.9
32,Male,Theft,Literate,43,12,4,0,54.6
42,Male,Robbery,Primary,49,11,2,3,78.2
34,Male,Theft,Illiterate,26,11,0,0,45.9
57,Male,Weapons Offense,Primary,25,7,2,0,40.7
33,Male,Burglary,Postgraduate education,44,9,0,1,30.3
32,Male,Burglary,Primary,31,15,4,2,78.8
41,Male,Burglary,Secondary,65,10,3,0,41.8
59,Male,Assault,Primary,30,6,0,0,42.2
65,Male,Drug Offense,Illiterate,62,7,0,0,34.2
44,Male,Robbery,Preparatory,83,8,3,1,57.1
22,Male,Theft,Secondary,12,7,0,1,47.4
62,Male,Theft,Postgraduate education,36,6,0,0,19.7
50,Male,Vandalism,Secondary,11,13,0,4,54.0
52,Male,Robbery,Primary,41,15,2,0,60.4
48,Male,Drug Offense,Literate,91,7,0,0,36.4
61,Male,Cybercrime,Illiterate,51,11,1,1,48.9
49,Female,Drug Offense,Primary,18,11,3,1,55.7
18,Male,Cybercrime,Primary,39,6,0,0,39.7
54,Female,Assault,Illiterate,116,14,4,4,99.0
45,Male,Weapons Offense,Secondary,62,11,0,1,48.7
37,Male,Drug Offense,Bachelor's,26,10,1,3,61.2
43,Male,Vandalism,Preparatory,13,7,1,1,32.9
62,Male,Murder,Secondary,412,6,0,1,50.9
55,Male,Robbery,Bachelor's,76,8,3,0,45.8
57,Male,Cybercrime,Bachelor's,36,9,0,0,20.1
26,Male,Cybercrime,Primary,11,7,0,1,35.2
38,Male,Public Order,Preparatory,12,17,2,5,70.7
62,Female,Drug Offense,Secondary,52,15,3,4,73.5
47,Male,Theft,Illiterate,7,10,3,0,49.6
65,Male,Robbery,Primary,58,9,0,1,55.7
34,Female,Assault,Preparatory,96,10,2,1,63.0
62,Male,Assault,Illiterate,31,9,3,2,64.9
27,Male,Vandalism,Primary,36,6,0,1,37.0
49,Male,Arson,Preparatory,102,10,2,3,67.7
54,Male,Sexual Offense,Preparatory,156,10,2,1,67.1
27,Male,Vandalism,Preparatory,6,5,0,1,29.0
56,Male,Vandalism,Secondary,26,10,3,3,48.3
46,Male,Burglary,Literate,27,14,0,0,47.2
62,Male,Cybercrime,Illiterate,28,10,3,2,56.3
36,Male,Drug Offense,Secondary,79,9,1,1,39.3
51,Male,Burglary,Illiterate,69,13,1,0,53.4
57,Male,Drug Offense,Literate,31,11,0,0,47.4
31,Male,Burglary,Secondary,60,14,5,3,76.7
20,Male,Theft,Preparatory,24,11,4,3,69.7
43,Male,Assault,Preparatory,68,10,1,3,60.8
48,Male,Theft,Bachelor's,16,9,3,0,36.5
60,Male,Vandalism,Secondary,33,4,0,0,15.7
62,Male,Robbery,Preparatory,62,8,0,2,48.5
59,Male,Sexual Offense,Secondary,127,11,0,3,62.1
33,Male,Theft,Preparatory,13,5,1,1,31.9
49,Male,Weapons Offense,Secondary,38,8,0,2,48.3
45,Male,Drug Offense,Secondary,46,15,2,4,74.1
33,Male,Assault,Literate,120,9,0,0,57.4
41,Male,Assault,Preparatory,110,13,3,1,65.5
41,Female,Fraud,Illiterate,24,12,3,0,59.1
50,Male,Robbery,Primary,107,13,5,2,76.8
26,Male,Robbery,Preparatory,96,9,0,2,67.0
44,Male,Burglary,Preparatory,47,12,2,3,62.3
59,Male,Murder,Primary,184,13,3,2,78.6
58,Male,Cybercrime,Primary,28,6,1,0,31.8
32,Male,Robbery,Secondary,82,14,1,1,62.1
30,Male,Burglary,Secondary,57,10,2,0,44.4
62,Male,Fraud,Illiterate,65,9,1,1,48.5
63,Male,Robbery,Literate,113,7,1,0,43.0
29,Male,Vandalism,Secondary,18,8,1,0,32.5
57,Male,Assault,Illiterate,35,7,0,1,55.4
20,Male,Vandalism,Bachelor's,8,11,2,2,48.6
63,Male,Vandalism,Primary,13,3,0,0,20.7
31,Female,Theft,Primary,22,10,1,3,61.3
32,Male,Assault,Bachelor's,64,12,5,1,71.7
31,Male,Sexual Offense,Primary,105,6,0,0,57.3
26,Male,Sexual Offense,Bachelor's,140,9,1,2,61.9
23,Male,Burglary,Preparatory,28,9,1,0,49.8
38,Male,Fraud,Primary,41,13,1,0,44.1
57,Male,Theft,Secondary,37,5,1,1,27.8
34,Male,Assault,Secondary,116,12,3,2,70.2
21,Male,Murder,Secondary,414,6,1,1,68.7
55,Male,Cybercrime,Illiterate,12,10,1,2,48.6
40,Male,Kidnapping,Illiterate,135,14,5,4,100.0
51,Male,Fraud,Bachelor's,59,9,2,0,33.3
30,Male,Fraud,Secondary,80,8,3,0,44.7
41,Male,Theft,Preparatory,15,6,1,0,25.4
58,Male,Theft,Secondary,38,3,0,0,15.6
32,Male,Burglary,Literate,29,17,1,5,88.5
58,Male,Theft,Illiterate,13,10,4,2,60.5
63,Male,Assault,Illiterate,117,8,1,0,49.8
44,Male,Assault,Preparatory,104,12,3,1,65.2
38,Male,Assault,Secondary,51,10,4,2,59.8
61,Male,Fraud,Secondary,63,13,4,1,49.5
62,Male,Cybercrime,Bachelor's,43,8,2,0,26.9
45,Male,Assault,Secondary,97,6,0,1,46.4
44,Male,Theft,Secondary,27,5,0,1,26.5
54,Male,Burglary,Illiterate,32,10,1,0,42.6
37,Male,Robbery,Bachelor's,57,13,5,3,78.4
65,Male,Robbery,Literate,107,9,2,1,52.5
29,Male,Theft,Preparatory,15,9,1,0,31.0
27,Male,Theft,Literate,28,11,3,3,77.0
64,Female,Theft,Secondary,14,11,3,1,39.6
46,Male,Assault,Primary,54,8,1,0,40.7
45,Male,Theft,Preparatory,4,18,6,2,79.3
28,Female,Murder,Primary,390,9,3,2,93.3
40,Male,Theft,Primary,6,10,4,1,51.6
36,Female,Theft,Secondary,22,13,5,0,46.6
24,Female,Fraud,Secondary,74,3,0,0,28.1
25,Male,Assault,Preparatory,103,16,1,5,93.5
31,Male,Robbery,Primary,141,4,0,0,44.6
19,Male,Weapons Offense,Illiterate,93,12,5,0,68.4
45,Male,Sexual Offense,Preparatory,231,12,4,0,68.9
44,Male,Sexual Offense,Secondary,159,11,0,2,64.0
18,Male,Theft,Literate,27,9,3,0,53.8
56,Male,Robbery,Secondary,68,8,2,1,48.7
30,Male,Assault,Bachelor's,106,12,1,2,54.4
59,Male,Theft,Secondary,13,9,2,0,31.0
27,Male,Fraud,Literate,59,16,1,1,62.9
57,Male,Burglary,Primary,12,15,5,0,56.3
63,Male,Vandalism,Preparatory,21,10,3,1,42.5
58,Male,Drug Offense,Primary,37,9,2,0,45.2
51,Male,Cybercrime,Preparatory,21,11,4,1,50.6
27,Male,Arson,Preparatory,71,12,1,0,55.6
37,Female,Theft,Secondary,15,12,2,0,35.7
31,Male,Assault,Bachelor's,50,7,2,1,53.2
55,Female,Vandalism,Secondary,29,6,2,1,33.7
38,Male,Theft,Primary,16,11,3,2,65.1
58,Male,Vandalism,Secondary,11,11,4,1,50.3
57,Male,Assault,Secondary,38,10,4,1,54.9
51,Male,Robbery,Postgraduate education,138,8,1,2,43.4
18,Male,Fraud,Illiterate,49,7,0,0,47.6
42,Male,Robbery,Preparatory,65,11,1,0,55.2
65,Male,Vandalism,Primary,18,12,2,1,45.7
47,Male,Burglary,Primary,54,7,1,0,39.2
62,Male,Theft,Postgraduate education,23,8,2,2,34.9
59,Female,Burglary,Bachelor's,24,11,1,2,44.8
28,Male,Drug Offense,Secondary,37,10,3,1,55.5
64,Male,Theft,Secondary,36,7,0,0,22.7
36,Male,Burglary,Secondary,51,18,1,3,76.7
19,Male,Weapons Offense,Preparatory,35,11,1,0,50.2
60,Female,Assault,Secondary,74,11,2,1,53.4
42,Male,Robbery,Preparatory,118,4,1,0,40.4
44,Male,Vandalism,Secondary,27,16,5,2,60.5
50,Male,Fraud,Bachelor's,57,5,0,1,27.7
63,Male,Theft,Secondary,6,8,0,0,21.2
65,Male,Assault,Primary,31,12,5,3,81.5
43,Female,Public Order,Secondary,24,14,2,1,41.1
49,Male,Sexual Offense,Bachelor's,178,7,0,1,52.8
39,Male,Fraud,Primary,54,10,1,1,54.1
35,Male,Vandalism,Literate,17,6,1,1,47.1
62,Female,Fraud,Postgraduate education,52,11,0,1,32.1
19,Male,Theft,Secondary,38,10,1,1,44.0
28,Male,Fraud,Preparatory,46,12,5,0,49.8
63,Male,Drug Offense,Postgraduate education,27,10,2,3,47.9
54,Male,Theft,Primary,22,9,0,0,35.2
64,Male,Murder,Preparatory,342,9,2,1,70.5
50,Male,Public Order,Secondary,17,8,2,0,31.8
24,Male,Kidnapping,Secondary,204,8,3,2,73.3
40,Male,Assault,Literate,48,9,0,1,54.7
36,Male,Fraud,Preparatory,82,8,2,1,48.9
28,Male,Fraud,Literate,52,10,4,1,60.1
52,Male,Fraud,Preparatory,31,15,6,2,61.7
21,Male,Theft,Illiterate,4,12,1,2,58.5
19,Female,Assault,Primary,98,12,5,1,82.5
45,Male,Cybercrime,Preparatory,13,17,2,4,67.0
55,Male,Theft,Secondary,28,8,2,1,34.4
33,Male,Fraud,Bachelor's,68,7,0,0,29.8
57,Male,Sexual Offense,Literate,144,12,2,1,69.8
42,Female,Assault,Illiterate,75,11,0,3,72.5
28,Male,Burglary,Literate,50,5,0,1,40.0
32,Female,Murder,Literate,474,16,2,2,100.0
59,Male,Assault,Secondary,108,6,2,0,41.4
65,Male,Vandalism,Primary,18,9,1,2,37.2
58,Male,Theft,Primary,9,6,0,1,38.1
31,Male,Cybercrime,Primary,53,9,0,2,55.0
42,Male,Theft,Illiterate,16,12,2,0,50.3
51,Male,Burglary,Secondary,54,11,2,1,34.9
53,Male,Drug Offense,Illiterate,86,9,0,0,55.9
34,Female,Burglary,Primary,17,13,4,3,75.2
24,Male,Burglary,Preparatory,64,11,4,2,72.5
44,Male,Drug Offense,Secondary,18,13,0,4,68.6
42,Male,Assault,Literate,24,8,1,1,51.1
43,Female,Vandalism,Preparatory,3,10,2,2,42.0
63,Male,Sexual Offense,Primary,176,9,3,2,79.7
18,Male,Weapons Offense,Preparatory,65,7,1,1,54.4
41,Male,Theft,Bachelor's,35,12,2,2,55.0
46,Male,Weapons Offense,Literate,85,10,3,2,76.4
64,Male,Murder,Secondary,365,16,7,2,100.0
49,Male,Cybercrime,Primary,22,9,2,2,44.4
27,Male,Fraud,Secondary,19,7,2,0,42.6
57,Male,Assault,Preparatory,80,17,0,3,64.9
34,Female,Theft,Preparatory,34,5,1,1,35.6
36,Male,Assault,Secondary,39,13,3,3,66.5
62,Female,Robbery,Literate,119,11,2,2,64.0
45,Male,Murder,Primary,284,10,1,2,83.4
41,Male,Burglary,Primary,60,10,0,2,49.9
24,Male,Fraud,Bachelor's,16,9,1,0,38.4
64,Male,Assault,Primary,115,14,6,1,77.9
61,Male,Public Order,Primary,2,8,2,2,45.8
59,Male,Assault,Primary,35,10,0,0,39.8
41,Male,Robbery,Secondary,130,11,2,2,59.0
23,Female,Assault,Primary,31,15,5,3,89.4
56,Female,Burglary,Bachelor's,15,11,0,3,47.8
25,Male,Cybercrime,Secondary,37,10,0,1,44.9
63,Male,Burglary,Postgraduate education,18,9,1,2,35.7
29,Male,Theft,Bachelor's,30,7,0,0,25.3
58,Female,Assault,Primary,120,8,3,2,66.8
50,Male,Vandalism,Secondary,19,8,0,1,27.4
26,Male,Fraud,Bachelor's,49,6,1,1,38.0
52,Male,Assault,Bachelor's,27,9,1,0,41.4
28,Male,Theft,Postgraduate education,30,11,4,0,33.3
40,Male,Theft,Illiterate,15,11,0,3,62.1
52,Male,Assault,Primary,46,14,3,4,82.7
40,Male,Assault,Literate,32,12,2,0,61.3
56,Male,Robbery,Preparatory,60,9,3,2,59.6
56,Male,Drug Offense,Primary,50,13,5,3,76.2
24,Male,Drug Offense,Preparatory,21,16,4,3,82.6
31,Male,Burglary,Secondary,34,9,3,2,54.1
22,Male,Burglary,Primary,41,11,0,3,63.1
43,Male,Robbery,Secondary,130,10,0,2,54.2
53,Male,Robbery,Primary,126,6,2,0,41.0
64,Male,Burglary,Preparatory,48,6,0,0,30.9
32,Male,Weapons Offense,Secondary,73,7,2,1,56.7
49,Male,Theft,Secondary,9,10,0,1,32.7
63,Male,Fraud,Literate,45,8,2,0,40.1
30,Male,Assault,Secondary,34,18,5,1,85.3
48,Male,Drug Offense,Preparatory,27,10,1,2,47.8
36,Male,Vandalism,Preparatory,4,13,4,0,48.7
25,Male,Murder,Secondary,187,11,0,2,72.7
57,Male,Weapons Offense,Illiterate,72,12,1,1,52.3
33,Male,Murder,Illiterate,232,8,2,0,76.3
56,Male,Assault,Primary,58,6,2,1,52.3
53,Male,Burglary,Illiterate,25,10,0,2,58.4
56,Male,Drug Offense,Preparatory,72,16,0,0,38.3
22,Female,Weapons Offense,Preparatory,86,10,0,2,65.8
21,Male,Robbery,Secondary,105,7,2,1,55.2
58,Male,Burglary,Illiterate,28,9,1,2,57.7
34,Female,Drug Offense,Secondary,92,12,2,1,51.2
31,Male,Arson,Secondary,73,10,0,0,45.6
29,Male,Assault,Secondary,117,16,5,1,76.0
50,Male,Robbery,Secondary,49,6,0,0,34.7
35,Male,Assault,Bachelor's,49,14,3,1,61.6
33,Male,Burglary,Bachelor's,16,9,3,2,57.9
55,Male,Arson,Bachelor's,117,11,1,3,56.3
50,Male,Theft,Preparatory,14,9,0,0,21.0
33,Male,Theft,Secondary,21,4,0,0,29.7
30,Male,Robbery,Secondary,85,8,1,1,48.9
26,Male,Murder,Literate,362,9,3,2,96.0
39,Female,Burglary,Illiterate,46,12,0,0,43.6
59,Male,Burglary,Bachelor's,57,6,1,0,23.2
42,Male,Robbery,Preparatory,78,12,4,2,69.8
43,Male,Robbery,Illiterate,91,11,1,0,51.4
53,Male,Theft,Bachelor's,33,7,1,1,28.2
47,Male,Public Order,Secondary,20,14,1,0,31.8
43,Male,Theft,Preparatory,4,10,2,0,37.9
21,Male,Fraud,Secondary,22,10,4,2,63.9
37,Male,Assault,Literate,56,6,2,1,50.8
27,Male,Public Order,Primary,8,9,1,1,43.7
39,Male,Vandalism,Primary,9,9,3,1,46.4
50,Male,Robbery,Bachelor's,111,14,1,0,49.0
58,Male,Murder,Literate,258,17,1,2,89.1
57,Male,Sexual Offense,Secondary,106,7,2,1,54.1
46,Male,Cybercrime,Bachelor's,38,10,2,1,47.8
38,Male,Public Order,Secondary,22,11,1,2,58.7
57,Male,Murder,Secondary,240,13,0,3,76.6
47,Male,Vandalism,Secondary,30,11,1,0,33.5
21,Female,Burglary,Preparatory,27,7,0,1,44.5
34,Male,Vandalism,Preparatory,29,10,3,3,60.9
35,Male,Theft,Preparatory,24,10,2,2,56.5
59,Male,Theft,Preparatory,24,6,0,1,31.6
18,Male,Public Order,Bachelor's,24,9,2,1,46.8
57,Male,Drug Offense,Preparatory,63,3,0,0,22.0
22,Female,Theft,Postgraduate education,19,8,3,0,30.7
19,Male,Assault,Illiterate,62,10,2,3,82.8
60,Male,Theft,Literate,15,10,3,2,51.3
48,Female,Drug Offense,Secondary,60,8,0,1,45.0
27,Male,Public Order,Illiterate,15,13,2,0,57.0
34,Male,Burglary,Secondary,65,8,1,1,42.1
54,Male,Weapons Offense,Secondary,51,11,1,1,48.9
65,Male,Murder,Illiterate,381,10,1,1,81.3
50,Male,Murder,Illiterate,213,12,4,3,95.2
55,Male,Fraud,Primary,25,11,4,0,41.9
47,Male,Robbery,Secondary,60,12,0,2,50.8
36,Male,Vandalism,Primary,28,6,1,0,28.6
46,Male,Sexual Offense,Secondary,108,10,3,0,62.6
25,Male,Fraud,Bachelor's,35,15,3,3,68.9
46,Male,Drug Offense,Postgraduate education,21,6,2,0,31.0
40,Male,Weapons Offense,Preparatory,70,9,2,2,60.5
43,Male,Theft,Primary,15,9,0,0,32.5
37,Male,Theft,Primary,22,7,1,0,35.8
58,Male,Arson,Primary,117,10,2,1,56.2
48,Male,Theft,Illiterate,26,8,2,1,38.9
55,Male,Theft,Secondary,33,12,4,3,63.3
54,Male,Weapons Offense,Preparatory,80,8,3,2,61.7
60,Female,Drug Offense,Primary,68,11,4,2,60.9
56,Male,Murder,Preparatory,303,9,3,0,66.4
57,Female,Drug Offense,Literate,78,9,1,2,47.3
22,Male,Arson,Bachelor's,59,11,1,3,68.2
57,Male,Burglary,Illiterate,32,5,0,1,43.9
65,Male,Burglary,Illiterate,30,14,0,0,42.6
31,Male,Burglary,Bachelor's,19,13,2,4,65.4
28,Male,Murder,Postgraduate education,273,11,3,3,79.2
52,Male,Vandalism,Secondary,19,6,2,1,30.8
40,Male,Vandalism,Illiterate,23,8,2,1,51.9
36,Female,Burglary,Illiterate,32,18,2,6,98.3
55,Male,Drug Offense,Bachelor's,36,17,0,4,57.3
27,Female,Robbery,Secondary,130,13,1,1,57.9
57,Male,Theft,Preparatory,44,14,4,0,45.5
59,Male,Theft,Secondary,4,9,2,0,28.2
53,Male,Sexual Offense,Secondary,165,7,2,0,53.8
64,Male,Kidnapping,Secondary,141,16,1,5,94.5
43,Male,Assault,Primary,51,6,0,1,52.5
43,Male,Fraud,Secondary,17,6,1,1,35.7
47,Male,Fraud,Primary,39,18,8,6,100.0
36,Male,Fraud,Preparatory,48,8,0,2,42.5
22,Male,Cybercrime,Illiterate,45,8,2,1,62.0
37,Male,Assault,Preparatory,76,15,0,3,73.0
30,Male,Murder,Illiterate,446,7,1,1,81.1
49,Female,Sexual Offense,Illiterate,98,14,1,4,90.3
18,Male,Robbery,Secondary,138,11,3,1,62.2
24,Male,Drug Offense,Secondary,85,10,4,3,67.7
28,Male,Theft,Bachelor's,17,10,3,1,45.2
42,Male,Arson,Preparatory,111,9,3,0,54.6
47,Male,Weapons Offense,Bachelor's,49,16,3,2,70.1
47,Male,Assault,Illiterate,96,6,1,1,59.8
63,Male,Drug Offense,Primary,59,7,1,0,41.5
40,Male,Arson,Illiterate,67,13,2,2,68.6
31,Male,Robbery,Bachelor's,49,17,3,0,56.7
29,Male,Murder,Bachelor's,232,12,1,0,69.7
25,Male,Vandalism,Secondary,20,14,5,1,61.5
24,Male,Fraud,Preparatory,31,8,2,1,48.0
26,Male,Burglary,Illiterate,35,9,2,1,61.7
22,Male,Murder,Bachelor's,180,11,3,1,74.8
62,Male,Murder,Bachelor's,378,8,2,0,55.5
44,Male,Drug Offense,Secondary,40,9,1,1,50.0
39,Male,Theft,Primary,6,13,3,3,67.3
19,Male,Theft,Secondary,11,7,0,1,36.9
59,Female,Vandalism,Preparatory,28,7,1,0,27.7
52,Male,Vandalism,Preparatory,22,6,1,0,27.7
34,Male,Theft,Preparatory,41,12,2,0,47.8
60,Male,Burglary,Primary,71,6,1,1,37.0
57,Male,Drug Offense,Secondary,68,12,3,0,47.9
43,Female,Murder,Preparatory,204,7,1,1,57.8
46,Male,Robbery,Secondary,77,12,3,2,63.4
61,Male,Theft,Bachelor's,25,19,0,2,45.6
26,Female,Fraud,Secondary,65,12,4,0,52.9
33,Male,Robbery,Literate,141,10,0,1,58.8
63,Female,Assault,Postgraduate education,66,11,4,1,50.3
32,Male,Robbery,Preparatory,135,12,3,0,60.4
40,Male,Assault,Bachelor's,111,11,0,3,62.5
22,Male,Drug Offense,Preparatory,29,7,1,0,49.3
58,Male,Sexual Offense,Postgraduate education,177,9,0,2,53.0
18,Female,Weapons Offense,Postgraduate education,35,5,1,0,40.4
25,Male,Assault,Bachelor's,107,6,1,1,44.1
63,Male,Theft,Secondary,42,20,8,3,84.3
51,Male,Weapons Offense,Illiterate,78,5,0,0,44.4
60,Male,Robbery,Secondary,109,12,1,2,56.4
64,Male,Theft,Postgraduate education,7,7,2,1,27.3
54,Male,Robbery,Preparatory,86,9,3,1,57.2
31,Female,Assault,Preparatory,100,6,0,0,43.0
20,Male,Assault,Secondary,35,13,3,1,72.8
62,Male,Public Order,Preparatory,18,9,2,2,43.5
23,Male,Murder,Bachelor's,239,9,1,0,60.8
19,Male,Theft,Preparatory,22,9,1,1,42.8
20,Male,Assault,Secondary,77,16,4,3,91.6
39,Male,Theft,Secondary,18,15,4,5,76.6
22,Male,Assault,Preparatory,95,8,0,2,66.1
28,Male,Robbery,Literate,38,7,1,1,54.2
50,Female,Fraud,Literate,18,8,2,0,43.7
47,Male,Vandalism,Postgraduate education,6,5,1,1,26.6
29,Male,Fraud,Primary,77,10,3,1,48.1
23,Male,Sexual Offense,Secondary,109,11,3,2,77.1
61,Male,Theft,Preparatory,14,11,2,2,54.3
59,Male,Fraud,Secondary,71,13,2,4,55.7
55,Female,Robbery,Bachelor's,131,12,3,1,53.9
18,Male,Burglary,Bachelor's,45,9,0,0,46.1
44,Male,Drug Offense,Literate,30,6,0,1,42.9
44,Male,Vandalism,Preparatory,33,9,3,0,43.2
45,Male,Arson,Secondary,112,10,3,0,47.5
45,Male,Assault,Secondary,63,7,1,0,35.3
24,Male,Weapons Offense,Secondary,83,9,2,2,65.1
50,Male,Fraud,Bachelor's,45,6,0,0,20.8
28,Male,Assault,Secondary,44,16,0,4,81.3
38,Male,Assault,Bachelor's,112,10,2,2,54.6
27,Male,Theft,Secondary,21,9,3,2,51.0
25,Male,Assault,Preparatory,45,15,2,4,88.9
43,Male,Assault,Literate,92,10,2,0,58.4
54,Male,Assault,Secondary,68,10,0,3,49.9
39,Male,Weapons Offense,Primary,70,11,4,2,77.8
56,Male,Burglary,Primary,15,11,2,3,63.2
56,Female,Public Order,Primary,4,6,0,1,28.5
52,Male,Vandalism,Literate,26,12,1,0,35.7
61,Male,Robbery,Preparatory,84,13,3,0,55.9
41,Male,Burglary,Primary,44,12,0,2,60.2
53,Male,Assault,Secondary,87,12,3,3,74.2
36,Male,Weapons Offense,Preparatory,78,12,0,1,51.9
57,Male,Robbery,Preparatory,121,15,4,3,71.2
48,Male,Cybercrime,Preparatory,29,7,0,0,34.4
64,Male,Vandalism,Secondary,32,8,0,0,19.9
62,Male,Fraud,Bachelor's,43,4,0,0,15.7
59,Female,Cybercrime,Secondary,23,6,0,0,18.7
48,Male,Drug Offense,Preparatory,17,11,4,3,71.1
21,Male,Cybercrime,Preparatory,28,13,2,1,54.6
58,Male,Kidnapping,Preparatory,169,10,3,0,58.1
18,Female,Weapons Offense,Secondary,90,13,5,2,75.6
37,Male,Fraud,Bachelor's,79,11,4,3,60.8
43,Male,Sexual Offense,Primary,226,17,0,2,79.5
48,Male,Vandalism,Primary,4,9,3,0,38.0
58,Male,Fraud,Bachelor's,43,9,3,2,47.3
52,Male,Theft,Postgraduate education,33,8,2,1,24.0
19,Male,Assault,Primary,108,13,0,4,85.3
30,Male,Arson,Illiterate,44,6,1,0,46.2
25,Male,Weapons Offense,Secondary,79,10,4,1,69.3
62,Male,Fraud,Literate,22,12,1,2,56.1
48,Male,Cybercrime,Primary,47,13,5,4,81.4
43,Male,Arson,Primary,99,8,1,0,48.7
37,Female,Theft,Illiterate,6,16,5,3,84.5
52,Male,Theft,Illiterate,36,11,1,3,59.9
59,Male,Weapons Offense,Secondary,47,12,1,0,51.7
21,Female,Theft,Secondary,27,4,1,0,42.2
52,Male,Cybercrime,Secondary,44,6,1,0,24.6
20,Male,Vandalism,Literate,12,5,1,1,45.4
44,Male,Vandalism,Primary,20,14,1,1,50.3
40,Male,Robbery,Secondary,69,13,4,1,59.1
20,Male,Drug Offense,Primary,30,19,1,3,84.1
59,Male,Drug Offense,Literate,33,8,0,0,37.9
22,Female,Drug Offense,Bachelor's,28,13,5,1,65.7
19,Male,Fraud,Primary,43,7,2,1,53.5
39,Male,Theft,Preparatory,10,7,1,1,44.8
59,Male,Vandalism,Primary,33,10,3,1,47.7
20,Male,Fraud,Bachelor's,73,9,3,0,42.2
37,Male,Drug Offense,Bachelor's,66,15,4,1,60.6
27,Male,Sexual Offense,Secondary,227,14,4,4,96.8
37,Male,Assault,Secondary,58,10,3,3,73.5
48,Male,Assault,Secondary,97,13,1,3,68.7
62,Male,Public Order,Illiterate,22,7,1,0,32.2
38,Male,Public Order,Secondary,21,10,2,3,51.1
43,Male,Arson,Bachelor's,69,13,4,3,67.8
60,Male,Fraud,Secondary,23,12,3,3,62.2
58,Male,Cybercrime,Illiterate,24,10,4,1,58.8
61,Male,Theft,Postgraduate education,44,16,5,3,61.4
32,Male,Murder,Illiterate,267,9,2,0,77.8
51,Male,Sexual Offense,Primary,229,10,4,2,77.6
51,Male,Robbery,Preparatory,47,5,1,1,41.2
44,Male,Assault,Secondary,103,13,1,4,79.8
65,Male,Fraud,Secondary,33,12,2,3,55.2
40,Male,Robbery,Literate,82,17,4,1,70.7
33,Male,Drug Offense,Literate,61,10,3,1,64.6
40,Male,Murder,Bachelor's,323,10,4,3,86.4
35,Male,Public Order,Secondary,19,7,2,1,29.0
38,Male,Theft,Secondary,11,9,3,1,46.2
25,Male,Vandalism,Bachelor's,30,13,4,4,70.0
30,Female,Assault,Secondary,112,4,0,0,38.7
48,Female,Theft,Bachelor's,10,10,4,3,55.5
52,Female,Burglary,Secondary,52,14,4,0,47.0
55,Male,Robbery,Secondary,46,9,2,1,42.7
20,Male,Fraud,Secondary,65,11,3,1,56.7
36,Male,Fraud,Primary,74,9,2,2,51.8
18,Male,Cybercrime,Primary,18,15,1,1,62.7
52,Male,Burglary,Primary,58,16,1,4,69.5
35,Male,Theft,Illiterate,35,14,4,3,74.3
62,Male,Weapons Offense,Preparatory,63,11,1,1,48.1
31,Female,Theft,Preparatory,12,14,6,3,73.1
53,Male,Fraud,Postgraduate education,69,14,1,0,21.7
42,Male,Theft,Secondary,7,15,3,3,60.7
20,Male,Theft,Primary,22,5,0,0,34.7
45,Male,Theft,Bachelor's,17,8,0,0,22.9
31,Female,Assault,Secondary,51,8,1,1,47.3
34,Male,Assault,Primary,55,15,6,2,95.4
59,Male,Assault,Secondary,88,6,1,1,42.2
36,Female,Vandalism,Secondary,9,8,2,2,51.6
58,Male,Fraud,Preparatory,70,14,6,4,81.3
32,Female,Cybercrime,Bachelor's,39,10,2,1,40.5
19,Male,Sexual Offense,Primary,120,6,2,0,64.8
25,Male,Robbery,Secondary,103,14,1,4,79.8
65,Male,Theft,Bachelor's,44,7,2,1,24.9
20,Male,Burglary,Bachelor's,27,9,1,1,44.0
39,Male,Vandalism,Preparatory,9,15,2,5,75.1
47,Male,Assault,Primary,59,9,2,2,58.2
57,Male,Vandalism,Preparatory,35,5,1,0,24.8
33,Male,Arson,Illiterate,41,12,3,1,74.9
27,Male,Robbery,Secondary,83,9,3,2,68.9
59,Male,Murder,Secondary,216,16,1,3,79.2
36,Male,Drug Offense,Preparatory,33,6,1,1,44.0
48,Male,Murder,Literate,443,9,3,2,86.0
53,Male,Public Order,Literate,22,15,2,1,53.2
26,Male,Burglary,Illiterate,50,3,0,0,38.0
42,Male,Assault,Preparatory,58,11,0,1,47.8
34,Male,Murder,Secondary,224,5,0,1,61.8
46,Male,Weapons Offense,Literate,76,8,0,2,65.8
29,Male,Sexual Offense,Illiterate,137,17,1,5,100.0
47,Male,Robbery,Preparatory,82,11,1,2,64.3
42,Male,Vandalism,Secondary,35,5,1,0,23.2
49,Male,Public Order,Bachelor's,8,10,0,3,43.3
36,Male,Public Order,Postgraduate education,11,8,0,1,18.4
19,Male,Theft,Secondary,3,8,0,2,41.1
40,Male,Drug Offense,Secondary,48,8,0,1,38.8
40,Male,Vandalism,Preparatory,17,13,5,4,78.5
41,Male,Burglary,Bachelor's,36,4,1,0,30.6
54,Male,Sexual Offense,Secondary,137,9,1,1,52.7
45,Male,Fraud,Preparatory,44,10,4,2,52.6
23,Male,Murder,Literate,271,7,2,1,83.2
61,Male,Theft,Literate,16,7,0,1,32.6
45,Male,Theft,Secondary,39,12,4,2,53.7
28,Male,Weapons Offense,Secondary,88,11,3,2,63.0
63,Male,Sexual Offense,Postgraduate education,170,16,3,0,58.3
39,Male,Vandalism,Literate,32,5,0,1,31.9
44,Male,Drug Offense,Postgraduate education,69,9,0,1,38.1
52,Male,Theft,Preparatory,47,9,0,1,26.5
43,Male,Drug Offense,Literate,12,9,0,0,41.9
47,Male,Assault,Primary,106,10,0,3,61.4
41,Male,Drug Offense,Secondary,43,11,2,3,58.0
23,Male,Drug Offense,Preparatory,26,11,4,0,64.9
23,Male,Assault,Secondary,24,8,3,2,71.2
40,Male,Burglary,Illiterate,18,14,2,4,80.4
59,Male,Weapons Offense,Primary,81,15,6,5,98.0
35,Female,Public Order,Bachelor's,9,9,1,1,33.1
43,Male,Assault,Preparatory,65,7,0,0,34.3
39,Male,Assault,Secondary,96,8,1,2,53.8
35,Male,Theft,Primary,12,6,2,0,33.8
58,Male,Theft,Preparatory,7,8,3,1,34.5
23,Male,Vandalism,Bachelor's,31,5,0,1,29.9
62,Male,Fraud,Secondary,13,11,0,2,36.6
61,Male,Weapons Offense,Bachelor's,51,13,2,2,63.0
34,Male,Fraud,Secondary,31,9,2,2,48.2
50,Male,Drug Offense,Secondary,65,11,1,1,44.7
18,Male,Assault,Secondary,119,6,2,1,54.2
36,Male,Theft,Primary,41,10,1,2,40.3
45,Male,Cybercrime,Secondary,48,4,0,0,18.6
30,Female,Arson,Literate,48,11,3,3,76.6
51,Male,Assault,Bachelor's,34,15,1,1,54.5
21,Male,Drug Offense,Bachelor's,37,7,2,1,49.0
20,Male,Assault,Bachelor's,78,14,4,4,88.2
64,Male,Cybercrime,Secondary,21,14,2,0,31.0
41,Female,Drug Offense,Illiterate,86,11,1,3,72.0
53,Male,Vandalism,Preparatory,9,11,0,2,41.0
60,Male,Theft,Preparatory,38,8,1,1,31.6
52,Male,Burglary,Secondary,34,9,1,1,26.6
40,Male,Fraud,Illiterate,43,6,0,0,33.0
34,Male,Assault,Illiterate,93,5,0,1,54.2
18,Male,Drug Offense,Preparatory,34,11,3,1,65.2
64,Male,Public Order,Bachelor's,23,10,3,2,48.3
35,Male,Theft,Secondary,8,9,0,0,25.1
41,Male,Weapons Offense,Preparatory,39,11,2,3,67.9
65,Male,Theft,Bachelor's,35,12,4,1,44.1
35,Male,Fraud,Secondary,36,11,4,1,42.7
56,Male,Cybercrime,Primary,59,11,2,1,47.1
51,Male,Theft,Illiterate,21,15,3,3,67.4
49,Male,Murder,Preparatory,460,11,3,2,86.0
34,Male,Vandalism,Secondary,4,12,3,2,59.2
25,Male,Burglary,Secondary,40,17,4,3,71.6
59,Male,Assault,Primary,25,8,3,2,53.5
35,Male,Weapons Offense,Bachelor's,32,5,1,1,40.7
30,Male,Assault,Primary,96,12,2,2,78.4
30,Male,Theft,Preparatory,9,8,0,1,35.5
48,Male,Sexual Offense,Secondary,221,11,1,1,60.1
25,Female,Assault,Literate,38,14,5,0,64.8
45,Male,Robbery,Bachelor's,46,9,0,2,54.1
42,Female,Robbery,Primary,68,8,1,0,45.1
41,Male,Drug Offense,Preparatory,80,7,1,0,40.4
65,Male,Assault,Secondary,48,11,0,1,49.4
49,Male,Murder,Postgraduate education,399,12,5,0,66.2
24,Male,Assault,Bachelor's,95,11,4,0,62.5
30,Male,Drug Offense,Illiterate,51,9,0,2,72.1
53,Female,Arson,Illiterate,57,10,3,3,73.0
49,Male,Drug Offense,Preparatory,47,10,0,3,49.0
63,Male,Public Order,Preparatory,3,9,2,0,37.0
65,Male,Theft,Postgraduate education,34,10,3,0,20.6
29,Male,Cybercrime,Secondary,25,12,1,2,59.3
30,Female,Robbery,Preparatory,123,10,0,2,67.1
21,Male,Burglary,Secondary,12,7,0,1,48.7
49,Male,Fraud,Secondary,39,6,0,0,28.9
39,Male,Assault,Secondary,116,17,1,1,70.3
53,Male,Assault,Literate,115,12,1,1,62.1
61,Male,Fraud,Primary,22,10,0,1,43.7
36,Male,Fraud,Bachelor's,40,11,0,1,42.2
29,Male,Theft,Primary,35,7,2,1,44.9
59,Female,Murder,Literate,310,10,2,1,73.1
28,Male,Theft,Secondary,35,8,2,1,45.6
54,Male,Vandalism,Preparatory,22,7,0,1,29.6
39,Female,Murder,Secondary,291,7,1,0,59.2
47,Male,Theft,Literate,35,10,0,1,41.5
55,Male,Sexual Offense,Literate,126,13,5,3,94.2
51,Female,Weapons Offense,Primary,31,10,4,3,74.9
18,Male,Fraud,Illiterate,79,7,2,1,65.6
63,Male,Fraud,Literate,15,9,0,1,37.5
50,Female,Murder,Bachelor's,290,12,4,0,68.0
58,Female,Theft,Secondary,33,15,0,0,33.1
31,Male,Robbery,Secondary,112,7,2,1,58.1
29,Male,Assault,Bachelor's,115,6,1,1,43.9
43,Male,Theft,Secondary,25,17,0,0,36.4
49,Female,Theft,Primary,34,7,1,1,43.9
32,Male,Public Order,Primary,13,7,1,0,30.0
32,Male,Assault,Preparatory,100,10,2,3,77.8
20,Male,Theft,Bachelor's,20,12,3,1,52.9
33,Male,Fraud,Literate,77,10,3,1,64.3
59,Male,Burglary,Secondary,49,7,1,1,31.8
39,Male,Assault,Bachelor's,50,12,3,0,43.4
18,Male,Burglary,Secondary,36,6,2,0,32.5
37,Male,Robbery,Secondary,106,11,0,3,56.4
55,Female,Assault,Primary,43,11,2,2,59.9
60,Male,Assault,Bachelor's,92,14,2,4,78.3
65,Male,Drug Offense,Primary,24,14,3,0,49.7
52,Female,Drug Offense,Secondary,14,8,1,1,35.1
65,Male,Weapons Offense,Illiterate,86,5,1,0,52.3
33,Male,Weapons Offense,Bachelor's,24,12,2,2,58.1
52,Female,Sexual Offense,Bachelor's,192,6,1,1,50.4
62,Male,Assault,Secondary,84,10,3,3,68.0
32,Female,Public Order,Bachelor's,19,5,0,1,30.3
50,Male,Theft,Primary,10,8,3,2,48.9
44,Male,Burglary,Preparatory,23,12,0,1,48.9
53,Male,Vandalism,Bachelor's,33,7,1,1,23.2
59,Male,Fraud,Secondary,64,7,1,0,23.8
48,Male,Fraud,Literate,67,15,2,2,64.3
59,Male,Sexual Offense,Literate,200,12,5,0,74.7
44,Male,Theft,Primary,44,12,5,2,72.4
61,Male,Vandalism,Primary,29,12,2,2,48.7
45,Male,Murder,Secondary,284,5,0,1,55.0
47,Female,Theft,Literate,16,15,6,4,89.6
64,Male,Drug Offense,Secondary,56,8,1,1,45.7
60,Male,Assault,Secondary,67,10,4,3,67.4
20,Male,Burglary,Secondary,12,9,0,2,43.7
63,Male,Drug Offense,Secondary,40,7,1,1,28.8
19,Male,Theft,Secondary,4,13,2,4,65.3
46,Male,Assault,Preparatory,59,4,1,0,44.4
24,Male,Public Order,Secondary,7,10,1,3,57.9
40,Male,Theft,Preparatory,46,6,2,1,36.7
22,Male,Murder,Literate,427,9,0,1,86.6
32,Male,Kidnapping,Literate,164,4,0,0,57.0
29,Male,Murder,Preparatory,185,15,0,4,98.9
57,Male,Theft,Secondary,7,10,1,3,45.6
47,Male,Drug Offense,Bachelor's,87,11,0,1,43.2
50,Male,Theft,Postgraduate education,37,10,1,3,38.4
44,Male,Fraud,Primary,80,11,4,0,57.3
56,Male,Arson,Literate,81,5,1,1,47.5
55,Male,Public Order,Postgraduate education,2,7,0,0,4.2
26,Female,Murder,Illiterate,381,10,2,2,92.2
63,Male,Fraud,Literate,20,16,6,5,94.4
47,Male,Assault,Postgraduate education,120,12,2,2,55.5
28,Male,Robbery,Postgraduate education,91,11,0,3,54.3
43,Male,Robbery,Secondary,120,9,0,1,49.0
60,Male,Assault,Primary,107,8,2,1,56.4
18,Male,Fraud,Primary,76,9,0,2,50.6
62,Male,Public Order,Literate,23,6,1,0,20.3
26,Male,Public Order,Primary,20,10,4,1,53.9
43,Male,Theft,Bachelor's,26,10,3,3,50.3
62,Male,Fraud,Secondary,37,13,2,3,52.8
62,Male,Fraud,Primary,28,13,1,1,43.2
29,Male,Public Order,Secondary,24,11,1,0,36.5
58,Male,Assault,Preparatory,107,8,0,2,52.5
34,Male,Burglary,Secondary,43,6,1,0,43.1
22,Male,Fraud,Postgraduate education,67,8,3,1,47.7
25,Male,Weapons Offense,Preparatory,83,11,4,2,69.8
59,Female,Fraud,Secondary,72,9,0,1,22.2
52,Male,Weapons Offense,Secondary,94,14,0,0,42.8
47,Male,Theft,Bachelor's,44,12,2,0,40.7
55,Female,Public Order,Primary,3,11,1,2,56.8
21,Male,Weapons Offense,Preparatory,45,10,4,0,59.6
34,Male,Assault,Primary,28,9,1,1,61.9
58,Male,Cybercrime,Bachelor's,38,9,0,1,28.2
36,Male,Assault,Secondary,109,14,1,2,59.7
22,Male,Vandalism,Bachelor's,28,7,0,1,42.9
37,Male,Fraud,Preparatory,26,9,3,1,45.3
34,Male,Fraud,Bachelor's,41,6,1,0,36.0
42,Male,Assault,Bachelor's,100,13,2,2,59.4
18,Female,Assault,Postgraduate education,112,7,2,0,42.4
18,Male,Theft,Literate,36,14,1,1,57.1
53,Female,Murder,Bachelor's,381,9,2,0,60.1
20,Male,Robbery,Primary,69,12,4,3,88.1
36,Male,Cybercrime,Secondary,6,9,0,2,38.3
28,Male,Theft,Secondary,7,11,3,1,44.0
44,Male,Cybercrime,Bachelor's,15,10,3,0,36.6
51,Female,Drug Offense,Primary,12,3,0,0,25.1
65,Female,Kidnapping,Bachelor's,164,9,3,2,63.6
44,Male,Theft,Primary,17,14,2,0,45.0
60,Female,Weapons Offense,Illiterate,50,10,0,3,66.7
28,Male,Robbery,Literate,70,11,4,3,84.2
18,Male,Vandalism,Literate,9,13,1,2,67.1
48,Female,Kidnapping,Preparatory,125,8,0,0,47.0
43,Male,Vandalism,Secondary,35,10,2,1,39.2
65,Male,Assault,Preparatory,27,11,0,0,47.9
58,Male,Burglary,Illiterate,59,5,1,0,38.4
29,Male,Murder,Secondary,191,8,1,1,71.3
35,Female,Theft,Postgraduate education,14,9,3,2,38.1
19,Male,Weapons Offense,Secondary,79,10,3,3,70.1
64,Female,Drug Offense,Preparatory,33,14,3,4,75.0
61,Male,Burglary,Secondary,33,15,3,5,80.9
31,Male,Burglary,Bachelor's,30,9,1,1,37.6
38,Male,Robbery,Illiterate,59,7,0,0,48.4
42,Male,Arson,Illiterate,104,12,3,3,74.1
40,Male,Burglary,Secondary,38,11,0,3,45.7
39,Female,Public Order,Primary,5,10,1,0,35.8
34,Male,Arson,Preparatory,58,17,3,1,74.6
46,Male,Fraud,Bachelor's,50,9,3,0,37.6
39,Male,Robbery,Secondary,78,10,4,1,59.9
35,Male,Vandalism,Literate,30,11,1,3,61.6
42,Female,Theft,Primary,26,8,3,1,50.2
29,Male,Weapons Offense,Secondary,94,9,0,2,55.2
22,Male,Assault,Secondary,48,7,2,0,52.2
63,Male,Drug Offense,Primary,13,7,1,1,46.3
34,Male,Theft,Literate,6,11,4,1,62.0
40,Male,Drug Offense,Primary,94,9,1,1,54.8
50,Male,Theft,Preparatory,27,6,0,0,16.3
64,Male,Theft,Secondary,33,11,3,3,50.8
62,Male,Drug Offense,Secondary,90,11,0,1,40.1
39,Male,Theft,Secondary,13,8,1,2,46.3
26,Male,Theft,Secondary,30,13,5,3,66.6
47,Male,Murder,Preparatory,364,12,5,3,96.9
24,Male,Kidnapping,Bachelor's,200,8,0,2,62.3
49,Male,Theft,Primary,4,14,1,2,48.9
61,Female,Assault,Primary,31,12,2,0,56.0
21,Male,Theft,Secondary,8,10,3,3,62.1
25,Male,Theft,Secondary,14,5,0,1,25.2
53,Female,Theft,Bachelor's,3,7,2,0,23.8
30,Male,Murder,Bachelor's,426,7,1,0,60.1
50,Male,Theft,Primary,32,8,3,0,30.7
50,Male,Burglary,Preparatory,15,8,3,1,47.3
23,Female,Weapons Offense,Literate,60,9,1,1,58.9
26,Male,Weapons Offense,Bachelor's,71,9,2,2,63.1
32,Male,Theft,Preparatory,40,10,4,2,60.7
23,Male,Robbery,Postgraduate education,58,11,0,2,56.7
63,Male,Theft,Secondary,15,4,0,0,22.1
26,Male,Burglary,Illiterate,35,13,3,4,94.1
51,Female,Robbery,Primary,114,10,0,0,41.6
43,Male,Robbery,Literate,73,6,2,1,53.0
43,Male,Robbery,Primary,68,5,1,1,45.0
50,Male,Burglary,Illiterate,51,10,4,1,56.5
19,Male,Kidnapping,Primary,145,7,1,0,61.3
20,Female,Assault,Illiterate,80,14,2,2,86.3
64,Male,Assault,Secondary,56,13,1,1,51.7
64,Male,Burglary,Literate,69,8,2,0,38.2
57,Male,Fraud,Preparatory,13,4,1,0,23.3
41,Male,Burglary,Primary,34,13,1,4,77.5
49,Male,Fraud,Bachelor's,27,12,0,0,27.2
33,Female,Burglary,Literate,46,7,1,1,48.4
58,Male,Fraud,Secondary,68,17,0,3,46.3
64,Female,Murder,Bachelor's,184,12,4,3,87.9
38,Male,Murder,Secondary,476,8,0,0,63.5
54,Male,Fraud,Bachelor's,75,16,1,3,61.4
27,Male,Assault,Secondary,106,3,0,0,38.9
24,Male,Theft,Literate,38,15,2,1,64.9
29,Male,Vandalism,Primary,28,13,1,3,63.7
27,Male,Drug Offense,Secondary,85,9,1,1,49.7
23,Male,Public Order,Secondary,23,8,2,0,42.1
54,Male,Burglary,Secondary,68,13,4,0,61.3
37,Male,Weapons Offense,Illiterate,64,16,2,2,86.5
35,Male,Fraud,Secondary,23,9,3,2,50.8
53,Male,Theft,Bachelor's,28,8,1,1,28.2
65,Female,Theft,Secondary,29,6,0,1,24.1
24,Male,Murder,Secondary,333,13,0,2,77.0
37,Male,Fraud,Illiterate,74,14,5,0,63.6
49,Male,Vandalism,Postgraduate education,27,9,0,0,24.0
61,Male,Assault,Preparatory,61,12,4,3,78.8
31,Male,Vandalism,Secondary,36,10,4,0,45.7
39,Male,Arson,Primary,107,3,0,0,36.2
50,Male,Murder,Preparatory,262,7,0,1,62.9
40,Male,Public Order,Primary,18,6,2,1,35.0
19,Female,Sexual Offense,Secondary,152,13,1,4,92.3
56,Male,Vandalism,Illiterate,15,12,2,2,58.4
22,Male,Vandalism,Illiterate,35,8,1,2,60.5
39,Male,Public Order,Illiterate,9,13,0,4,71.3
33,Male,Weapons Offense,Secondary,47,8,1,2,58.9
58,Male,Theft,Secondary,31,11,3,3,56.1
62,Female,Theft,Preparatory,14,12,5,0,41.5
45,Male,Robbery,Primary,101,3,0,0,36.1
60,Male,Fraud,Secondary,84,8,2,2,35.7
61,Female,Weapons Offense,Primary,75,11,4,1,63.4
62,Male,Assault,Preparatory,26,12,3,0,51.7
49,Male,Robbery,Literate,74,6,1,1,51.9
58,Male,Weapons Offense,Preparatory,66,10,2,2,68.4
20,Female,Fraud,Literate,18,5,0,1,47.0
58,Male,Assault,Illiterate,48,13,5,2,78.1
18,Male,Theft,Primary,8,12,5,2,69.9
21,Female,Assault,Preparatory,31,6,1,1,61.7
33,Male,Theft,Secondary,8,16,1,4,77.4
55,Male,Theft,Postgraduate education,47,10,1,2,26.0
47,Male,Theft,Preparatory,27,13,0,1,41.5
45,Female,Theft,Primary,38,9,2,2,52.9
62,Male,Drug Offense,Secondary,56,10,0,0,32.6
55,Male,Cybercrime,Primary,53,17,0,4,73.1
21,Male,Drug Offense,Primary,53,9,1,0,48.0
59,Female,Drug Offense,Secondary,54,4,0,0,31.2
29,Male,Robbery,Preparatory,76,11,0,1,55.7
60,Male,Theft,Preparatory,43,8,3,2,50.3
24,Male,Cybercrime,Secondary,31,8,2,2,54.4
34,Male,Burglary,Illiterate,22,10,3,3,83.1
32,Male,Theft,Primary,4,9,3,0,39.5
37,Male,Arson,Literate,41,9,1,1,56.9
51,Male,Burglary,Illiterate,65,9,3,2,64.6
57,Male,Assault,Secondary,111,8,2,1,44.6
53,Male,Vandalism,Illiterate,21,12,1,0,34.1
55,Male,Drug Offense,Preparatory,64,11,2,0,46.5
52,Male,Vandalism,Primary,12,10,3,2,47.7
25,Female,Vandalism,Preparatory,6,6,2,0,28.0
42,Male,Theft,Literate,37,12,4,1,49.4
55,Male,Weapons Offense,Preparatory,24,16,0,0,50.7
30,Male,Theft,Secondary,16,15,2,0,48.0
60,Male,Theft,Bachelor's,24,10,0,1,26.6
37,Male,Drug Offense,Secondary,76,10,2,2,59.0
33,Male,Sexual Offense,Literate,132,8,3,0,63.6
25,Male,Drug Offense,Bachelor's,22,9,2,1,52.6
29,Male,Drug Offense,Bachelor's,37,6,1,1,44.8
43,Male,Theft,Preparatory,18,7,1,1,35.0
29,Male,Drug Offense,Preparatory,33,8,0,1,44.5
33,Male,Theft,Bachelor's,23,8,1,1,34.0
39,Female,Theft,Primary,17,11,3,0,42.5
42,Male,Drug Offense,Secondary,65,11,1,0,36.9
54,Male,Murder,Primary,380,9,3,1,88.4
44,Male,Vandalism,Secondary,15,9,1,1,34.6
19,Male,Sexual Offense,Secondary,159,11,3,2,79.7
50,Male,Robbery,Primary,139,7,1,1,53.2
46,Male,Theft,Primary,38,10,3,2,57.2
26,Male,Public Order,Bachelor's,9,15,0,4,56.5
33,Male,Sexual Offense,Preparatory,174,3,0,0,48.8
29,Male,Sexual Offense,Illiterate,116,6,2,0,68.2
65,Male,Drug Offense,Primary,24,11,0,3,59.8
36,Male,Theft,Preparatory,10,14,0,3,61.5
59,Male,Theft,Preparatory,12,14,6,3,69.3
38,Female,Vandalism,Secondary,28,7,2,1,37.3
29,Female,Arson,Secondary,104,8,2,0,51.9
44,Male,Theft,Primary,33,8,1,2,46.2
27,Male,Public Order,Secondary,12,12,1,2,48.9
41,Male,Theft,Preparatory,45,11,3,3,59.9
51,Male,Theft,Bachelor's,22,7,1,1,22.9
44,Male,Burglary,Bachelor's,30,11,1,1,32.3
56,Female,Assault,Secondary,46,14,4,2,66.7
21,Male,Public Order,Secondary,21,10,1,1,48.8
43,Male,Public Order,Preparatory,17,10,0,3,44.5
51,Male,Vandalism,Illiterate,7,9,0,2,45.4
59,Male,Fraud,Secondary,57,7,1,0,27.4
23,Female,Drug Offense,Bachelor's,65,12,2,1,53.8
28,Male,Robbery,Literate,83,4,0,0,45.4
29,Female,Vandalism,Illiterate,24,7,1,0,43.5
49,Female,Theft,Literate,34,13,4,2,62.8
40,Male,Burglary,Secondary,30,4,0,0,20.6
50,Male,Weapons Offense,Secondary,26,10,2,2,46.5
22,Male,Assault,Illiterate,63,8,2,2,77.6
54,Male,Burglary,Secondary,63,12,3,3,62.3
26,Male,Burglary,Primary,56,5,1,1,49.1
65,Male,Assault,Secondary,99,13,3,2,62.7
53,Male,Robbery,Secondary,110,15,3,1,65.4
29,Male,Assault,Primary,95,3,0,0,39.7
62,Male,Arson,Bachelor's,38,3,0,0,19.6
48,Male,Theft,Bachelor's,41,5,0,0,22.0
58,Male,Murder,Secondary,208,7,2,1,61.0
40,Male,Robbery,Secondary,134,14,2,1,58.4
23,Male,Drug Offense,Primary,19,9,1,0,55.1
43,Male,Cybercrime,Secondary,45,11,0,3,44.4
41,Male,Theft,Postgraduate education,5,8,1,1,33.3
57,Male,Robbery,Preparatory,67,8,1,2,49.7
33,Male,Assault,Primary,38,11,2,1,64.6
19,Male,Theft,Bachelor's,15,7,0,1,34.3
60,Male,Theft,Preparatory,35,11,2,1,43.3
33,Male,Assault,Primary,32,10,1,2,64.1
34,Male,Drug Offense,Bachelor's,60,17,4,5,95.3
64,Male,Burglary,Illiterate,47,12,4,0,55.4
54,Male,Murder,Preparatory,180,15,2,0,67.8
48,Male,Burglary,Illiterate,49,8,3,2,64.1
58,Male,Robbery,Bachelor's,114,14,3,2,66.8
49,Male,Robbery,Bachelor's,86,6,2,1,40.1
20,Male,Cybercrime,Preparatory,52,14,2,2,60.3
49,Male,Fraud,Secondary,74,5,1,0,28.3
58,Male,Fraud,Secondary,76,7,1,1,33.2
60,Male,Theft,Secondary,34,12,3,2,48.5
62,Female,Murder,Secondary,209,16,0,1,63.3
23,Male,Drug Offense,Secondary,80,9,0,2,58.9
41,Male,Drug Offense,Preparatory,21,5,0,0,34.1
55,Female,Cybercrime,Primary,17,5,1,1,34.6
22,Male,Assault,Secondary,98,4,0,0,41.8
36,Male,Murder,Literate,312,5,1,1,70.2
60,Male,Vandalism,Secondary,15,6,1,0,21.1
50,Male,Fraud,Primary,23,10,4,3,58.8
32,Male,Kidnapping,Bachelor's,270,11,4,1,77.6
60,Male,Vandalism,Primary,6,14,1,1,53.2
58,Male,Fraud,Primary,41,6,0,1,33.6
19,Male,Cybercrime,Primary,52,5,1,1,42.8
33,Male,Drug Offense,Preparatory,64,16,0,5,83.4
40,Male,Cybercrime,Bachelor's,55,12,2,0,37.7
57,Male,Burglary,Secondary,64,9,0,0,31.6
64,Male,Theft,Secondary,8,5,1,1,24.6
45,Male,Weapons Offense,Bachelor's,51,8,1,0,35.0
31,Male,Theft,Illiterate,17,8,1,2,52.9
60,Male,Robbery,Secondary,96,13,4,2,67.5
26,Male,Vandalism,Preparatory,23,10,1,2,55.9
60,Male,Murder,Secondary,388,11,0,3,78.3
62,Male,Weapons Offense,Illiterate,34,11,2,3,69.5
58,Male,Sexual Offense,Illiterate,219,8,2,2,68.6
45,Male,Robbery,Postgraduate education,75,6,0,0,29.3
34,Male,Fraud,Secondary,19,8,0,0,27.5
48,Male,Drug Offense,Secondary,91,6,1,1,40.6
58,Male,Murder,Secondary,208,17,1,5,88.7
25,Male,Drug Offense,Preparatory,34,13,1,3,72.0
42,Male,Cybercrime,Secondary,57,9,0,1,36.4
54,Male,Arson,Postgraduate education,84,10,4,3,60.0
46,Male,Assault,Preparatory,76,14,1,2,62.8
64,Male,Vandalism,Bachelor's,14,11,0,1,29.9
55,Male,Sexual Offense,Bachelor's,102,10,3,3,65.6
32,Male,Cybercrime,Primary,53,14,4,0,62.2
41,Male,Theft,Preparatory,33,8,1,2,42.3
56,Female,Assault,Preparatory,100,10,3,3,70.5
56,Male,Fraud,Secondary,27,10,4,3,63.0
56,Male,Theft,Bachelor's,22,12,3,0,33.5
42,Male,Burglary,Primary,40,9,1,2,52.4
47,Male,Fraud,Primary,66,12,5,2,67.0
30,Male,Burglary,Secondary,71,12,0,0,38.2
63,Male,Theft,Literate,4,10,3,1,40.8
29,Male,Robbery,Bachelor's,69,8,0,1,44.2
27,Male,Cybercrime,Primary,9,10,2,0,47.9
22,Male,Drug Offense,Literate,56,9,2,0,58.2
42,Male,Burglary,Bachelor's,50,10,3,3,55.2
26,Male,Drug Offense,Illiterate,59,5,0,0,42.7
20,Male,Murder,Preparatory,182,8,0,0,60.3
50,Male,Burglary,Preparatory,72,11,2,0,44.9
63,Female,Theft,Secondary,32,12,3,2,52.8
33,Male,Burglary,Literate,44,11,3,1,58.9
48,Male,Drug Offense,Secondary,22,8,1,1,47.4
61,Female,Assault,Primary,67,12,2,0,48.5
29,Male,Assault,Primary,36,12,0,2,68.7
30,Male,Arson,Literate,99,8,0,0,52.8
24,Female,Theft,Literate,40,9,2,2,59.2
48,Male,Vandalism,Primary,7,7,0,1,36.6
31,Male,Vandalism,Secondary,7,9,0,0,31.6
44,Male,Assault,Secondary,120,9,1,0,36.7
33,Male,Drug Offense,Secondary,26,15,4,1,60.2
20,Male,Robbery,Secondary,105,20,2,7,100.0
22,Male,Arson,Illiterate,107,9,0,0,54.0
23,Male,Vandalism,Bachelor's,9,10,3,0,37.5
63,Male,Assault,Primary,85,8,2,2,54.6
24,Male,Murder,Primary,196,15,0,4,97.5
24,Male,Theft,Secondary,21,12,5,3,74.4
19,Female,Weapons Offense,Secondary,49,9,1,2,61.5
30,Female,Drug Offense,Preparatory,86,11,4,2,71.5
21,Male,Cybercrime,Illiterate,26,12,1,1,63.2
31,Male,Assault,Literate,86,14,5,4,94.7
46,Female,Murder,Secondary,390,10,2,2,79.8
52,Female,Theft,Preparatory,30,5,0,0,20.6
29,Male,Drug Offense,Primary,91,9,3,0,57.2
27,Female,Weapons Offense,Secondary,71,10,3,0,58.7
33,Male,Fraud,Secondary,65,8,2,2,55.8
53,Male,Vandalism,Secondary,28,6,2,0,28.8
56,Male,Vandalism,Illiterate,10,9,2,1,51.6
46,Male,Fraud,Preparatory,39,12,4,2,62.3
20,Male,Fraud,Illiterate,39,11,2,3,70.1
46,Male,Theft,Literate,36,10,3,3,65.3
38,Male,Burglary,Bachelor's,29,12,0,3,51.2
61,Male,Vandalism,Illiterate,29,11,3,0,45.5
51,Male,Weapons Offense,Bachelor's,48,13,5,2,63.5
22,Female,Burglary,Preparatory,72,12,5,0,60.5
27,Male,Theft,Bachelor's,10,6,0,1,35.5
63,Male,Robbery,Primary,109,9,0,0,34.4
47,Male,Theft,Illiterate,13,13,5,2,64.4
18,Male,Burglary,Bachelor's,16,11,0,3,63.3
42,Male,Robbery,Literate,38,8,0,2,57.4
39,Male,Arson,Secondary,78,9,0,0,39.4
59,Male,Cybercrime,Postgraduate education,17,13,1,4,55.8
45,Male,Drug Offense,Preparatory,51,9,3,2,65.3
33,Female,Theft,Literate,34,15,0,3,72.3
30,Female,Murder,Secondary,255,10,4,3,92.8
36,Male,Assault,Literate,91,12,1,1,62.1
18,Male,Assault,Preparatory,45,11,1,0,65.3
60,Male,Fraud,Primary,22,8,1,2,38.8
44,Male,Vandalism,Postgraduate education,24,9,2,0,26.2
18,Male,Assault,Secondary,67,8,3,2,57.0
38,Male,Burglary,Postgraduate education,44,14,0,4,62.9
46,Female,Vandalism,Illiterate,5,11,4,2,66.2
43,Male,Burglary,Bachelor's,72,15,6,1,63.3
48,Male,Vandalism,Preparatory,12,12,2,0,35.8
20,Male,Robbery,Primary,130,8,0,0,50.9
29,Female,Burglary,Illiterate,40,12,5,2,72.9
23,Male,Robbery,Literate,87,13,2,1,72.2
57,Male,Vandalism,Secondary,6,9,0,2,36.2
21,Male,Assault,Illiterate,111,13,1,4,97.3
22,Male,Assault,Bachelor's,104,6,1,0,47.9
21,Male,Kidnapping,Illiterate,157,12,0,0,67.8
24,Male,Fraud,Postgraduate education,51,11,2,2,53.8
49,Male,Burglary,Preparatory,31,6,1,1,39.9
50,Male,Robbery,Secondary,124,10,1,0,44.7
32,Male,Fraud,Bachelor's,13,14,1,3,51.9
62,Male,Robbery,Illiterate,49,12,2,1,62.1
31,Male,Weapons Offense,Preparatory,95,7,0,1,51.9
23,Male,Sexual Offense,Primary,123,13,1,0,71.8
37,Male,Robbery,Preparatory,108,5,1,1,41.9
56,Male,Cybercrime,Illiterate,23,11,0,3,51.9
43,Male,Fraud,Preparatory,84,8,2,2,45.8
28,Male,Theft,Secondary,21,8,0,1,30.7
64,Female,Kidnapping,Preparatory,299,9,2,2,76.0
24,Male,Robbery,Secondary,61,6,1,0,42.2
36,Male,Theft,Primary,29,14,1,4,70.7
50,Male,Drug Offense,Bachelor's,96,11,2,3,65.9
41,Male,Robbery,Primary,125,7,0,0,42.4
41,Male,Robbery,Secondary,113,12,5,1,67.9
47,Male,Vandalism,Preparatory,25,7,1,0,32.0
41,Female,Robbery,Illiterate,102,4,0,0,43.4
49,Male,Theft,Primary,42,8,2,1,35.4
54,Male,Drug Offense,Secondary,36,10,4,3,62.3
36,Male,Burglary,Preparatory,35,6,1,1,39.1
64,Female,Murder,Primary,369,6,2,0,62.6
63,Male,Robbery,Primary,62,9,0,0,35.5
37,Male,Fraud,Bachelor's,54,7,0,0,22.3
60,Male,Theft,Secondary,4,9,1,0,30.2
56,Male,Assault,Literate,72,7,2,1,48.5
61,Male,Assault,Literate,74,16,2,2,67.5
42,Male,Assault,Bachelor's,65,5,1,0,33.6
57,Male,Theft,Literate,39,8,0,2,38.6
58,Male,Cybercrime,Secondary,13,8,3,0,26.5
18,Female,Vandalism,Secondary,4,6,2,0,36.2
24,Male,Burglary,Secondary,62,6,2,0,39.8
22,Male,Fraud,Primary,80,11,4,1,70.4
53,Male,Robbery,Preparatory,89,14,2,2,64.3
51,Male,Burglary,Postgraduate education,59,9,2,1,30.4
50,Male,Fraud,Primary,23,10,3,2,51.3
29,Male,Weapons Offense,Secondary,56,10,4,2,67.2
30,Male,Arson,Bachelor's,40,13,4,3,71.3
38,Male,Theft,Secondary,29,8,3,1,33.4
62,Male,Kidnapping,Primary,289,10,1,0,65.7
42,Male,Robbery,Literate,44,13,5,2,82.7
63,Male,Fraud,Illiterate,17,8,0,1,47.2
41,Male,Cybercrime,Primary,32,9,3,2,58.6
58,Male,Robbery,Secondary,107,10,0,3,55.7
47,Male,Burglary,Secondary,31,6,1,1,33.5
35,Female,Robbery,Secondary,138,8,0,2,46.0
43,Male,Murder,Secondary,252,7,2,0,55.8
51,Male,Public Order,Bachelor's,24,11,3,0,31.3
34,Male,Drug Offense,Postgraduate education,85,9,1,1,51.4
20,Male,Weapons Offense,Primary,87,11,4,2,76.5
59,Male,Assault,Primary,58,11,2,3,68.6
25,Male,Theft,Secondary,13,9,2,0,38.4
46,Female,Theft,Illiterate,45,10,3,3,75.3
61,Male,Public Order,Postgraduate education,4,10,0,3,35.8
39,Male,Drug Offense,Secondary,13,11,4,1,49.8
38,Female,Sexual Offense,Postgraduate education,219,7,0,1,52.6
63,Male,Robbery,Preparatory,116,6,0,1,43.5
25,Male,Vandalism,Secondary,6,14,5,2,69.8
30,Male,Burglary,Illiterate,27,12,3,2,64.2
55,Male,Fraud,Secondary,77,16,7,5,86.3
24,Male,Sexual Offense,Secondary,130,9,0,2,73.3
23,Male,Drug Offense,Secondary,48,4,1,0,37.7
55,Male,Assault,Preparatory,50,15,3,1,58.3
34,Male,Burglary,Secondary,39,9,1,0,36.1
25,Female,Murder,Bachelor's,458,10,3,2,81.6
39,Male,Public Order,Illiterate,16,11,1,2,57.4
19,Male,Fraud,Secondary,73,7,0,1,42.5
18,Male,Sexual Offense,Secondary,129,12,4,0,75.8
48,Male,Assault,Primary,44,11,2,0,59.8
43,Male,Robbery,Bachelor's,118,18,4,1,64.7
49,Male,Cybercrime,Illiterate,28,14,6,4,83.0
65,Male,Drug Offense,Illiterate,96,8,3,0,56.3
62,Male,Assault,Primary,88,8,2,0,45.6
40,Male,Drug Offense,Preparatory,60,11,0,0,36.8
63,Male,Assault,Secondary,24,5,1,1,37.7
38,Female,Robbery,Bachelor's,46,16,7,0,62.6
45,Male,Public Order,Secondary,3,7,1,1,32.2
23,Female,Burglary,Illiterate,52,4,0,0,46.7
38,Male,Robbery,Preparatory,143,15,3,4,84.4
56,Male,Fraud,Bachelor's,67,13,3,1,48.5
54,Female,Assault,Preparatory,102,9,0,2,55.3
54,Male,Theft,Preparatory,14,12,5,3,68.3
50,Male,Theft,Bachelor's,3,12,3,3,57.7
34,Male,Burglary,Secondary,57,8,3,0,46.9
59,Male,Drug Offense,Primary,84,13,2,0,48.9
48,Male,Murder,Primary,181,7,2,0,63.5
33,Male,Theft,Preparatory,34,1,0,0,19.3
58,Male,Theft,Preparatory,3,10,4,3,60.0
61,Male,Assault,Secondary,26,10,0,1,41.5
50,Male,Burglary,Primary,12,15,4,2,59.4
61,Male,Drug Offense,Bachelor's,31,4,0,0,27.8
19,Male,Burglary,Illiterate,62,6,1,0,48.1
26,Male,Arson,Primary,80,16,1,0,67.7
35,Male,Fraud,Illiterate,37,10,4,1,57.9
53,Male,Weapons Offense,Preparatory,83,7,1,0,36.8
53,Male,Vandalism,Secondary,23,8,0,1,32.4
58,Male,Sexual Offense,Primary,190,9,3,1,68.0
23,Male,Weapons Offense,Postgraduate education,72,13,3,4,75.4
21,Male,Assault,Preparatory,79,9,1,1,55.4
44,Male,Theft,Primary,21,13,0,0,36.7
64,Male,Drug Offense,Secondary,40,10,3,3,59.2
34,Male,Robbery,Preparatory,49,9,3,2,69.7
61,Male,Assault,Preparatory,29,13,1,2,56.6
19,Male,Assault,Literate,106,7,2,0,63.6
55,Male,Burglary,Illiterate,71,10,3,1,59.1
32,Female,Weapons Offense,Illiterate,90,7,0,0,58.2
58,Male,Sexual Offense,Secondary,182,12,3,2,73.9
57,Male,Murder,Primary,299,10,2,2,77.3
29,Male,Drug Offense,Secondary,83,9,1,0,49.1
32,Female,Robbery,Illiterate,144,7,2,0,62.5
62,Male,Theft,Bachelor's,25,7,0,1,26.7
23,Male,Theft,Preparatory,13,11,3,3,64.2
28,Male,Drug Offense,Primary,55,7,2,1,50.6
50,Male,Vandalism,Secondary,27,9,3,0,30.2
21,Male,Public Order,Secondary,10,12,3,3,61.4
52,Male,Cybercrime,Literate,58,7,1,1,38.2
61,Male,Drug Offense,Secondary,76,11,2,1,44.0
50,Male,Fraud,Preparatory,48,9,0,0,38.9
20,Male,Vandalism,Bachelor's,32,12,2,3,60.6
22,Male,Vandalism,Secondary,8,4,0,0,27.1
58,Male,Theft,Secondary,28,6,2,1,32.6
44,Male,Fraud,Primary,78,13,3,0,52.7
65,Male,Drug Offense,Secondary,25,10,2,3,54.3
51,Male,Theft,Illiterate,16,8,3,0,38.3
44,Male,Theft,Illiterate,29,4,0,0,25.6
30,Male,Fraud,Literate,63,8,0,1,48.6
37,Male,Burglary,Secondary,33,10,4,2,57.1
55,Male,Fraud,Secondary,34,17,0,2,53.5
24,Male,Theft,Bachelor's,41,10,4,0,52.7
51,Male,Arson,Secondary,49,7,1,1,41.1
34,Male,Theft,Bachelor's,39,6,0,0,26.7
34,Male,Cybercrime,Preparatory,20,16,7,4,89.6
43,Male,Theft,Bachelor's,9,12,3,0,42.8
40,Male,Theft,Secondary,44,8,2,1,41.8
32,Male,Theft,Primary,8,11,1,1,54.0
20,Male,Burglary,Secondary,30,12,2,1,59.5
46,Male,Sexual Offense,Preparatory,118,14,5,1,74.9
47,Male,Burglary,Secondary,16,11,3,1,51.7
59,Female,Public Order,Postgraduate education,19,13,5,4,58.6
62,Male,Theft,Primary,8,13,3,1,48.8
27,Male,Drug Offense,Secondary,74,7,2,1,43.8
28,Male,Theft,Bachelor's,48,15,3,5,78.4
49,Male,Burglary,Primary,25,12,2,0,49.2
21,Male,Fraud,Secondary,69,12,5,0,59.3
43,Male,Fraud,Literate,29,12,1,1,47.9
18,Male,Theft,Literate,31,14,1,4,72.9
57,Male,Drug Offense,Preparatory,15,5,1,0,34.0
20,Male,Burglary,Illiterate,34,11,2,3,82.3
64,Male,Fraud,Illiterate,35,7,1,1,45.1
59,Male,Murder,Secondary,461,15,4,0,74.8
33,Male,Sexual Offense,Illiterate,226,3,0,0,62.1
54,Male,Burglary,Primary,35,7,0,0,30.9
26,Male,Drug Offense,Secondary,14,5,0,1,38.2
65,Female,Theft,Primary,22,9,0,2,37.4
31,Female,Cybercrime,Illiterate,38,8,2,1,53.2
53,Male,Weapons Offense,Secondary,32,10,1,3,53.4
39,Male,Burglary,Bachelor's,12,6,1,1,36.9
45,Male,Weapons Offense,Preparatory,43,5,0,1,43.0
56,Male,Burglary,Secondary,33,14,5,3,73.8
18,Male,Assault,Primary,48,13,5,4,89.8
23,Male,Robbery,Primary,124,11,0,0,66.9
34,Male,Theft,Primary,36,5,1,0,33.2
35,Male,Public Order,Secondary,6,11,3,2,45.4
20,Male,Vandalism,Primary,34,12,3,2,66.1
58,Female,Assault,Preparatory,35,6,2,0,33.4
33,Female,Vandalism,Bachelor's,8,14,4,3,64.7
24,Male,Theft,Postgraduate education,44,7,0,1,27.2
28,Male,Burglary,Bachelor's,14,11,3,3,58.3
47,Male,Assault,Primary,106,12,1,2,67.1
47,Male,Drug Offense,Primary,29,10,2,3,69.0
23,Male,Robbery,Postgraduate education,141,16,6,2,75.3
38,Female,Assault,Bachelor's,82,13,0,1,52.8
33,Male,Assault,Illiterate,82,12,4,2,80.9
26,Male,Assault,Secondary,115,10,1,3,73.3
62,Male,Fraud,Primary,74,12,5,2,71.1
33,Male,Fraud,Preparatory,72,10,4,3,66.9
20,Male,Cybercrime,Secondary,12,9,1,2,54.5
56,Male,Theft,Secondary,35,12,4,3,49.7
60,Female,Burglary,Secondary,67,11,1,1,35.4
28,Male,Theft,Secondary,43,10,3,0,45.7
27,Male,Drug Offense,Secondary,57,11,0,1,53.6
59,Male,Fraud,Bachelor's,30,12,5,3,56.9
42,Female,Weapons Offense,Preparatory,54,15,3,5,90.6
36,Female,Burglary,Secondary,22,11,4,0,47.2
53,Male,Vandalism,Bachelor's,15,9,0,2,31.3
18,Male,Assault,Primary,27,13,3,1,74.9
37,Male,Robbery,Secondary,37,10,3,2,62.0
35,Male,Robbery,Primary,140,9,3,0,59.0
29,Male,Assault,Secondary,101,6,1,1,48.8
26,Male,Assault,Preparatory,59,12,5,3,80.7
33,Male,Assault,Literate,26,11,4,0,65.7
34,Male,Assault,Secondary,60,8,1,2,57.9
33,Female,Assault,Preparatory,42,4,1,0,52.0
58,Male,Theft,Secondary,39,9,1,0,33.3
56,Male,Murder,Secondary,434,15,0,4,90.3
40,Male,Fraud,Secondary,75,12,5,1,54.0
45,Male,Cybercrime,Secondary,54,9,3,2,50.3
61,Male,Burglary,Literate,27,10,0,3,58.8
19,Male,Vandalism,Secondary,31,7,2,0,37.3
23,Male,Theft,Primary,41,6,0,1,45.6
59,Male,Murder,Secondary,438,7,1,0,62.5
29,Male,Robbery,Bachelor's,71,6,0,0,36.5
42,Male,Murder,Bachelor's,384,13,2,3,85.4
62,Male,Drug Offense,Primary,65,9,0,1,47.7
18,Male,Theft,Preparatory,12,8,3,0,50.2
35,Male,Robbery,Postgraduate education,66,8,3,1,42.9
64,Male,Fraud,Bachelor's,30,5,1,0,19.5
47,Male,Robbery,Preparatory,78,5,1,0,37.6
48,Male,Arson,Primary,115,6,0,1,41.2
37,Male,Murder,Secondary,264,7,0,1,55.7
45,Male,Robbery,Secondary,64,10,2,3,61.8
46,Female,Fraud,Bachelor's,56,10,4,0,41.9
35,Male,Theft,Preparatory,22,11,3,1,37.1
35,Male,Fraud,Illiterate,30,16,3,3,81.5
28,Male,Robbery,Secondary,130,15,6,3,88.6
41,Male,Murder,Preparatory,372,10,1,3,90.7
50,Male,Fraud,Primary,12,7,1,0,26.4
62,Male,Theft,Secondary,36,13,5,2,57.1
46,Male,Murder,Secondary,418,18,6,3,100.0
35,Male,Weapons Offense,Illiterate,88,2,0,0,39.0
60,Female,Weapons Offense,Postgraduate education,29,10,0,3,38.6
51,Male,Cybercrime,Literate,58,8,3,1,53.8
49,Male,Theft,Primary,3,12,2,0,46.6
64,Male,Arson,Primary,52,10,4,0,55.3
49,Male,Drug Offense,Postgraduate education,49,13,4,4,72.2
47,Male,Burglary,Secondary,35,10,0,0,38.2
39,Male,Fraud,Bachelor's,50,10,4,3,60.3
57,Male,Kidnapping,Literate,273,16,0,3,86.1
38,Male,Sexual Offense,Bachelor's,130,15,1,3,79.4
20,Male,Theft,Preparatory,21,10,2,1,58.1
26,Male,Vandalism,Secondary,34,6,2,0,36.3
41,Male,Drug Offense,Secondary,35,11,2,1,50.0
54,Female,Robbery,Secondary,82,5,1,0,30.1
50,Male,Fraud,Preparatory,15,4,0,0,19.9
41,Male,Public Order,Secondary,16,3,0,0,14.7
41,Male,Cybercrime,Preparatory,51,6,2,1,44.1
30,Male,Public Order,Secondary,22,13,2,4,63.3
23,Male,Arson,Bachelor's,49,10,0,0,49.6
57,Male,Fraud,Preparatory,44,11,4,2,54.2
44,Male,Weapons Offense,Secondary,34,10,3,3,71.3
62,Male,Murder,Primary,447,6,1,1,69.5
21,Male,Cybercrime,Illiterate,30,10,4,0,65.7
52,Male,Vandalism,Bachelor's,19,8,1,0,29.5
26,Male,Theft,Primary,11,9,3,1,55.7
63,Male,Assault,Primary,88,11,2,2,64.4
36,Male,Theft,Preparatory,18,13,1,3,61.2
63,Male,Fraud,Bachelor's,51,7,2,0,22.1
52,Male,Assault,Illiterate,113,9,1,2,58.5
37,Male,Burglary,Primary,32,7,1,0,37.9
65,Male,Robbery,Secondary,39,18,3,3,75.2
41,Male,Sexual Offense,Bachelor's,206,9,0,1,56.9
26,Male,Cybercrime,Illiterate,6,13,0,4,67.7
25,Male,Cybercrime,Primary,15,6,0,0,32.8
41,Male,Weapons Offense,Bachelor's,29,11,2,1,54.6
36,Male,Fraud,Literate,32,9,1,1,42.8
38,Male,Burglary,Secondary,19,7,2,1,38.2
24,Male,Assault,Primary,74,13,2,0,63.8
23,Male,Assault,Secondary,86,12,0,0,50.4
20,Male,Fraud,Literate,59,11,4,1,70.0
54,Male,Assault,Preparatory,75,16,2,0,58.7
18,Male,Burglary,Literate,67,11,4,3,78.9
62,Female,Arson,Secondary,37,15,1,1,54.7
21,Male,Public Order,Postgraduate education,12,10,1,1,35.3
27,Male,Robbery,Bachelor's,131,8,2,2,56.3
65,Male,Drug Offense,Postgraduate education,26,7,1,1,28.8
60,Male,Assault,Secondary,102,8,2,0,44.6
31,Male,Robbery,Preparatory,142,9,2,1,63.3
36,Male,Assault,Secondary,82,11,0,1,55.5
57,Male,Sexual Offense,Secondary,114,10,3,3,72.3
23,Male,Arson,Secondary,88,17,5,1,86.2
62,Male,Fraud,Preparatory,39,8,0,2,40.5
29,Male,Burglary,Secondary,17,10,2,1,47.6
50,Male,Drug Offense,Preparatory,94,12,1,3,71.9
47,Male,Sexual Offense,Literate,190,9,0,0,60.2
51,Male,Assault,Primary,74,6,2,0,41.1
45,Female,Weapons Offense,Preparatory,67,8,1,2,67.2
46,Male,Robbery,Preparatory,73,6,1,1,50.1
39,Male,Theft,Primary,20,12,2,3,64.3
25,Male,Assault,Secondary,39,14,3,4,87.9
34,Male,Drug Offense,Secondary,71,7,2,0,38.4
29,Male,Vandalism,Illiterate,15,15,3,4,94.2
28,Male,Weapons Offense,Primary,59,5,0,1,48.3
18,Male,Weapons Offense,Bachelor's,35,9,0,0,39.7
29,Male,Theft,Illiterate,24,5,0,1,46.4
51,Male,Theft,Secondary,33,7,1,0,18.2
57,Male,Drug Offense,Secondary,61,13,0,1,48.0
61,Male,Drug Offense,Primary,95,11,1,3,62.4
47,Male,Burglary,Secondary,45,13,3,2,66.7
41,Male,Assault,Secondary,42,7,2,1,44.7
56,Female,Cybercrime,Illiterate,50,9,2,2,50.5
61,Male,Theft,Literate,13,10,0,0,33.6
65,Male,Drug Offense,Preparatory,59,5,1,1,43.9
54,Male,Robbery,Literate,130,5,1,0,44.1
23,Male,Assault,Secondary,26,14,0,0,51.2
18,Male,Theft,Illiterate,39,11,0,3,66.3
31,Male,Vandalism,Illiterate,22,11,2,1,62.2
63,Male,Assault,Secondary,45,10,1,0,41.0
65,Male,Murder,Secondary,208,10,4,1,62.7
47,Male,Burglary,Illiterate,13,10,1,2,47.1
47,Male,Theft,Secondary,11,11,1,2,43.5
25,Male,Murder,Bachelor's,478,8,2,0,74.7
31,Male,Assault,Illiterate,89,7,0,1,63.8
35,Male,Drug Offense,Bachelor's,23,11,2,3,62.5
33,Male,Burglary,Secondary,64,12,4,3,74.8
35,Female,Theft,Secondary,10,6,0,1,29.9
50,Male,Arson,Literate,70,11,4,1,66.6
29,Female,Drug Offense,Primary,22,5,0,0,36.3
47,Male,Vandalism,Primary,15,7,2,0,30.7
25,Male,Drug Offense,Preparatory,89,5,0,1,44.7
40,Male,Weapons Offense,Bachelor's,33,8,0,0,32.1
65,Female,Murder,Bachelor's,463,8,1,1,62.8
39,Female,Assault,Primary,39,10,2,0,53.4
65,Male,Burglary,Primary,69,6,2,0,38.8
45,Male,Drug Offense,Secondary,69,12,0,2,60.1
32,Male,Public Order,Illiterate,9,14,0,4,68.9
41,Male,Sexual Offense,Postgraduate education,167,12,4,1,74.4
24,Male,Drug Offense,Secondary,66,13,1,3,71.6
19,Male,Sexual Offense,Preparatory,240,7,2,0,65.6
19,Male,Burglary,Primary,26,13,5,4,85.8
23,Male,Theft,Literate,32,7,2,1,52.1
49,Female,Theft,Bachelor's,46,14,0,4,58.9
47,Male,Murder,Bachelor's,431,16,1,2,74.6
64,Male,Arson,Preparatory,55,13,0,3,53.1
42,Male,Theft,Secondary,8,6,0,1,35.1
65,Male,Burglary,Bachelor's,44,9,1,1,31.8
65,Female,Assault,Literate,53,13,5,2,76.5
57,Male,Theft,Postgraduate education,12,9,2,1,26.0
31,Male,Burglary,Literate,33,11,0,3,61.3
39,Male,Burglary,Primary,62,12,0,0,46.9
55,Male,Vandalism,Bachelor's,24,13,4,1,46.6
56,Male,Drug Offense,Illiterate,16,9,3,0,56.9
40,Male,Murder,Postgraduate education,201,10,1,1,55.9
59,Male,Vandalism,Preparatory,11,14,0,1,40.6
28,Male,Theft,Secondary,40,7,0,1,37.3
25,Male,Assault,Illiterate,90,5,0,1,53.3
56,Male,Theft,Bachelor's,17,17,5,2,60.8
51,Male,Drug Offense,Literate,40,12,2,2,64.4
26,Female,Burglary,Illiterate,37,7,1,0,48.5
19,Male,Assault,Secondary,75,9,0,2,66.4
22,Female,Fraud,Bachelor's,69,10,1,3,57.3
26,Male,Assault,Bachelor's,101,13,3,2,69.9
33,Male,Vandalism,Secondary,30,16,7,4,89.3
56,Male,Theft,Secondary,6,7,1,1,32.1
28,Male,Murder,Primary,477,12,0,2,87.7
64,Male,Kidnapping,Secondary,135,12,4,1,58.8
35,Male,Fraud,Illiterate,22,11,3,3,70.4
56,Female,Murder,Primary,261,12,3,0,68.9
21,Male,Cybercrime,Bachelor's,56,11,3,3,67.1
21,Male,Vandalism,Secondary,34,13,0,4,59.5
51,Male,Robbery,Secondary,49,10,0,3,54.5
37,Female,Robbery,Illiterate,49,3,0,0,47.4
22,Male,Assault,Illiterate,68,7,2,0,59.3
24,Male,Theft,Preparatory,18,11,1,0,48.4
38,Male,Arson,Postgraduate education,57,12,3,0,43.7
65,Male,Fraud,Primary,73,9,1,1,42.4
40,Male,Robbery,Illiterate,117,12,4,2,80.3
53,Male,Vandalism,Primary,22,10,0,2,43.2
54,Male,Vandalism,Primary,28,12,2,0,38.4
25,Male,Robbery,Preparatory,119,15,4,0,69.2
52,Male,Kidnapping,Postgraduate education,278,10,0,3,61.5
53,Female,Burglary,Illiterate,39,11,0,1,50.5
25,Female,Public Order,Bachelor's,5,11,4,2,49.6
37,Male,Theft,Preparatory,8,7,2,1,38.5
22,Male,Vandalism,Illiterate,10,5,0,1,45.3
44,Male,Vandalism,Bachelor's,12,15,0,2,41.6
25,Female,Theft,Primary,32,9,2,2,56.7
38,Male,Theft,Bachelor's,34,11,1,2,43.2
21,Male,Assault,Illiterate,37,11,3,0,69.9
35,Male,Drug Offense,Illiterate,68,13,2,0,56.5
63,Male,Drug Offense,Secondary,85,11,1,3,54.3
25,Male,Theft,Secondary,20,15,4,4,76.2
18,Male,Weapons Offense,Secondary,52,10,3,3,75.9
26,Male,Public Order,Illiterate,11,8,0,1,43.1
35,Male,Weapons Offense,Secondary,61,14,5,4,84.4
26,Male,Drug Offense,Secondary,64,7,1,0,42.5
48,Male,Theft,Primary,17,10,2,0,47.3
63,Male,Theft,Literate,29,6,1,0,30.6
29,Male,Burglary,Preparatory,17,11,4,0,55.1
64,Male,Theft,Primary,9,10,1,3,53.8
45,Female,Arson,Secondary,95,10,4,3,74.0
47,Female,Theft,Illiterate,10,8,3,0,45.9
61,Male,Arson,Secondary,71,9,2,2,54.4
54,Male,Theft,Bachelor's,28,7,1,0,20.0
34,Male,Drug Offense,Bachelor's,35,11,2,2,63.3
21,Male,Drug Offense,Bachelor's,31,13,3,0,54.4
21,Male,Assault,Primary,104,13,2,3,82.6
42,Male,Drug Offense,Bachelor's,71,11,3,0,45.4
23,Female,Burglary,Illiterate,43,16,0,2,78.3
44,Male,Theft,Postgraduate education,20,9,2,0,23.2
50,Male,Sexual Offense,Preparatory,160,14,4,0,69.9
32,Male,Cybercrime,Literate,53,13,2,1,65.2
52,Male,Theft,Secondary,29,15,2,3,54.1
47,Male,Robbery,Preparatory,60,10,1,0,46.3
59,Male,Vandalism,Primary,8,14,1,1,47.3
45,Male,Burglary,Bachelor's,33,14,5,1,58.4
65,Male,Vandalism,Secondary,9,11,0,1,34.3
39,Male,Drug Offense,Primary,25,9,2,1,54.8
41,Male,Assault,Secondary,120,17,6,2,83.9
27,Male,Burglary,Primary,56,11,4,3,73.2
53,Male,Drug Offense,Preparatory,66,7,1,0,34.9
26,Female,Burglary,Primary,26,9,0,0,45.0
35,Male,Theft,Primary,44,13,5,4,69.9
27,Male,Fraud,Preparatory,75,3,0,0,21.8
31,Male,Murder,Secondary,378,6,2,0,65.4
21,Male,Vandalism,Postgraduate education,21,9,2,2,48.7
49,Male,Fraud,Preparatory,43,8,2,1,49.2
37,Male,Theft,Preparatory,9,9,3,0,41.1
56,Male,Theft,Primary,7,15,6,0,52.9
46,Male,Theft,Literate,7,4,0,0,24.5
40,Male,Vandalism,Secondary,23,9,3,0,46.7
21,Male,Drug Offense,Bachelor's,28,7,0,1,50.8
33,Male,Theft,Secondary,38,9,0,1,41.5
28,Male,Burglary,Primary,56,9,1,0,53.0
19,Male,Vandalism,Bachelor's,30,8,2,0,43.8
34,Male,Vandalism,Secondary,7,6,2,0,29.9
39,Male,Cybercrime,Primary,45,5,0,0,33.8
39,Male,Fraud,Postgraduate education,66,7,1,1,30.9
36,Male,Weapons Offense,Bachelor's,96,8,3,1,51.5
55,Male,Drug Offense,Illiterate,68,8,0,0,35.5
18,Female,Robbery,Preparatory,43,10,1,1,61.6
64,Male,Weapons Offense,Secondary,70,6,2,1,39.5
61,Male,Sexual Offense,Preparatory,122,11,2,3,75.4
26,Male,Assault,Primary,26,15,3,4,91.7
39,Male,Fraud,Secondary,84,4,1,0,29.5
22,Male,Theft,Secondary,31,6,2,0,43.7
65,Female,Theft,Preparatory,17,10,1,2,42.3
38,Male,Assault,Literate,107,8,3,1,61.6
19,Male,Vandalism,Illiterate,10,14,2,1,68.6
34,Male,Cybercrime,Illiterate,26,10,0,1,51.0
52,Male,Assault,Primary,51,11,2,2,65.0
32,Male,Murder,Preparatory,329,11,1,0,68.3
57,Male,Burglary,Preparatory,27,6,2,0,34.7
29,Male,Theft,Preparatory,40,10,3,3,57.4
32,Male,Assault,Secondary,117,10,1,3,77.7
49,Male,Theft,Preparatory,37,11,4,0,43.4
48,Male,Drug Offense,Preparatory,43,12,5,2,69.4
46,Female,Drug Offense,Bachelor's,87,5,0,0,30.7
49,Male,Theft,Primary,9,13,4,2,66.0
47,Male,Vandalism,Bachelor's,10,10,4,2,48.7
44,Male,Sexual Offense,Bachelor's,181,10,4,3,76.6
54,Male,Burglary,Secondary,25,5,0,0,19.0
37,Male,Robbery,Postgraduate education,140,10,1,1,43.1
57,Female,Theft,Secondary,32,13,4,0,39.9
41,Male,Drug Offense,Secondary,94,16,0,3,70.4
35,Male,Theft,Secondary,24,8,0,0,19.8
63,Male,Theft,Primary,3,15,5,4,70.5
23,Male,Drug Offense,Preparatory,71,11,4,1,69.7
59,Male,Murder,Illiterate,337,10,1,2,78.5
46,Male,Assault,Secondary,72,7,2,0,45.2
62,Male,Public Order,Preparatory,22,7,0,1,26.6
64,Male,Theft,Preparatory,33,12,4,0,43.4
63,Male,Murder,Preparatory,293,10,0,2,67.3
63,Male,Public Order,Secondary,21,14,0,2,39.3
39,Male,Drug Offense,Preparatory,75,7,2,1,54.0
40,Male,Murder,Secondary,394,9,3,2,76.2
49,Male,Theft,Literate,28,5,0,0,27.0
49,Male,Theft,Secondary,32,15,6,1,63.4
33,Male,Murder,Bachelor's,364,13,0,2,80.4
20,Male,Cybercrime,Preparatory,41,5,1,1,49.5
26,Male,Fraud,Secondary,25,10,4,0,47.4
29,Female,Drug Offense,Literate,50,6,1,0,52.6
21,Male,Theft,Secondary,31,6,0,1,31.5
64,Female,Theft,Secondary,21,10,4,1,39.2
20,Male,Assault,Secondary,92,8,1,2,68.7
51,Male,Burglary,Primary,17,10,3,1,47.8
59,Male,Theft,Secondary,4,11,3,1,42.4
27,Male,Weapons Offense,Secondary,87,7,0,1,47.4
55,Male,Burglary,Postgraduate education,59,8,3,2,37.0
18,Male,Theft,Illiterate,41,10,1,2,62.5
60,Male,Burglary,Primary,39,12,2,0,44.3
65,Male,Cybercrime,Primary,56,12,1,3,54.4
40,Male,Drug Offense,Literate,39,9,2,1,58.5
45,Male,Public Order,Secondary,9,8,1,2,31.7
30,Male,Assault,Secondary,78,6,1,0,38.7
55,Male,Burglary,Bachelor's,67,5,1,0,21.9
39,Male,Sexual Offense,Preparatory,197,8,2,1,59.5
23,Male,Assault,Illiterate,89,8,0,0,58.6
51,Male,Robbery,Secondary,50,11,3,1,62.1
53,Male,Assault,Secondary,108,11,1,1,50.9
64,Male,Theft,Secondary,19,6,2,0,28.7
23,Male,Fraud,Primary,29,6,0,1,40.1
37,Male,Burglary,Secondary,31,12,5,2,57.7
39,Male,Sexual Offense,Bachelor's,166,6,1,0,45.6
30,Male,Murder,Primary,403,10,4,2,94.0
44,Male,Robbery,Bachelor's,40,10,3,1,48.5
39,Male,Assault,Secondary,98,7,1,1,47.4
54,Male,Burglary,Secondary,55,9,1,2,42.8
61,Male,Theft,Secondary,33,10,3,2,43.0
62,Male,Theft,Illiterate,35,10,2,3,62.6
19,Female,Drug Offense,Preparatory,79,9,3,0,52.5
38,Male,Sexual Offense,Secondary,175,9,1,1,54.6
19,Male,Murder,Primary,369,9,0,1,83.1
63,Male,Theft,Literate,10,8,2,0,42.3
53,Male,Theft,Bachelor's,10,4,0,0,11.4
46,Male,Fraud,Illiterate,28,8,0,2,53.6
59,Male,Murder,Bachelor's,190,6,1,0,35.9
20,Male,Drug Offense,Secondary,50,8,2,2,61.2
18,Male,Sexual Offense,Preparatory,186,10,0,2,81.4
19,Male,Burglary,Preparatory,35,7,2,1,53.5
47,Female,Burglary,Secondary,19,14,2,4,70.7
36,Male,Burglary,Preparatory,34,14,2,2,57.6
45,Male,Burglary,Illiterate,29,4,0,0,26.2
50,Male,Sexual Offense,Preparatory,238,13,3,0,70.1
21,Male,Assault,Secondary,96,7,0,0,44.8
50,Male,Robbery,Preparatory,52,9,1,1,47.2
24,Male,Burglary,Bachelor's,16,9,3,0,47.4
53,Female,Fraud,Illiterate,73,9,0,2,38.4
38,Male,Theft,Postgraduate education,44,7,2,1,31.3
48,Male,Public Order,Illiterate,17,14,1,1,58.0
63,Male,Vandalism,Secondary,9,13,3,3,55.8
53,Male,Arson,Bachelor's,52,13,4,0,55.0
56,Male,Theft,Illiterate,29,17,7,3,83.6
55,Male,Vandalism,Literate,19,8,0,2,44.1
62,Male,Robbery,Postgraduate education,116,11,3,2,45.3
44,Male,Public Order,Secondary,14,8,2,2,43.4
31,Male,Fraud,Secondary,74,14,3,3,64.7
18,Male,Cybercrime,Illiterate,12,10,4,2,73.5
41,Male,Sexual Offense,Secondary,176,15,1,5,89.1
30,Male,Arson,Preparatory,49,11,3,0,57.0
61,Male,Robbery,Preparatory,120,9,0,2,52.1
51,Female,Murder,Preparatory,455,6,1,1,63.0
52,Male,Theft,Illiterate,32,6,1,0,32.9
49,Male,Murder,Bachelor's,265,13,4,1,76.1
29,Male,Theft,Secondary,3,6,0,0,24.6
26,Male,Public Order,Bachelor's,7,13,4,3,55.9
35,Male,Assault,Bachelor's,82,5,0,1,35.3
63,Male,Theft,Primary,13,12,1,0,25.6
39,Male,Theft,Preparatory,8,6,0,1,28.2
50,Male,Fraud,Literate,70,13,4,3,65.9
62,Male,Theft,Primary,3,8,1,2,39.7
48,Female,Theft,Primary,48,14,3,1,48.2
51,Male,Vandalism,Preparatory,36,6,2,0,21.3
63,Male,Robbery,Preparatory,128,8,0,2,52.2
44,Male,Public Order,Preparatory,7,13,5,2,57.9
25,Male,Theft,Primary,9,12,4,1,62.5
63,Male,Burglary,Secondary,25,12,5,2,51.7
29,Male,Burglary,Primary,43,13,3,0,59.1
60,Male,Vandalism,Illiterate,25,9,0,0,32.8
19,Female,Assault,Literate,72,11,1,1,73.5
60,Male,Fraud,Secondary,67,14,2,0,43.3
51,Male,Theft,Illiterate,40,7,0,1,36.1
58,Male,Drug Offense,Bachelor's,74,11,1,1,38.7
31,Male,Drug Offense,Secondary,47,15,5,4,79.8
41,Male,Fraud,Primary,64,7,1,1,42.8
58,Male,Theft,Preparatory,46,10,3,3,58.0
40,Male,Assault,Literate,50,8,0,0,46.9
48,Male,Arson,Bachelor's,75,7,0,1,43.0
28,Male,Assault,Primary,67,17,1,3,82.2
52,Female,Theft,Secondary,30,7,2,1,36.3
18,Male,Fraud,Bachelor's,17,14,0,4,68.0
57,Male,Burglary,Bachelor's,43,10,3,3,53.0
47,Male,Fraud,Literate,30,16,0,3,69.4
50,Male,Theft,Primary,17,5,1,0,25.4
63,Male,Drug Offense,Bachelor's,79,11,3,0,47.2
26,Male,Robbery,Secondary,139,10,1,0,52.4
61,Male,Weapons Offense,Literate,65,6,2,1,56.9
47,Male,Murder,Secondary,442,14,0,1,83.1
55,Male,Public Order,Literate,4,10,3,0,42.1
19,Male,Assault,Primary,83,12,3,3,82.0
28,Male,Public Order,Primary,12,16,2,5,76.6
23,Female,Public Order,Preparatory,11,13,1,3,63.0
32,Male,Vandalism,Primary,20,17,5,3,81.6
40,Male,Vandalism,Preparatory,26,12,1,1,41.0
28,Male,Fraud,Literate,22,10,4,0,55.7
21,Female,Fraud,Secondary,71,7,2,0,42.1
65,Male,Sexual Offense,Primary,159,9,0,1,62.9
35,Male,Theft,Literate,47,13,1,4,68.2
28,Male,Kidnapping,Secondary,174,9,1,2,67.7
42,Male,Drug Offense,Preparatory,47,16,3,2,69.6
40,Male,Fraud,Illiterate,56,9,2,0,41.8
43,Male,Drug Offense,Primary,91,9,0,1,47.8
42,Male,Robbery,Preparatory,144,9,0,1,40.1
43,Male,Kidnapping,Primary,121,16,6,4,100.0
48,Male,Public Order,Primary,4,10,3,2,50.5
29,Male,Burglary,Preparatory,44,12,1,1,50.5
59,Male,Burglary,Illiterate,17,11,2,0,55.2
44,Male,Sexual Offense,Preparatory,240,7,0,1,61.9
22,Female,Theft,Bachelor's,30,9,3,1,47.0
44,Male,Theft,Bachelor's,16,9,2,0,31.1
53,Male,Burglary,Secondary,18,11,0,3,48.1
31,Female,Theft,Bachelor's,13,11,3,2,54.9
58,Female,Theft,Primary,16,15,3,4,72.6
31,Male,Murder,Illiterate,430,5,1,1,75.4
58,Male,Assault,Preparatory,46,11,0,1,50.0
48,Male,Burglary,Preparatory,37,7,0,0,33.8
21,Male,Theft,Literate,12,14,5,0,66.6
61,Male,Public Order,Preparatory,10,15,2,3,60.9
35,Female,Assault,Bachelor's,90,8,3,2,56.8
52,Male,Murder,Primary,280,9,2,0,63.1
58,Male,Public Order,Primary,18,8,2,2,40.2
63,Male,Assault,Secondary,38,14,5,1,62.9
41,Male,Theft,Primary,22,5,0,1,32.8
47,Male,Robbery,Preparatory,131,13,4,2,72.8
51,Male,Fraud,Postgraduate education,72,19,6,0,45.3
37,Male,Assault,Secondary,78,13,4,0,64.3
57,Male,Theft,Secondary,21,9,1,2,46.3
35,Male,Assault,Preparatory,61,16,2,2,65.6
47,Male,Fraud,Postgraduate education,66,10,4,1,45.1
38,Male,Vandalism,Secondary,23,11,1,0,36.3
43,Male,Fraud,Secondary,34,7,2,0,28.8
30,Male,Public Order,Secondary,11,20,8,3,86.4
24,Male,Arson,Literate,65,10,4,0,61.5
63,Male,Weapons Offense,Preparatory,52,9,0,1,47.6
24,Male,Drug Offense,Secondary,79,11,0,1,53.6
39,Male,Burglary,Illiterate,69,13,2,1,63.5
39,Male,Assault,Illiterate,74,12,5,0,74.0
47,Male,Theft,Literate,26,11,2,0,43.3
63,Male,Murder,Preparatory,237,7,0,1,66.4
49,Female,Weapons Offense,Illiterate,84,10,2,1,65.1
50,Male,Kidnapping,Secondary,140,18,2,2,76.4
24,Male,Vandalism,Secondary,14,14,4,1,56.3
59,Male,Drug Offense,Secondary,19,12,4,1,55.5
41,Male,Assault,Preparatory,59,9,0,2,58.7
41,Male,Public Order,Preparatory,12,8,1,1,38.8
63,Male,Murder,Preparatory,478,11,3,2,89.1
29,Male,Murder,Preparatory,272,15,5,2,100.0
35,Male,Robbery,Primary,137,10,3,2,73.8
18,Female,Drug Offense,Preparatory,42,11,0,1,57.1
20,Male,Sexual Offense,Primary,184,13,5,1,94.4
56,Male,Assault,Preparatory,104,6,0,1,41.4
40,Male,Cybercrime,Secondary,17,13,1,3,58.0
64,Female,Vandalism,Preparatory,36,9,2,0,32.4
37,Male,Cybercrime,Secondary,49,12,5,3,70.7
34,Male,Vandalism,Secondary,11,14,6,3,69.0
19,Male,Theft,Secondary,8,8,1,2,48.6
65,Male,Fraud,Primary,24,7,0,1,25.2
51,Male,Drug Offense,Preparatory,92,10,0,3,64.0
49,Female,Drug Offense,Primary,38,6,0,0,39.9
60,Male,Vandalism,Secondary,15,6,0,1,21.5
20,Male,Assault,Primary,48,9,0,0,63.9
27,Male,Burglary,Secondary,14,13,4,1,56.7
37,Male,Weapons Offense,Secondary,77,9,1,1,46.5
54,Male,Theft,Postgraduate education,32,10,4,2,47.6
26,Male,Drug Offense,Preparatory,27,6,0,1,43.5
65,Male,Burglary,Secondary,23,7,0,1,27.0
35,Male,Burglary,Literate,63,7,0,1,46.9
42,Male,Theft,Secondary,8,9,1,2,43.1
47,Female,Fraud,Primary,23,6,0,0,29.0
33,Male,Assault,Preparatory,32,16,5,4,89.8
22,Male,Theft,Illiterate,24,6,2,1,59.8
53,Male,Sexual Offense,Secondary,123,8,3,2,58.7
34,Male,Vandalism,Primary,11,6,0,1,37.9
34,Male,Robbery,Bachelor's,130,9,2,1,50.0
42,Male,Cybercrime,Bachelor's,58,13,4,0,54.4
42,Male,Murder,Preparatory,440,7,2,0,72.5
47,Male,Robbery,Preparatory,142,7,2,0,50.8
54,Male,Theft,Literate,41,6,1,0,33.0
36,Male,Sexual Offense,Illiterate,106,9,0,0,65.3
22,Male,Theft,Bachelor's,46,7,2,0,37.4
25,Male,Weapons Offense,Secondary,87,8,2,0,43.5
40,Male,Assault,Bachelor's,82,12,5,3,75.5
30,Male,Theft,Primary,22,20,4,7,100.0
57,Male,Sexual Offense,Preparatory,215,7,1,0,51.5
40,Male,Public Order,Secondary,18,9,2,0,26.0
30,Male,Drug Offense,Bachelor's,61,7,2,0,39.1
46,Female,Burglary,Preparatory,36,6,0,1,41.5
38,Female,Drug Offense,Primary,33,12,3,2,69.5
21,Male,Robbery,Secondary,135,8,3,2,76.4
41,Male,Public Order,Illiterate,3,13,5,4,82.6
48,Female,Murder,Secondary,405,11,4,0,71.1
32,Male,Vandalism,Bachelor's,24,14,5,4,72.4
21,Male,Robbery,Illiterate,53,9,2,0,65.3
23,Male,Assault,Secondary,90,9,3,0,58.7
26,Male,Vandalism,Literate,19,15,1,0,48.0
26,Male,Burglary,Primary,59,14,4,4,88.0
27,Male,Theft,Preparatory,14,10,2,0,48.0
27,Female,Burglary,Literate,33,14,2,4,87.6
31,Male,Weapons Offense,Secondary,84,10,0,2,58.2
27,Male,Theft,Bachelor's,43,8,3,0,39.9
35,Male,Burglary,Illiterate,33,11,4,3,79.0
24,Male,Vandalism,Bachelor's,31,8,3,2,49.0
21,Male,Burglary,Bachelor's,12,10,4,3,68.6
20,Male,Kidnapping,Bachelor's,159,11,4,2,81.9
54,Male,Burglary,Secondary,15,7,0,0,26.2
54,Male,Assault,Literate,49,6,1,1,47.8
30,Male,Vandalism,Literate,8,13,0,3,72.5
40,Male,Drug Offense,Preparatory,35,11,3,1,49.0
31,Male,Vandalism,Illiterate,29,12,5,1,71.8
63,Male,Weapons Offense,Secondary,45,9,3,1,45.8
43,Male,Fraud,Preparatory,77,16,5,3,76.8
20,Male,Assault,Secondary,32,6,0,1,55.9
32,Male,Arson,Postgraduate education,98,9,2,1,55.1
58,Male,Robbery,Primary,138,5,0,0,36.2
28,Male,Cybercrime,Primary,49,12,5,3,82.2
21,Male,Drug Offense,Preparatory,32,5,0,1,45.4
57,Female,Public Order,Bachelor's,12,13,4,0,43.3
32,Male,Burglary,Primary,58,14,2,0,59.0
47,Male,Burglary,Bachelor's,72,11,3,2,58.5
32,Male,Assault,Preparatory,40,10,3,3,70.6
59,Female,Theft,Primary,15,6,0,0,23.4
42,Male,Theft,Primary,39,10,4,1,52.0
54,Male,Drug Offense,Secondary,68,19,2,1,62.9
58,Male,Theft,Secondary,32,12,2,2,53.6
39,Male,Assault,Illiterate,55,9,0,2,66.4
39,Male,Theft,Postgraduate education,14,16,3,4,60.0
26,Female,Fraud,Literate,32,10,2,3,63.0
24,Male,Public Order,Preparatory,14,9,2,0,39.4
37,Male,Assault,Primary,53,12,5,2,76.3
35,Male,Theft,Secondary,47,6,1,0,29.2
63,Male,Murder,Preparatory,206,8,3,0,63.0
42,Male,Vandalism,Postgraduate education,7,5,0,1,18.3
31,Male,Theft,Bachelor's,20,6,2,1,39.9
50,Male,Vandalism,Preparatory,33,12,0,0,34.8
47,Male,Theft,Secondary,5,7,1,0,30.5
61,Male,Public Order,Secondary,6,13,1,1,36.5
18,Female,Assault,Preparatory,47,8,1,0,56.5
41,Male,Burglary,Preparatory,35,7,0,1,42.4
45,Female,Theft,Primary,45,15,2,2,59.9
62,Male,Fraud,Secondary,57,9,2,2,46.6
52,Male,Vandalism,Secondary,4,3,0,0,14.9
18,Male,Weapons Offense,Preparatory,65,7,2,1,52.5
52,Male,Murder,Bachelor's,297,9,2,0,61.7
32,Male,Drug Offense,Secondary,69,7,2,0,38.6
61,Female,Cybercrime,Secondary,19,9,1,1,35.1
22,Male,Cybercrime,Bachelor's,52,11,4,3,68.3
30,Male,Assault,Secondary,67,5,1,0,35.7
50,Male,Robbery,Bachelor's,125,13,5,4,80.7
32,Male,Fraud,Primary,51,7,0,0,41.0
32,Male,Vandalism,Secondary,12,8,1,1,39.5
30,Male,Theft,Primary,40,8,3,2,56.0
31,Female,Murder,Secondary,235,5,0,0,44.3
23,Male,Assault,Secondary,88,9,0,1,55.0
63,Male,Cybercrime,Illiterate,21,11,4,3,76.3
49,Male,Assault,Preparatory,81,12,2,1,59.8
65,Male,Fraud,Secondary,71,14,5,1,59.1
60,Male,Murder,Literate,221,10,3,1,65.4
50,Male,Public Order,Secondary,12,8,3,2,43.0
61,Male,Public Order,Illiterate,24,10,4,2,54.9
19,Female,Burglary,Preparatory,12,9,1,0,49.9
24,Male,Public Order,Secondary,9,4,0,0,28.3
58,Female,Fraud,Primary,19,8,3,0,42.3
28,Male,Burglary,Secondary,49,12,2,3,71.3
39,Male,Drug Offense,Literate,74,4,1,0,38.3
65,Male,Weapons Offense,Primary,44,12,2,1,60.6
22,Male,Assault,Bachelor's,110,19,8,2,100.0
20,Male,Kidnapping,Bachelor's,186,7,1,1,63.6
20,Female,Arson,Illiterate,85,12,0,3,82.7
31,Male,Fraud,Secondary,12,9,3,2,57.6
32,Male,Robbery,Secondary,129,17,5,3,95.6
20,Male,Theft,Bachelor's,15,8,1,0,36.9
59,Male,Vandalism,Primary,13,10,4,0,45.3
52,Male,Robbery,Bachelor's,106,11,4,1,55.2
60,Male,Vandalism,Primary,26,7,0,1,36.2
42,Male,Sexual Offense,Primary,236,7,1,1,62.3
36,Male,Drug Offense,Secondary,58,15,0,0,47.0
41,Male,Drug Offense,Illiterate,36,11,2,1,57.7
43,Male,Robbery,Primary,117,10,3,3,75.4
39,Male,Burglary,Preparatory,42,5,1,0,34.6
41,Male,Drug Offense,Literate,38,7,2,1,47.8
30,Male,Murder,Secondary,374,15,2,5,100.0
21,Male,Burglary,Illiterate,39,13,4,0,65.0
25,Male,Theft,Postgraduate education,32,8,0,1,26.1
64,Male,Arson,Preparatory,89,11,2,2,60.0
40,Male,Weapons Offense,Primary,48,11,1,0,54.3
47,Female,Burglary,Literate,63,8,3,1,56.4
46,Male,Theft,Bachelor's,31,6,1,0,22.1
53,Male,Fraud,Secondary,73,6,2,1,30.2
61,Female,Drug Offense,Primary,18,8,0,0,34.2
59,Male,Vandalism,Primary,17,13,5,2,60.6
47,Male,Theft,Preparatory,33,11,3,2,48.3
49,Male,Robbery,Postgraduate education,82,11,0,0,32.3
25,Male,Murder,Preparatory,437,12,2,3,93.5
52,Male,Assault,Illiterate,74,14,1,1,59.6
48,Male,Assault,Postgraduate education,67,14,0,0,46.4
31,Female,Fraud,Secondary,71,7,2,1,45.0
57,Male,Assault,Preparatory,96,12,0,2,63.9
57,Male,Fraud,Illiterate,48,2,0,0,22.1
21,Male,Weapons Offense,Secondary,43,11,2,0,58.6
45,Male,Assault,Primary,76,12,1,0,51.6
44,Male,Murder,Bachelor's,263,6,0,0,44.9
53,Female,Robbery,Literate,72,9,1,0,55.8
41,Male,Fraud,Illiterate,26,6,0,1,42.7
64,Male,Fraud,Secondary,59,11,3,1,49.0
50,Male,Murder,Bachelor's,257,10,0,1,59.3
23,Female,Assault,Secondary,70,9,0,2,56.4
58,Male,Fraud,Literate,57,5,1,1,34.5
43,Male,Burglary,Illiterate,32,6,2,1,52.0
38,Male,Public Order,Primary,14,5,0,0,20.2
37,Female,Murder,Preparatory,427,5,1,1,64.5
55,Male,Murder,Bachelor's,399,11,1,1,68.9
52,Male,Burglary,Secondary,54,9,0,1,37.6
64,Female,Vandalism,Illiterate,34,12,0,3,53.3
25,Male,Assault,Bachelor's,119,13,2,4,77.7
62,Male,Cybercrime,Postgraduate education,25,12,3,3,50.5
53,Male,Arson,Secondary,79,11,3,3,57.7
64,Female,Drug Offense,Secondary,79,11,3,3,53.9
44,Male,Fraud,Primary,74,7,0,1,40.5
53,Female,Theft,Bachelor's,48,9,2,2,37.0
45,Male,Fraud,Literate,70,6,1,1,45.2
29,Male,Drug Offense,Literate,26,11,4,0,60.1
57,Male,Theft,Illiterate,8,13,3,4,67.4
35,Male,Theft,Secondary,11,9,1,1,44.1
36,Female,Vandalism,Primary,4,8,1,0,31.3
57,Male,Assault,Bachelor's,62,10,0,0,35.0
47,Male,Theft,Primary,6,9,1,1,47.0
40,Male,Murder,Bachelor's,190,12,4,0,65.6
38,Male,Theft,Literate,15,15,1,5,71.8
21,Male,Assault,Secondary,111,5,0,0,50.4
50,Male,Burglary,Bachelor's,71,9,1,2,39.7
39,Male,Burglary,Literate,37,12,5,2,69.9
18,Female,Drug Offense,Literate,69,10,0,2,68.5
41,Female,Assault,Illiterate,38,9,3,0,64.3
60,Male,Public Order,Illiterate,2,6,1,1,36.5
35,Female,Drug Offense,Bachelor's,86,3,0,0,24.4
59,Male,Theft,Preparatory,21,11,4,2,55.4
51,Female,Assault,Bachelor's,88,19,6,1,70.9
62,Male,Burglary,Secondary,60,12,2,2,50.6
59,Male,Burglary,Preparatory,32,4,0,0,20.0
50,Female,Drug Offense,Primary,67,13,1,1,47.3
50,Male,Theft,Postgraduate education,25,11,4,2,39.7
46,Female,Cybercrime,Primary,40,12,0,0,35.7
39,Male,Fraud,Secondary,45,7,0,0,36.7
58,Male,Fraud,Preparatory,26,7,0,0,22.0
59,Male,Theft,Primary,15,7,2,1,30.2
63,Male,Theft,Secondary,31,12,2,1,37.3
51,Male,Theft,Secondary,39,10,4,2,47.2
47,Male,Drug Offense,Primary,32,8,0,2,46.6
21,Male,Weapons Offense,Secondary,87,6,2,0,49.8
47,Male,Theft,Preparatory,42,12,1,0,40.0
27,Male,Sexual Offense,Secondary,239,11,3,1,73.6
34,Male,Burglary,Literate,30,6,1,1,48.8
58,Male,Drug Offense,Secondary,81,9,1,1,41.6
65,Male,Vandalism,Secondary,19,8,2,2,34.7
33,Male,Assault,Secondary,87,13,1,0,55.2
19,Male,Theft,Preparatory,23,11,2,1,50.5
45,Male,Burglary,Postgraduate education,37,17,0,5,66.9
34,Male,Arson,Secondary,91,8,2,2,60.8
33,Male,Fraud,Secondary,13,10,2,0,36.5
61,Male,Vandalism,Primary,36,9,2,2,53.0
43,Male,Assault,Bachelor's,54,10,1,3,59.1
52,Male,Burglary,Illiterate,42,17,4,0,53.6
63,Male,Drug Offense,Secondary,31,7,0,1,30.4
42,Male,Sexual Offense,Secondary,164,11,2,3,68.5
50,Male,Vandalism,Illiterate,6,12,0,3,58.4
43,Male,Cybercrime,Secondary,8,12,5,2,57.2
60,Male,Weapons Offense,Illiterate,68,14,4,1,69.1
46,Male,Theft,Preparatory,29,15,3,2,62.6
41,Male,Assault,Primary,48,10,2,1,61.7
60,Male,Cybercrime,Preparatory,31,8,3,0,37.9
37,Male,Burglary,Secondary,67,22,9,0,78.9
56,Male,Robbery,Secondary,55,11,3,1,47.1
35,Male,Burglary,Postgraduate education,67,4,0,0,18.4
62,Male,Vandalism,Secondary,30,13,1,0,37.8
34,Male,Cybercrime,Primary,56,7,1,0,42.7
18,Male,Kidnapping,Primary,290,10,1,2,84.0
26,Female,Theft,Bachelor's,22,11,3,1,49.5
50,Male,Drug Offense,Bachelor's,30,17,3,4,68.1
32,Male,Burglary,Secondary,44,8,0,1,36.2
59,Male,Drug Offense,Primary,54,14,2,3,70.5
23,Male,Arson,Secondary,40,8,1,0,51.1
42,Male,Weapons Offense,Bachelor's,30,6,2,0,37.2
18,Male,Theft,Preparatory,21,10,4,0,49.8
47,Male,Vandalism,Secondary,7,7,0,1,29.0
27,Male,Drug Offense,Literate,25,10,3,2,71.7
45,Male,Kidnapping,Literate,253,11,0,3,81.8
29,Female,Theft,Primary,28,12,0,0,42.7
35,Male,Drug Offense,Secondary,12,15,1,5,81.2
59,Male,Burglary,Postgraduate education,64,17,3,5,77.8
61,Male,Theft,Secondary,42,9,1,0,30.2
48,Male,Vandalism,Illiterate,22,15,3,4,80.3
57,Male,Theft,Bachelor's,24,5,0,0,18.9
44,Male,Burglary,Secondary,52,9,0,2,45.2
54,Male,Sexual Offense,Bachelor's,188,7,1,0,43.7
34,Male,Theft,Preparatory,16,5,1,0,31.7
41,Male,Weapons Offense,Secondary,61,8,2,1,48.2
35,Male,Drug Offense,Illiterate,28,5,1,1,42.6
62,Female,Vandalism,Illiterate,29,7,0,0,35.6
58,Male,Sexual Offense,Primary,99,12,1,3,73.4
48,Male,Drug Offense,Primary,59,12,5,3,72.1
58,Female,Robbery,Illiterate,63,9,3,2,67.7
35,Male,Robbery,Bachelor's,85,9,1,2,48.9
24,Male,Theft,Postgraduate education,5,7,2,0,33.0
30,Male,Public Order,Literate,6,9,1,0,42.1
48,Male,Assault,Preparatory,100,12,2,1,68.0
24,Male,Theft,Bachelor's,46,11,2,2,55.0
34,Male,Drug Offense,Primary,53,11,0,0,54.3
45,Male,Murder,Secondary,371,9,1,0,64.3
39,Male,Murder,Illiterate,385,6,2,1,80.9
26,Male,Public Order,Preparatory,14,11,0,0,37.1
48,Female,Assault,Literate,53,6,0,1,52.7
52,Male,Public Order,Bachelor's,1,9,3,2,36.9
53,Male,Robbery,Secondary,42,9,3,2,55.0
23,Male,Theft,Preparatory,21,4,1,0,38.4
20,Male,Cybercrime,Secondary,30,5,1,0,37.4
21,Male,Burglary,Preparatory,67,11,0,2,69.1
29,Male,Burglary,Bachelor's,31,10,4,2,53.9
54,Female,Fraud,Preparatory,84,15,1,4,62.1
45,Female,Burglary,Bachelor's,28,9,3,0,35.3
48,Male,Theft,Postgraduate education,30,11,1,0,19.2
29,Female,Drug Offense,Secondary,86,9,2,0,51.3
51,Male,Assault,Preparatory,31,10,1,0,44.5
39,Male,Robbery,Preparatory,53,12,0,3,59.3
50,Male,Fraud,Preparatory,55,13,0,1,40.5
28,Male,Burglary,Illiterate,50,12,4,3,77.0
51,Female,Fraud,Bachelor's,73,7,2,1,21.8
63,Male,Sexual Offense,Illiterate,238,11,3,1,78.4
49,Male,Weapons Offense,Secondary,46,7,1,0,44.7
52,Male,Burglary,Literate,24,10,4,0,40.9
23,Female,Vandalism,Bachelor's,9,11,3,2,58.6
26,Male,Assault,Primary,68,11,4,3,87.0
30,Male,Theft,Bachelor's,22,7,2,1,36.9
55,Male,Robbery,Preparatory,75,9,0,2,47.1
58,Male,Theft,Secondary,32,8,2,1,33.9
24,Male,Public Order,Secondary,20,5,0,0,22.7
41,Male,Vandalism,Preparatory,34,14,1,1,48.8
28,Male,Theft,Primary,19,13,5,0,59.0
47,Male,Drug Offense,Bachelor's,40,6,2,0,32.0
32,Female,Arson,Preparatory,72,11,2,0,46.9
31,Male,Robbery,Bachelor's,104,10,4,1,59.0
65,Female,Assault,Secondary,35,9,1,1,43.7
39,Male,Fraud,Preparatory,40,11,4,1,58.5
62,Male,Burglary,Primary,16,11,0,3,55.5
42,Male,Vandalism,Preparatory,6,7,1,1,32.0
58,Male,Drug Offense,Bachelor's,21,13,0,2,41.6
35,Male,Robbery,Secondary,129,7,2,0,48.7
28,Male,Fraud,Illiterate,54,7,0,0,44.4
49,Male,Theft,Secondary,18,10,3,1,41.2
44,Male,Public Order,Secondary,18,14,5,4,79.5
58,Male,Robbery,Bachelor's,78,7,0,1,36.1
47,Male,Murder,Secondary,470,12,0,0,66.3
56,Male,Robbery,Secondary,79,12,5,2,68.0
21,Male,Theft,Preparatory,33,11,0,2,51.4
22,Male,Assault,Literate,59,12,2,1,68.2
49,Male,Murder,Preparatory,187,9,1,1,65.8
44,Male,Theft,Secondary,47,8,3,2,46.4
45,Male,Burglary,Primary,63,7,2,0,38.0
26,Male,Murder,Preparatory,310,7,1,1,68.1
44,Male,Vandalism,Primary,9,6,2,0,38.4
65,Male,Theft,Secondary,15,9,3,1,36.9
36,Male,Assault,Literate,97,10,2,2,69.8
26,Male,Burglary,Secondary,14,13,3,4,74.5
55,Male,Assault,Secondary,90,12,5,0,55.4
59,Male,Murder,Bachelor's,182,10,0,3,58.9
18,Male,Robbery,Primary,103,13,1,1,69.5
23,Male,Weapons Offense,Primary,78,10,2,1,77.6
23,Female,Drug Offense,Secondary,87,8,3,1,63.0
58,Male,Sexual Offense,Secondary,236,8,3,1,58.7
53,Male,Public Order,Secondary,3,10,0,3,41.0
28,Male,Burglary,Secondary,47,4,0,0,27.8
63,Male,Assault,Secondary,78,13,1,2,59.5
30,Male,Fraud,Preparatory,59,10,3,2,57.9
43,Male,Fraud,Primary,16,12,0,1,45.9
55,Female,Robbery,Bachelor's,55,8,3,1,47.6
28,Male,Cybercrime,Illiterate,47,5,0,1,40.1
37,Male,Public Order,Secondary,13,14,1,4,58.5
46,Male,Sexual Offense,Secondary,237,12,1,2,75.3
50,Male,Sexual Offense,Primary,235,16,4,1,76.8
37,Male,Drug Offense,Preparatory,57,13,2,3,66.3
51,Male,Weapons Offense,Secondary,59,5,0,1,36.0
36,Male,Assault,Bachelor's,26,8,3,1,49.6
40,Male,Vandalism,Primary,20,6,1,0,27.0
56,Male,Assault,Secondary,25,7,2,1,45.5
31,Male,Burglary,Secondary,28,7,0,1,34.3
35,Male,Murder,Postgraduate education,210,12,3,0,63.6
18,Male,Theft,Primary,19,5,0,1,38.5
28,Male,Public Order,Secondary,7,11,3,3,65.0
62,Female,Weapons Offense,Primary,24,9,0,2,45.0
48,Male,Public Order,Preparatory,23,8,2,1,37.2
40,Male,Vandalism,Bachelor's,3,8,1,0,22.2
25,Male,Drug Offense,Preparatory,49,9,0,1,46.7
54,Male,Theft,Secondary,26,12,1,3,47.8
49,Male,Drug Offense,Secondary,92,9,1,1,44.0
28,Male,Theft,Bachelor's,29,7,1,1,37.2
46,Male,Vandalism,Secondary,18,10,3,3,55.6
26,Male,Fraud,Secondary,77,15,3,0,43.5
48,Male,Assault,Bachelor's,33,13,2,0,44.1
62,Male,Assault,Literate,52,11,2,1,55.9
56,Male,Assault,Bachelor's,66,6,2,0,38.8
51,Male,Cybercrime,Illiterate,31,12,4,1,57.2
45,Male,Robbery,Primary,107,10,2,0,53.6
41,Female,Theft,Primary,38,10,0,3,55.5
45,Male,Assault,Illiterate,30,7,2,1,53.0
60,Male,Drug Offense,Primary,56,12,4,2,65.9
59,Male,Burglary,Primary,62,9,3,1,58.4
29,Male,Arson,Preparatory,45,10,3,0,57.2
63,Female,Arson,Postgraduate education,105,14,1,1,47.0
35,Male,Robbery,Preparatory,119,8,1,2,52.8
32,Male,Weapons Offense,Bachelor's,79,10,4,3,70.7
56,Male,Murder,Preparatory,341,13,3,1,71.6
49,Male,Assault,Bachelor's,99,17,2,4,74.3
35,Male,Robbery,Secondary,70,6,0,0,29.9
29,Male,Fraud,Primary,72,12,1,3,74.4
37,Male,Assault,Bachelor's,78,12,1,2,55.0
44,Male,Assault,Primary,100,10,2,1,61.5
59,Male,Fraud,Preparatory,77,15,4,1,57.8
20,Male,Public Order,Bachelor's,23,9,3,2,49.1
43,Male,Vandalism,Bachelor's,28,8,2,2,40.4
45,Male,Sexual Offense,Literate,200,11,4,3,97.6
60,Male,Cybercrime,Secondary,34,12,3,1,44.4
65,Male,Theft,Secondary,42,7,2,0,26.5
47,Male,Weapons Offense,Preparatory,95,8,1,2,50.8
21,Male,Vandalism,Secondary,4,13,0,4,66.9
28,Male,Arson,Bachelor's,66,13,3,4,74.2
47,Male,Fraud,Primary,21,6,1,0,32.7
26,Female,Robbery,Primary,115,9,2,0,55.0
55,Male,Fraud,Literate,45,6,0,1,38.7
58,Male,Vandalism,Illiterate,6,14,1,3,55.4
43,Male,Cybercrime,Preparatory,56,14,2,2,58.4
46,Male,Murder,Primary,412,8,2,2,85.4
60,Female,Robbery,Secondary,121,13,3,2,68.1
20,Female,Theft,Literate,14,12,1,3,68.2
48,Male,Fraud,Secondary,34,11,3,1,46.6
24,Male,Theft,Preparatory,33,9,3,0,48.5
63,Male,Assault,Secondary,91,13,1,0,51.2
43,Male,Murder,Bachelor's,409,10,3,1,69.6
56,Male,Murder,Secondary,245,11,2,1,69.6
53,Male,Theft,Preparatory,37,14,3,2,55.0
24,Male,Assault,Secondary,110,15,1,0,62.4
29,Male,Assault,Bachelor's,97,10,0,0,36.0
18,Male,Theft,Illiterate,25,8,1,2,52.4
24,Male,Vandalism,Preparatory,9,11,4,0,55.8
65,Male,Public Order,Illiterate,3,9,2,2,54.2
33,Male,Public Order,Literate,22,10,3,1,52.1
25,Male,Sexual Offense,Primary,185,8,2,0,58.5
40,Male,Vandalism,Preparatory,26,10,0,1,36.0
63,Male,Assault,Secondary,24,3,0,0,27.6
41,Female,Sexual Offense,Secondary,233,13,4,2,84.4
31,Male,Drug Offense,Secondary,71,8,3,0,55.9
52,Male,Drug Offense,Primary,56,13,0,1,60.1
42,Male,Assault,Secondary,90,6,0,1,44.4
19,Male,Murder,Preparatory,244,13,2,3,100.0
39,Male,Murder,Preparatory,264,13,4,0,79.5
33,Male,Public Order,Bachelor's,3,2,0,0,14.4
62,Male,Murder,Bachelor's,424,8,0,1,58.8
23,Male,Drug Offense,Literate,38,10,0,0,59.8
49,Male,Burglary,Bachelor's,46,8,2,2,43.1
57,Male,Assault,Preparatory,82,9,1,2,53.8
54,Male,Assault,Preparatory,56,12,2,2,57.7
52,Male,Assault,Secondary,95,14,5,0,54.4
28,Male,Drug Offense,Preparatory,92,13,3,2,77.1
44,Male,Arson,Illiterate,64,16,2,3,82.4
23,Male,Drug Offense,Preparatory,22,7,1,0,43.2
39,Male,Theft,Bachelor's,37,13,5,3,59.8
23,Male,Weapons Offense,Primary,48,14,2,1,75.2
43,Male,Kidnapping,Literate,146,10,3,3,78.8
63,Male,Theft,Preparatory,41,15,2,1,50.6
62,Male,Theft,Literate,37,11,0,1,42.2
39,Male,Murder,Illiterate,182,11,4,0,74.8
50,Female,Weapons Offense,Preparatory,34,5,1,1,50.0
65,Male,Public Order,Secondary,4,9,1,1,30.7
62,Male,Drug Offense,Preparatory,45,11,4,1,59.7
51,Male,Robbery,Bachelor's,42,14,1,3,54.0
63,Male,Assault,Primary,74,7,2,0,49.2
49,Male,Burglary,Preparatory,51,10,4,3,71.8
24,Female,Sexual Offense,Secondary,223,12,3,1,83.5
57,Male,Assault,Preparatory,101,9,2,1,49.8
49,Male,Vandalism,Primary,34,14,0,4,65.8
26,Male,Drug Offense,Secondary,39,12,1,2,62.5
45,Male,Weapons Offense,Literate,70,12,2,0,63.8
44,Male,Assault,Illiterate,105,8,3,0,59.7
62,Female,Drug Offense,Bachelor's,68,10,0,1,35.9
30,Male,Fraud,Preparatory,21,8,2,1,42.0
30,Male,Drug Offense,Preparatory,30,6,0,0,43.6
36,Male,Murder,Bachelor's,359,8,2,1,65.9
31,Male,Kidnapping,Bachelor's,236,9,3,0,58.8
46,Male,Vandalism,Literate,32,8,0,0,35.4
24,Male,Burglary,Primary,64,11,4,1,65.9
59,Male,Vandalism,Bachelor's,19,8,0,2,30.5
50,Male,Murder,Secondary,421,5,0,0,54.6
36,Male,Fraud,Literate,28,11,0,3,55.6
30,Male,Robbery,Secondary,57,9,3,2,65.7
64,Male,Cybercrime,Bachelor's,20,5,0,0,14.7
46,Male,Cybercrime,Literate,37,11,1,3,55.7
25,Female,Vandalism,Bachelor's,6,10,1,2,41.2
32,Male,Drug Offense,Primary,22,11,3,2,67.1
23,Male,Public Order,Bachelor's,15,13,2,4,58.9
59,Male,Burglary,Literate,64,10,3,1,55.8
58,Female,Drug Offense,Preparatory,60,9,3,2,53.6
61,Male,Weapons Offense,Literate,46,8,3,0,52.5
30,Male,Fraud,Preparatory,81,11,0,1,44.4
65,Male,Burglary,Secondary,39,5,0,1,25.4
44,Male,Theft,Primary,34,9,2,0,40.0
52,Male,Murder,Bachelor's,294,9,3,1,75.5
30,Male,Arson,Preparatory,69,12,3,2,71.7
60,Male,Robbery,Bachelor's,55,12,0,2,44.8
46,Male,Drug Offense,Primary,95,10,1,3,65.7
24,Male,Theft,Secondary,33,11,0,3,56.8
62,Male,Assault,Secondary,44,15,6,5,95.0
64,Male,Assault,Secondary,103,11,4,3,65.4
26,Male,Public Order,Secondary,19,8,2,1,39.3
35,Male,Theft,Primary,48,7,1,0,27.9
40,Male,Theft,Secondary,47,16,5,3,72.4
39,Male,Cybercrime,Secondary,38,9,1,0,32.9
50,Male,Public Order,Literate,3,10,0,1,34.9
27,Male,Theft,Bachelor's,35,11,2,2,45.5
25,Male,Vandalism,Secondary,19,13,0,0,35.0
57,Male,Theft,Preparatory,18,8,2,1,35.9
23,Male,Theft,Secondary,45,10,0,0,35.2
39,Female,Fraud,Postgraduate education,82,5,0,1,21.9
18,Male,Burglary,Secondary,44,13,4,0,57.5
56,Male,Public Order,Secondary,10,6,1,1,22.8
41,Male,Drug Offense,Bachelor's,12,7,2,0,34.8
23,Female,Vandalism,Preparatory,33,4,0,0,30.9
50,Male,Burglary,Secondary,58,10,4,2,56.4
51,Male,Assault,Secondary,67,9,0,0,42.1
62,Male,Burglary,Bachelor's,29,15,2,3,53.4
25,Male,Theft,Preparatory,45,4,0,0,30.1
18,Male,Cybercrime,Illiterate,11,12,5,1,74.1
60,Male,Theft,Illiterate,46,11,4,0,47.3
65,Female,Theft,Secondary,44,12,4,3,56.5
33,Female,Fraud,Illiterate,29,12,2,1,59.2
18,Male,Theft,Postgraduate education,43,11,0,3,57.6
30,Male,Assault,Literate,46,13,5,3,91.8
63,Male,Murder,Primary,193,6,2,0,58.5
26,Male,Weapons Offense,Illiterate,51,10,2,3,77.7
39,Female,Murder,Primary,445,11,3,1,84.8
51,Male,Kidnapping,Primary,300,9,0,0,55.9
59,Female,Murder,Preparatory,378,3,0,0,46.7
63,Male,Theft,Bachelor's,25,11,0,1,25.6
54,Male,Assault,Bachelor's,24,13,4,2,59.2
21,Male,Theft,Secondary,36,13,5,4,79.1
30,Male,Theft,Primary,9,14,0,3,65.4
59,Male,Assault,Primary,113,18,5,5,97.5
65,Male,Vandalism,Secondary,23,16,6,2,66.8
48,Male,Theft,Literate,23,10,1,0,36.4
21,Male,Drug Offense,Bachelor's,18,6,1,1,40.8
43,Male,Fraud,Bachelor's,56,9,1,1,38.6
26,Male,Weapons Offense,Illiterate,43,8,3,1,71.0
62,Male,Theft,Literate,41,7,2,1,41.0
45,Male,Assault,Bachelor's,58,14,0,2,62.0
26,Male,Sexual Offense,Primary,221,12,3,3,94.4
44,Male,Murder,Secondary,250,15,1,3,86.0
37,Male,Arson,Literate,51,6,1,0,44.3
64,Male,Drug Offense,Primary,78,6,1,0,35.8
19,Male,Fraud,Secondary,28,10,3,3,73.4
48,Male,Drug Offense,Secondary,40,11,2,2,59.4
59,Male,Fraud,Literate,22,11,0,0,34.9
25,Male,Burglary,Preparatory,69,15,4,1,67.2
56,Male,Vandalism,Illiterate,36,13,0,4,63.3
21,Male,Arson,Secondary,61,13,0,1,71.7
64,Male,Kidnapping,Preparatory,236,9,3,0,62.4
37,Male,Theft,Literate,21,10,4,1,59.5
19,Male,Assault,Primary,91,4,1,0,56.8
65,Male,Assault,Primary,68,12,3,0,59.8
65,Male,Vandalism,Illiterate,13,9,0,2,48.9
48,Male,Theft,Secondary,47,13,0,1,43.3
65,Female,Burglary,Preparatory,64,12,1,1,41.8
29,Male,Robbery,Secondary,126,12,4,0,58.9
31,Male,Theft,Secondary,19,7,1,0,33.9
48,Male,Cybercrime,Illiterate,15,7,1,1,39.9
60,Female,Cybercrime,Preparatory,58,8,2,1,37.2
58,Female,Sexual Offense,Secondary,100,4,0,0,34.8
61,Male,Sexual Offense,Secondary,106,13,5,1,70.1
47,Male,Theft,Preparatory,35,13,4,3,64.9
41,Male,Assault,Literate,107,14,4,4,99.3
58,Male,Assault,Postgraduate education,52,10,4,3,64.2
20,Male,Theft,Literate,4,10,0,0,40.7
45,Male,Burglary,Preparatory,69,8,0,0,35.7
32,Male,Public Order,Postgraduate education,20,12,1,2,42.1
36,Male,Weapons Offense,Preparatory,72,17,0,0,53.1
37,Male,Fraud,Literate,61,12,1,3,63.2
44,Male,Robbery,Preparatory,118,13,1,3,71.4
32,Male,Cybercrime,Preparatory,20,9,3,1,54.9
32,Male,Assault,Bachelor's,79,4,1,0,43.8
65,Male,Drug Offense,Bachelor's,42,7,2,1,38.2
31,Male,Vandalism,Preparatory,8,13,0,4,66.2
48,Male,Fraud,Secondary,55,10,2,2,51.3
48,Female,Robbery,Preparatory,106,17,7,2,92.1
21,Male,Assault,Preparatory,120,14,0,3,70.7
21,Male,Fraud,Bachelor's,57,8,2,0,41.9
19,Male,Fraud,Bachelor's,38,9,2,0,42.6
52,Male,Burglary,Primary,47,3,0,0,25.8
35,Male,Cybercrime,Illiterate,10,11,3,1,55.2
47,Male,Fraud,Bachelor's,47,7,2,1,37.1
56,Female,Fraud,Secondary,18,5,0,1,22.7
31,Male,Sexual Offense,Bachelor's,236,15,6,3,99.9
19,Male,Arson,Preparatory,106,9,3,0,59.6
23,Male,Robbery,Preparatory,55,7,2,0,49.9
60,Male,Theft,Primary,29,14,0,4,59.4
47,Male,Weapons Offense,Secondary,50,17,1,5,88.7
47,Male,Cybercrime,Bachelor's,12,7,1,0,27.6
57,Female,Public Order,Primary,9,6,2,1,32.6
58,Male,Fraud,Secondary,50,10,3,1,46.4
65,Male,Assault,Secondary,87,8,2,2,58.7
35,Male,Robbery,Secondary,115,8,2,1,51.3
40,Male,Murder,Secondary,202,11,2,0,63.8
34,Female,Burglary,Secondary,19,3,0,0,25.1
50,Male,Arson,Illiterate,49,6,1,1,54.1
52,Male,Robbery,Bachelor's,40,11,3,3,64.1
45,Male,Murder,Secondary,398,11,3,1,83.8
33,Male,Cybercrime,Bachelor's,7,10,2,2,39.6
44,Male,Kidnapping,Bachelor's,254,12,4,1,70.1
53,Male,Assault,Secondary,40,7,1,1,29.7
59,Male,Drug Offense,Preparatory,38,6,1,1,38.0
19,Male,Weapons Offense,Secondary,34,16,4,4,87.5
46,Female,Burglary,Primary,51,10,4,0,48.6
30,Male,Arson,Secondary,105,10,3,2,67.5
56,Male,Vandalism,Postgraduate education,35,5,0,0,11.3
40,Male,Fraud,Primary,73,6,1,1,36.8
49,Male,Assault,Primary,108,11,4,3,77.2
21,Female,Weapons Offense,Bachelor's,35,6,0,1,39.9
52,Male,Drug Offense,Postgraduate education,60,6,0,1,34.0
27,Male,Sexual Offense,Preparatory,176,13,3,2,88.3
63,Male,Robbery,Bachelor's,61,8,1,0,33.1
35,Male,Drug Offense,Primary,68,12,5,3,80.2
34,Male,Theft,Literate,46,12,2,1,56.6
40,Male,Burglary,Preparatory,28,6,2,1,39.3
39,Female,Fraud,Primary,20,11,3,3,65.9
47,Male,Robbery,Postgraduate education,37,7,2,0,34.6
24,Male,Drug Offense,Primary,56,10,3,3,79.4
64,Male,Fraud,Preparatory,30,14,0,0,30.2
56,Female,Arson,Preparatory,53,16,0,3,64.8
21,Male,Public Order,Secondary,12,6,2,0,38.3
39,Male,Assault,Secondary,46,14,0,2,60.0
45,Male,Theft,Primary,16,8,1,1,41.1
57,Male,Kidnapping,Preparatory,246,7,1,0,52.6
28,Male,Murder,Preparatory,251,12,5,0,87.3
59,Male,Murder,Primary,376,13,3,0,73.7
40,Female,Fraud,Preparatory,39,8,0,1,29.4
48,Male,Robbery,Secondary,100,15,6,5,99.3
27,Male,Drug Offense,Primary,55,12,3,1,54.9
53,Male,Fraud,Bachelor's,37,7,1,1,28.2
48,Male,Sexual Offense,Secondary,231,13,1,3,75.5
48,Male,Public Order,Secondary,21,19,0,5,70.9
38,Female,Robbery,Preparatory,67,10,4,2,61.3
65,Male,Drug Offense,Bachelor's,80,12,0,2,47.6
22,Male,Public Order,Postgraduate education,17,14,0,0,33.4
34,Male,Drug Offense,Secondary,47,5,1,1,43.9
49,Male,Fraud,Literate,40,11,0,3,52.6
52,Male,Robbery,Secondary,60,11,4,1,60.5
38,Male,Murder,Primary,389,11,0,2,81.1
54,Female,Burglary,Preparatory,54,7,1,1,35.7
58,Male,Burglary,Bachelor's,29,10,4,0,36.6
31,Male,Fraud,Secondary,59,11,2,3,63.7
31,Male,Assault,Preparatory,111,8,1,1,60.1
27,Male,Drug Offense,Secondary,89,12,4,3,72.5
35,Male,Theft,Literate,13,11,1,2,51.7
55,Male,Robbery,Preparatory,67,9,1,1,43.2
34,Male,Public Order,Secondary,23,16,2,5,76.9
30,Female,Cybercrime,Secondary,17,10,3,0,40.5
43,Male,Drug Offense,Secondary,33,10,3,0,44.1
53,Male,Vandalism,Postgraduate education,13,6,0,1,13.6
23,Male,Vandalism,Secondary,25,12,5,3,74.6
57,Male,Public Order,Preparatory,7,17,5,0,51.5
54,Male,Theft,Literate,39,10,1,2,42.5
43,Male,Assault,Secondary,27,8,0,2,47.6
21,Male,Theft,Primary,10,13,1,4,64.0
52,Male,Public Order,Secondary,1,7,1,0,22.7
55,Male,Robbery,Secondary,80,13,0,0,43.0
19,Female,Fraud,Postgraduate education,46,9,0,0,30.2
43,Male,Sexual Offense,Bachelor's,128,13,0,2,59.2
34,Male,Robbery,Illiterate,99,12,0,1,73.5
31,Male,Drug Offense,Secondary,66,8,1,1,45.2
63,Male,Theft,Preparatory,30,14,6,4,77.8
23,Female,Public Order,Secondary,4,15,3,5,81.1
24,Male,Assault,Bachelor's,97,7,0,1,55.0
42,Male,Drug Offense,Literate,90,19,5,2,91.5
53,Male,Sexual Offense,Secondary,235,9,2,0,60.3
30,Male,Drug Offense,Preparatory,36,13,2,3,73.2
54,Male,Assault,Secondary,85,15,3,0,57.8
37,Male,Theft,Primary,25,8,0,1,36.1
18,Female,Assault,Secondary,41,17,2,3,87.0
34,Male,Burglary,Preparatory,64,7,1,0,30.4
33,Male,Vandalism,Secondary,34,7,1,1,40.8
25,Female,Burglary,Secondary,61,7,1,0,36.6
61,Male,Drug Offense,Bachelor's,19,9,3,2,50.3
45,Male,Burglary,Secondary,28,13,3,1,53.5
56,Female,Cybercrime,Secondary,23,12,4,0,41.4
47,Female,Theft,Bachelor's,41,10,3,2,42.5
63,Male,Theft,Primary,25,11,0,3,45.8
56,Male,Theft,Preparatory,24,12,4,2,48.6
63,Male,Sexual Offense,Preparatory,97,12,1,2,66.5
28,Male,Murder,Primary,254,12,1,0,72.1
25,Male,Fraud,Literate,78,11,1,2,59.9
54,Female,Burglary,Primary,47,11,4,1,56.0
18,Male,Theft,Secondary,48,13,0,0,40.6
50,Male,Assault,Literate,68,14,3,4,79.4
54,Female,Fraud,Bachelor's,84,10,2,3,48.4
55,Male,Drug Offense,Secondary,69,12,5,2,68.8
58,Female,Assault,Secondary,64,8,1,2,52.5
53,Male,Drug Offense,Secondary,81,6,0,0,25.0
25,Male,Murder,Preparatory,256,10,0,3,81.9
46,Male,Weapons Offense,Primary,27,5,1,0,47.6
60,Female,Assault,Illiterate,78,10,4,1,64.5
33,Female,Arson,Preparatory,106,14,3,1,79.0
18,Male,Assault,Illiterate,50,7,0,0,58.6
33,Male,Weapons Offense,Secondary,93,5,1,0,48.9
28,Male,Theft,Preparatory,13,15,5,1,67.0
35,Male,Assault,Secondary,36,15,4,4,86.2
23,Male,Theft,Secondary,15,7,0,1,37.2
64,Male,Fraud,Illiterate,16,7,2,1,49.7
42,Male,Weapons Offense,Preparatory,67,9,0,2,59.5
59,Male,Assault,Illiterate,57,8,2,1,64.3
63,Male,Burglary,Secondary,65,10,3,1,48.0
23,Male,Theft,Preparatory,29,8,3,2,56.7
33,Female,Sexual Offense,Literate,235,10,0,0,65.2
25,Male,Theft,Bachelor's,12,6,2,0,27.5
31,Male,Sexual Offense,Secondary,163,12,3,3,93.6
40,Female,Weapons Offense,Secondary,69,7,1,0,30.9
28,Male,Theft,Secondary,39,11,1,0,35.1
53,Female,Fraud,Preparatory,51,12,3,2,59.0
28,Male,Fraud,Preparatory,84,9,3,2,55.5
28,Male,Assault,Secondary,39,12,5,1,70.4
32,Male,Drug Offense,Primary,74,8,0,2,56.4
32,Male,Vandalism,Preparatory,13,10,4,2,57.3
54,Male,Sexual Offense,Primary,142,15,5,1,83.3
60,Male,Vandalism,Illiterate,10,9,1,1,44.1
36,Male,Kidnapping,Secondary,202,12,1,0,57.8
39,Male,Cybercrime,Secondary,33,13,3,1,53.9
45,Female,Vandalism,Primary,5,12,0,1,40.0
48,Male,Burglary,Secondary,41,13,2,4,68.9
19,Male,Drug Offense,Literate,41,12,3,1,66.6
28,Male,Drug Offense,Secondary,41,4,0,0,32.5
38,Female,Weapons Offense,Literate,65,12,3,2,80.1
47,Male,Burglary,Illiterate,72,8,2,2,58.0
65,Male,Robbery,Primary,86,6,2,0,43.9
38,Male,Theft,Illiterate,15,7,1,0,43.7
28,Male,Assault,Secondary,50,9,3,0,48.5
47,Male,Sexual Offense,Secondary,167,10,3,2,80.0
20,Male,Theft,Preparatory,14,13,2,4,72.9
48,Male,Assault,Postgraduate education,103,6,2,0,32.1
23,Male,Assault,Secondary,29,12,1,3,70.6
51,Male,Public Order,Secondary,5,11,4,1,37.8
25,Male,Drug Offense,Preparatory,62,13,0,3,65.0
40,Male,Assault,Secondary,70,10,0,1,52.7
29,Male,Drug Offense,Bachelor's,74,9,2,1,52.1
45,Male,Burglary,Secondary,22,8,2,1,41.1
29,Male,Vandalism,Secondary,24,15,3,4,72.0
23,Male,Theft,Preparatory,36,8,1,2,48.1
65,Male,Drug Offense,Literate,26,16,6,2,74.6
45,Male,Robbery,Literate,54,7,1,0,38.5
46,Male,Theft,Secondary,14,5,0,1,26.6
38,Male,Robbery,Bachelor's,136,13,0,2,63.3
40,Female,Public Order,Preparatory,6,9,2,0,39.8
45,Male,Public Order,Secondary,12,9,2,0,32.5
59,Male,Cybercrime,Primary,37,9,3,2,53.0
59,Male,Public Order,Bachelor's,3,10,3,2,31.4
29,Male,Vandalism,Bachelor's,10,7,2,0,28.2
46,Male,Drug Offense,Primary,36,17,0,1,61.2
55,Male,Assault,Illiterate,113,12,3,2,70.9
52,Male,Robbery,Primary,108,9,1,2,53.8
56,Male,Vandalism,Secondary,34,12,4,0,31.4
64,Male,Murder,Preparatory,475,8,3,2,87.1
60,Male,Theft,Primary,3,14,0,1,43.9
39,Male,Burglary,Bachelor's,28,11,4,3,55.0
51,Male,Theft,Preparatory,43,9,0,2,40.8
47,Male,Robbery,Bachelor's,120,13,1,1,51.7
30,Male,Burglary,Illiterate,50,4,0,0,47.5
25,Male,Assault,Illiterate,95,10,2,2,80.6
20,Male,Theft,Preparatory,34,19,5,3,84.6
58,Male,Theft,Primary,32,12,0,3,45.6
64,Female,Sexual Offense,Primary,227,5,0,0,50.7
20,Male,Robbery,Primary,130,12,1,3,77.4
48,Male,Kidnapping,Preparatory,171,9,1,0,64.8
36,Male,Burglary,Preparatory,15,8,3,2,50.9
26,Male,Assault,Primary,119,10,4,2,78.4
35,Male,Robbery,Secondary,129,7,1,0,46.5
35,Male,Cybercrime,Secondary,16,9,0,1,30.2
48,Male,Theft,Preparatory,15,10,4,0,43.7
48,Male,Assault,Postgraduate education,111,17,5,0,61.6
53,Male,Public Order,Secondary,17,7,0,1,21.2
44,Male,Assault,Secondary,70,9,0,0,41.9
45,Male,Robbery,Secondary,102,11,3,0,57.1
53,Male,Theft,Literate,11,7,0,1,30.7
38,Male,Drug Offense,Bachelor's,55,10,2,0,43.8
31,Male,Cybercrime,Literate,28,7,2,1,51.1
63,Male,Vandalism,Primary,29,16,3,5,74.0
19,Male,Theft,Secondary,21,10,2,3,56.0
40,Male,Theft,Bachelor's,8,5,1,0,15.2
55,Female,Murder,Bachelor's,342,14,6,0,78.4
26,Male,Burglary,Bachelor's,33,13,1,4,66.0
32,Female,Assault,Preparatory,37,15,1,1,58.8
60,Male,Burglary,Literate,40,11,4,3,61.5
60,Male,Robbery,Secondary,133,12,5,0,51.7
38,Male,Drug Offense,Primary,71,7,2,1,57.2
37,Male,Vandalism,Primary,16,12,0,0,35.7
43,Female,Theft,Bachelor's,23,16,7,4,79.2
63,Male,Theft,Bachelor's,28,7,1,1,26.1
46,Male,Weapons Offense,Literate,52,9,1,1,53.6
63,Male,Vandalism,Preparatory,8,6,0,1,29.2
23,Male,Assault,Primary,61,13,1,2,76.1
65,Male,Assault,Preparatory,89,11,0,2,61.5
37,Male,Robbery,Preparatory,102,9,1,1,51.9
37,Male,Arson,Illiterate,97,8,2,0,57.2
24,Male,Theft,Bachelor's,14,10,2,3,58.7
33,Male,Arson,Illiterate,65,9,2,2,68.4
64,Male,Drug Offense,Literate,60,14,2,2,70.9
21,Male,Vandalism,Secondary,28,9,0,0,33.3
30,Female,Weapons Offense,Secondary,81,15,2,1,71.1
50,Male,Burglary,Preparatory,43,6,2,1,37.0
33,Male,Vandalism,Preparatory,17,8,2,2,51.7
45,Male,Assault,Literate,80,8,1,0,54.9
53,Male,Theft,Literate,32,16,1,1,50.3
64,Male,Burglary,Secondary,27,16,7,4,89.6
26,Male,Theft,Preparatory,22,11,2,0,50.5
18,Male,Public Order,Primary,13,10,0,0,36.1
35,Male,Burglary,Bachelor's,48,8,2,1,40.7
21,Male,Theft,Illiterate,4,8,2,1,59.4
28,Female,Drug Offense,Primary,35,6,2,1,56.0
38,Female,Murder,Literate,184,8,0,2,73.6
37,Male,Drug Offense,Preparatory,89,7,0,1,48.5
40,Male,Drug Offense,Secondary,62,12,0,3,57.3
62,Male,Robbery,Bachelor's,77,18,7,5,94.3
28,Male,Vandalism,Secondary,3,9,2,1,50.8
53,Male,Robbery,Secondary,73,8,1,1,45.0
34,Male,Burglary,Secondary,16,4,0,0,22.8
50,Male,Drug Offense,Postgraduate education,16,14,4,3,63.6
43,Male,Weapons Offense,Secondary,30,6,0,0,31.2
57,Male,Robbery,Bachelor's,77,10,4,1,50.8
29,Female,Vandalism,Preparatory,8,9,2,2,51.0
56,Male,Cybercrime,Secondary,40,8,0,0,26.5
18,Male,Cybercrime,Literate,36,18,5,2,84.2
35,Male,Theft,Preparatory,19,8,2,2,48.5
26,Female,Burglary,Primary,13,5,0,1,37.4
34,Male,Cybercrime,Secondary,58,7,0,1,31.9
36,Male,Burglary,Secondary,68,12,2,3,66.0
50,Male,Murder,Secondary,323,12,0,3,73.0
57,Male,Robbery,Primary,98,11,1,2,55.5
26,Male,Weapons Offense,Preparatory,26,7,2,1,49.2
45,Male,Fraud,Secondary,60,19,0,1,51.2
22,Male,Cybercrime,Preparatory,30,11,2,2,61.8
33,Male,Burglary,Primary,42,12,2,3,63.4
56,Male,Burglary,Literate,53,14,4,1,59.2
49,Male,Theft,Bachelor's,34,13,4,0,33.8
50,Male,Robbery,Secondary,47,11,0,0,36.4
53,Male,Robbery,Bachelor's,82,17,2,1,54.8
32,Male,Cybercrime,Preparatory,23,8,1,0,35.8
27,Male,Theft,Literate,46,9,2,0,48.9
63,Male,Weapons Offense,Secondary,68,12,5,1,66.2
27,Male,Assault,Illiterate,117,5,1,1,54.8
60,Male,Theft,Preparatory,24,13,5,0,43.4
51,Male,Sexual Offense,Secondary,133,14,3,0,65.4
47,Male,Burglary,Preparatory,33,12,0,3,56.0
40,Male,Assault,Postgraduate education,48,11,1,2,54.3
34,Male,Cybercrime,Preparatory,9,8,1,0,31.9
57,Male,Assault,Preparatory,50,9,2,1,59.5
58,Male,Drug Offense,Secondary,31,9,2,0,39.9
50,Male,Theft,Secondary,5,10,3,0,38.6
23,Male,Weapons Offense,Preparatory,29,13,1,4,77.4
41,Male,Theft,Primary,34,11,3,2,72.4
26,Male,Robbery,Primary,40,15,2,1,65.9
34,Male,Public Order,Secondary,6,6,1,0,26.2
23,Male,Vandalism,Literate,32,12,3,2,68.1
36,Male,Assault,Bachelor's,118,11,1,2,57.3
26,Male,Drug Offense,Primary,20,9,3,2,74.1
25,Male,Burglary,Primary,59,5,1,1,43.1
46,Male,Murder,Preparatory,248,6,0,1,58.7
58,Male,Cybercrime,Secondary,46,19,0,4,69.4
50,Male,Theft,Bachelor's,36,12,1,1,32.9
38,Male,Drug Offense,Preparatory,75,7,2,1,44.0
53,Female,Theft,Bachelor's,27,12,3,1,45.7
24,Male,Vandalism,Bachelor's,33,12,5,0,58.2
65,Female,Sexual Offense,Preparatory,210,13,3,3,78.7
62,Male,Fraud,Bachelor's,27,9,0,2,38.7
23,Male,Kidnapping,Preparatory,162,8,3,2,81.8
55,Male,Burglary,Bachelor's,51,12,2,1,44.4
46,Male,Theft,Secondary,33,9,3,2,51.7
23,Male,Theft,Secondary,31,9,3,0,40.9
45,Female,Weapons Offense,Primary,25,8,0,1,47.1
55,Male,Theft,Secondary,43,7,1,0,22.0
40,Male,Kidnapping,Primary,157,12,1,2,78.0
30,Female,Murder,Primary,287,5,0,0,59.9
64,Male,Vandalism,Bachelor's,21,3,0,0,10.5
44,Male,Vandalism,Preparatory,22,11,3,2,58.8
27,Male,Drug Offense,Preparatory,62,11,0,3,63.5
36,Male,Vandalism,Preparatory,34,7,2,1,35.5
30,Male,Assault,Illiterate,58,7,1,1,60.6
64,Female,Theft,Literate,3,11,3,0,32.1
55,Male,Public Order,Secondary,13,11,1,1,32.7
48,Male,Cybercrime,Primary,50,10,4,2,62.1
23,Male,Robbery,Preparatory,101,12,2,2,70.0
26,Male,Assault,Primary,95,8,1,1,58.5
55,Male,Sexual Offense,Postgraduate education,118,8,0,0,35.4
61,Male,Weapons Offense,Literate,56,11,1,1,44.6
43,Male,Robbery,Postgraduate education,41,13,5,0,46.3
29,Male,Assault,Secondary,31,12,2,0,51.9
26,Male,Cybercrime,Secondary,56,10,0,0,38.8
62,Male,Assault,Bachelor's,98,12,3,2,55.5
49,Male,Drug Offense,Bachelor's,14,10,0,1,37.1
56,Male,Burglary,Postgraduate education,72,11,4,0,37.8
26,Male,Theft,Secondary,39,9,0,1,40.1
41,Male,Sexual Offense,Bachelor's,189,7,1,1,58.3
22,Male,Robbery,Literate,83,6,1,0,54.7
41,Female,Vandalism,Literate,15,7,1,0,38.1
65,Male,Theft,Secondary,45,15,2,3,54.4
24,Male,Drug Offense,Literate,64,6,1,1,55.4
24,Male,Arson,Primary,74,9,1,0,55.9
29,Male,Vandalism,Secondary,12,8,2,0,45.0
40,Male,Burglary,Preparatory,34,9,0,1,48.4
53,Female,Assault,Primary,49,12,5,2,80.3
30,Male,Robbery,Preparatory,133,12,2,3,78.4
56,Female,Murder,Literate,209,6,1,0,57.6
58,Male,Assault,Preparatory,49,6,2,1,39.0
56,Male,Drug Offense,Illiterate,43,7,1,1,52.0
38,Male,Theft,Preparatory,22,15,3,1,49.0
65,Male,Vandalism,Postgraduate education,19,12,5,3,51.2
53,Male,Kidnapping,Preparatory,135,11,2,2,53.8
65,Male,Sexual Offense,Illiterate,233,8,0,1,59.1
25,Male,Public Order,Preparatory,2,11,2,2,54.4
49,Male,Assault,Secondary,96,11,0,3,64.6
20,Male,Weapons Offense,Preparatory,46,7,0,1,54.8
37,Male,Fraud,Bachelor's,63,15,3,0,44.6
18,Male,Vandalism,Bachelor's,6,8,1,1,36.5
29,Male,Vandalism,Bachelor's,27,12,3,2,46.2
53,Female,Theft,Primary,27,7,2,1,40.5
31,Male,Drug Offense,Bachelor's,67,10,1,2,57.5
45,Male,Assault,Bachelor's,70,12,3,0,53.6
32,Male,Assault,Preparatory,90,10,4,1,65.5
56,Male,Fraud,Primary,41,12,0,0,37.0
23,Male,Robbery,Preparatory,83,13,4,0,71.1
42,Male,Theft,Preparatory,17,11,4,2,54.6
61,Male,Burglary,Primary,31,13,0,1,37.5
58,Male,Assault,Literate,30,14,2,2,70.6
27,Male,Assault,Preparatory,65,8,2,0,48.6
30,Male,Sexual Offense,Secondary,157,14,6,4,100.0
38,Male,Vandalism,Primary,3,8,0,0,28.3
45,Male,Kidnapping,Literate,171,4,0,0,44.1
60,Male,Theft,Preparatory,9,7,1,1,32.4
34,Male,Fraud,Preparatory,72,13,5,2,68.4
23,Male,Assault,Secondary,63,15,1,1,75.8
53,Male,Vandalism,Preparatory,35,5,0,1,26.9
61,Male,Sexual Offense,Secondary,146,17,5,2,79.9
50,Male,Theft,Primary,26,5,0,1,29.3
49,Male,Weapons Offense,Illiterate,41,6,2,0,52.9
35,Male,Public Order,Bachelor's,14,8,1,2,34.1
54,Female,Burglary,Secondary,36,7,1,1,30.0
52,Male,Assault,Bachelor's,34,11,0,1,46.3
49,Male,Murder,Bachelor's,201,9,3,0,63.7
25,Male,Theft,Primary,38,8,2,0,41.8
48,Male,Assault,Primary,49,11,4,2,70.2
28,Male,Vandalism,Bachelor's,31,12,4,2,62.4
63,Female,Robbery,Bachelor's,124,8,2,1,44.8
48,Male,Theft,Primary,8,13,4,3,66.6
26,Male,Arson,Secondary,67,8,1,0,44.7
65,Male,Robbery,Preparatory,79,8,3,1,46.7
28,Female,Burglary,Preparatory,67,12,1,2,52.9
32,Male,Assault,Bachelor's,47,10,3,0,53.3
27,Female,Public Order,Postgraduate education,2,9,2,0,32.8
60,Male,Weapons Offense,Preparatory,66,9,3,1,45.2
47,Male,Theft,Preparatory,39,13,1,1,41.8
59,Female,Robbery,Literate,84,8,3,1,50.1
35,Male,Cybercrime,Preparatory,34,18,3,1,60.9
21,Male,Weapons Offense,Literate,89,13,3,1,86.3
42,Male,Drug Offense,Literate,78,14,1,2,65.9
62,Male,Theft,Illiterate,20,15,4,0,55.8
47,Female,Vandalism,Literate,8,16,7,1,72.4
34,Male,Weapons Offense,Secondary,37,6,1,0,44.4
65,Female,Fraud,Preparatory,62,9,2,1,37.9
40,Male,Theft,Secondary,31,9,3,2,54.2
32,Male,Kidnapping,Bachelor's,185,18,3,4,98.1
48,Male,Fraud,Preparatory,29,7,0,0,24.7
38,Male,Burglary,Preparatory,65,8,0,0,34.2
49,Male,Theft,Postgraduate education,24,12,0,1,31.1
59,Male,Assault,Secondary,86,6,0,1,39.8
20,Male,Vandalism,Primary,20,9,2,2,56.7
40,Male,Weapons Offense,Postgraduate education,28,6,1,0,30.6
32,Male,Assault,Preparatory,33,9,2,2,65.4
40,Male,Cybercrime,Primary,37,8,3,0,46.5
31,Male,Burglary,Primary,71,13,2,0,42.0
30,Female,Fraud,Bachelor's,79,13,2,4,71.0
25,Female,Arson,Literate,65,4,0,0,39.9
21,Male,Arson,Illiterate,58,10,3,0,66.3
21,Female,Assault,Secondary,78,5,1,1,52.2
56,Male,Burglary,Secondary,41,12,5,2,64.8
24,Male,Arson,Primary,105,10,0,0,53.5
65,Male,Theft,Secondary,47,6,1,0,25.5
20,Male,Robbery,Primary,68,11,0,0,54.1
18,Female,Theft,Secondary,39,13,4,1,55.2
23,Male,Vandalism,Illiterate,7,12,2,3,79.9
59,Male,Burglary,Preparatory,48,7,0,1,42.6
47,Male,Drug Offense,Literate,47,11,3,2,68.3
58,Male,Theft,Preparatory,14,16,3,5,70.6
26,Male,Fraud,Bachelor's,52,14,4,1,61.1
34,Male,Fraud,Bachelor's,25,6,1,0,33.5
18,Female,Theft,Secondary,10,10,4,0,48.1
32,Male,Robbery,Illiterate,100,8,1,2,68.1
22,Male,Burglary,Secondary,72,12,0,1,58.3
43,Male,Weapons Offense,Primary,48,11,3,1,56.5
34,Male,Robbery,Secondary,77,13,5,0,61.4
60,Male,Drug Offense,Preparatory,69,11,2,0,45.5
58,Male,Murder,Preparatory,261,10,4,1,74.7
33,Male,Assault,Bachelor's,46,9,1,0,36.7
54,Female,Drug Offense,Primary,31,9,2,1,52.1
27,Male,Theft,Bachelor's,31,8,3,0,34.6
40,Male,Public Order,Bachelor's,24,5,1,0,21.0
56,Male,Public Order,Bachelor's,15,7,1,0,22.6
41,Male,Public Order,Literate,4,10,4,3,66.4
18,Male,Weapons Offense,Primary,66,7,0,0,54.1
53,Male,Theft,Secondary,40,8,1,0,21.6
21,Male,Assault,Preparatory,85,7,2,1,59.4
58,Male,Weapons Offense,Preparatory,85,4,0,0,28.6
20,Male,Theft,Preparatory,19,11,3,3,66.8
41,Male,Vandalism,Bachelor's,20,8,1,1,34.7
65,Male,Vandalism,Primary,20,7,2,0,26.9
60,Male,Drug Offense,Primary,80,7,2,0,46.5
35,Female,Drug Offense,Preparatory,48,16,1,1,63.1
30,Male,Theft,Preparatory,38,11,3,0,49.8
30,Female,Assault,Bachelor's,26,8,1,2,52.8
61,Male,Assault,Bachelor's,118,9,0,1,42.2
65,Male,Drug Offense,Secondary,28,9,1,2,48.7
51,Male,Sexual Offense,Preparatory,178,16,7,1,85.6
32,Male,Vandalism,Illiterate,25,8,2,0,46.5
35,Male,Fraud,Bachelor's,68,8,1,0,31.9
62,Female,Robbery,Primary,108,6,2,0,41.7
27,Male,Burglary,Illiterate,70,10,0,3,70.2
60,Male,Cybercrime,Bachelor's,33,5,0,1,28.6
63,Male,Arson,Bachelor's,87,10,2,2,57.5
34,Male,Fraud,Preparatory,71,7,2,0,37.9
51,Male,Arson,Preparatory,61,12,2,3,62.0
51,Male,Burglary,Literate,66,11,3,2,66.7
48,Male,Drug Offense,Preparatory,71,6,1,1,43.9
46,Male,Assault,Primary,54,12,2,1,60.2
25,Male,Drug Offense,Illiterate,87,9,1,1,65.4
49,Male,Public Order,Literate,14,9,1,1,42.8
34,Male,Drug Offense,Primary,82,13,3,4,86.9
50,Male,Sexual Offense,Bachelor's,127,12,2,1,60.7
63,Male,Burglary,Primary,29,7,1,0,38.3
32,Male,Robbery,Bachelor's,122,8,2,0,50.6
23,Male,Public Order,Primary,12,10,3,1,56.0
63,Male,Vandalism,Preparatory,7,10,0,2,41.1
49,Male,Assault,Secondary,85,11,3,3,76.1
61,Male,Murder,Postgraduate education,413,11,2,0,62.3
32,Male,Fraud,Secondary,12,8,0,1,33.1
61,Male,Public Order,Primary,8,7,1,1,32.7
57,Female,Robbery,Primary,43,17,7,5,100.0
21,Male,Vandalism,Secondary,15,8,0,2,47.1
23,Male,Vandalism,Illiterate,28,5,0,1,43.9
33,Male,Theft,Preparatory,25,9,3,0,42.2
57,Male,Assault,Secondary,64,8,2,0,34.6
21,Male,Cybercrime,Preparatory,6,12,2,0,52.5
43,Male,Drug Offense,Preparatory,72,15,5,2,70.8
30,Male,Drug Offense,Bachelor's,96,11,0,2,51.2
35,Female,Public Order,Secondary,6,11,0,1,33.3
33,Male,Burglary,Literate,30,9,1,1,50.2
47,Male,Drug Offense,Primary,27,8,1,2,62.8
38,Male,Cybercrime,Literate,38,20,5,5,97.0
41,Male,Arson,Postgraduate education,114,9,1,2,43.0
51,Male,Theft,Secondary,29,12,3,1,42.6
58,Female,Vandalism,Illiterate,10,9,0,0,30.5
32,Male,Murder,Secondary,215,10,1,2,77.1
58,Female,Theft,Bachelor's,47,18,8,2,67.4
52,Male,Robbery,Secondary,135,12,4,1,56.8
38,Male,Assault,Secondary,42,7,2,1,51.8
55,Male,Public Order,Illiterate,6,12,0,3,55.8
36,Male,Vandalism,Preparatory,27,14,4,3,70.9
24,Male,Theft,Bachelor's,22,9,0,1,42.4
32,Male,Assault,Illiterate,30,14,5,4,100.0
20,Male,Fraud,Secondary,22,9,0,2,56.7
64,Male,Theft,Illiterate,44,12,4,2,63.0
35,Female,Weapons Offense,Preparatory,51,8,1,1,56.2
25,Male,Vandalism,Preparatory,4,5,1,1,37.7
21,Male,Theft,Primary,27,11,0,2,52.2
22,Male,Sexual Offense,Secondary,176,12,5,1,81.3
53,Male,Burglary,Illiterate,51,8,2,1,48.3
44,Female,Vandalism,Primary,18,6,0,0,33.4
22,Male,Kidnapping,Primary,159,11,0,0,68.4
59,Male,Sexual Offense,Literate,122,9,0,1,58.7
56,Male,Weapons Offense,Illiterate,73,10,1,1,56.4
39,Male,Assault,Primary,106,13,4,2,79.7
26,Male,Burglary,Secondary,38,9,0,0,29.6
29,Male,Drug Offense,Secondary,65,5,1,0,40.5
31,Male,Public Order,Preparatory,6,7,0,0,31.3
45,Male,Fraud,Secondary,38,10,2,2,46.5
39,Male,Sexual Offense,Secondary,138,5,1,0,44.1
47,Male,Robbery,Preparatory,40,9,2,1,56.5
49,Male,Fraud,Secondary,17,11,3,1,50.7
54,Male,Public Order,Bachelor's,12,11,3,1,28.7
63,Male,Weapons Offense,Secondary,64,18,4,0,67.3
35,Male,Robbery,Bachelor's,93,6,0,0,35.4
45,Male,Weapons Offense,Secondary,54,12,4,3,73.7
29,Male,Murder,Preparatory,459,12,2,2,98.2
48,Male,Theft,Illiterate,23,5,0,1,34.6
57,Male,Assault,Literate,84,5,0,0,39.6
20,Male,Drug Offense,Illiterate,82,6,2,0,56.9
47,Male,Public Order,Illiterate,20,9,1,2,53.1
47,Male,Public Order,Primary,2,12,0,0,37.6
27,Male,Theft,Literate,47,13,5,1,69.5
60,Male,Robbery,Bachelor's,133,13,3,4,63.1
26,Male,Assault,Secondary,76,12,1,1,54.5
51,Male,Assault,Illiterate,35,10,2,2,63.0
40,Male,Assault,Primary,103,11,3,1,68.3
31,Male,Arson,Preparatory,106,11,2,2,66.4
61,Female,Drug Offense,Preparatory,86,7,0,0,28.6
44,Male,Vandalism,Primary,29,12,5,2,71.5
35,Male,Burglary,Illiterate,43,14,3,3,75.4
29,Female,Weapons Offense,Secondary,30,9,1,2,63.4
29,Male,Theft,Preparatory,17,10,0,0,38.7
54,Male,Murder,Secondary,453,9,2,0,64.9
65,Male,Drug Offense,Secondary,40,8,0,0,34.8
48,Male,Assault,Bachelor's,103,8,2,0,43.7
31,Male,Cybercrime,Secondary,27,9,2,1,43.4
22,Male,Fraud,Bachelor's,39,8,3,0,41.5
49,Male,Robbery,Bachelor's,101,7,1,0,37.3
45,Male,Weapons Offense,Bachelor's,62,16,7,5,87.2
26,Male,Assault,Preparatory,90,7,2,0,56.4
57,Male,Drug Offense,Primary,74,4,1,0,34.9
48,Male,Robbery,Secondary,141,10,3,3,66.8
41,Male,Drug Offense,Postgraduate education,89,15,4,0,52.9
24,Male,Robbery,Secondary,134,13,0,3,70.9
51,Female,Burglary,Postgraduate education,65,9,2,2,41.6
28,Male,Fraud,Bachelor's,73,7,0,0,30.1
54,Female,Theft,Primary,42,7,2,1,35.9
46,Male,Kidnapping,Bachelor's,234,9,1,1,52.2
65,Male,Public Order,Literate,18,15,3,1,55.2
65,Male,Burglary,Preparatory,33,9,3,2,50.0
35,Male,Theft,Illiterate,40,10,4,1,51.9
56,Female,Public Order,Illiterate,24,8,2,2,50.8
64,Male,Burglary,Preparatory,19,12,4,2,54.5
43,Male,Burglary,Literate,28,12,0,3,65.8
31,Male,Robbery,Bachelor's,56,6,0,1,47.9
58,Male,Assault,Secondary,25,9,0,0,37.1
45,Male,Burglary,Secondary,35,13,4,0,50.3
28,Female,Assault,Postgraduate education,102,12,5,3,80.4
58,Male,Theft,Preparatory,24,11,1,3,50.2
46,Male,Murder,Bachelor's,272,6,1,0,48.7
51,Male,Burglary,Literate,60,13,3,2,63.6
24,Female,Fraud,Literate,54,10,1,3,76.5
35,Male,Weapons Offense,Secondary,80,8,1,0,44.7
52,Male,Assault,Preparatory,63,11,2,1,46.4
42,Male,Robbery,Bachelor's,37,7,0,0,26.6
61,Male,Public Order,Primary,13,8,1,1,37.9
61,Male,Vandalism,Postgraduate education,4,11,3,3,46.6
52,Male,Burglary,Bachelor's,19,8,3,2,36.1
25,Female,Theft,Postgraduate education,21,11,0,1,32.5
61,Male,Assault,Secondary,105,11,3,3,56.5
24,Male,Fraud,Primary,56,8,0,1,48.2
48,Male,Robbery,Illiterate,80,13,5,4,100.0
64,Female,Robbery,Primary,80,7,1,0,42.4
53,Female,Assault,Secondary,87,12,3,0,47.1
42,Male,Theft,Secondary,17,11,0,3,48.3
37,Female,Robbery,Preparatory,106,6,1,0,37.4
46,Male,Theft,Secondary,39,13,4,3,64.6
46,Female,Public Order,Bachelor's,12,12,0,0,23.9
33,Male,Drug Offense,Primary,53,9,3,1,56.7
30,Male,Theft,Preparatory,45,10,0,2,47.4
49,Female,Burglary,Primary,65,13,0,1,44.0
31,Female,Fraud,Literate,64,7,0,1,47.2
23,Male,Theft,Bachelor's,13,7,1,1,37.9
61,Male,Assault,Secondary,118,10,0,2,50.3
32,Male,Drug Offense,Illiterate,68,8,0,2,57.2
39,Male,Theft,Secondary,31,5,1,1,29.8
37,Male,Vandalism,Primary,10,12,2,1,43.2
49,Male,Robbery,Illiterate,141,8,2,1,61.3
59,Male,Drug Offense,Secondary,54,3,0,0,21.9
56,Male,Drug Offense,Primary,82,12,4,0,57.3
41,Male,Arson,Illiterate,92,9,3,0,60.5
38,Male,Fraud,Primary,69,7,0,1,40.7
52,Male,Cybercrime,Secondary,52,11,0,2,41.3
34,Female,Drug Offense,Secondary,60,11,4,2,65.4
28,Male,Kidnapping,Secondary,125,8,2,2,68.4
50,Male,Sexual Offense,Postgraduate education,220,10,3,2,57.6
34,Male,Arson,Postgraduate education,75,6,0,0,27.5
28,Male,Sexual Offense,Bachelor's,239,10,1,1,62.0
61,Male,Weapons Offense,Secondary,66,8,2,2,55.0
24,Female,Theft,Preparatory,10,13,2,0,49.2
50,Male,Assault,Illiterate,69,11,2,0,49.6
65,Female,Fraud,Preparatory,40,8,0,2,37.3
57,Male,Robbery,Bachelor's,47,11,1,2,52.0
33,Male,Drug Offense,Illiterate,47,6,1,0,50.2
56,Male,Assault,Primary,113,10,2,3,71.9
45,Male,Theft,Postgraduate education,20,9,3,2,33.8
25,Male,Weapons Offense,Illiterate,38,7,0,0,49.5
61,Male,Robbery,Preparatory,138,7,0,1,45.6
48,Male,Drug Offense,Secondary,60,12,3,2,69.2
38,Male,Murder,Bachelor's,361,7,2,0,61.1
62,Female,Fraud,Secondary,49,8,3,0,37.1
61,Male,Public Order,Primary,13,13,1,2,51.6
39,Male,Drug Offense,Primary,93,11,3,3,73.2
46,Female,Drug Offense,Secondary,58,7,0,0,29.2
47,Male,Drug Offense,Literate,41,6,0,1,51.3
18,Male,Vandalism,Preparatory,8,9,1,2,50.3
57,Male,Drug Offense,Primary,33,7,0,0,38.1
55,Male,Vandalism,Primary,17,6,1,0,33.8
28,Male,Vandalism,Preparatory,36,8,0,1,36.9
49,Male,Kidnapping,Literate,156,10,2,2,77.3
58,Female,Vandalism,Secondary,22,10,2,1,42.8
24,Male,Arson,Secondary,84,6,1,1,54.1
57,Male,Robbery,Secondary,100,10,4,2,61.7
31,Male,Theft,Primary,16,13,2,3,67.7
55,Male,Theft,Primary,25,15,3,2,57.0
34,Male,Theft,Postgraduate education,40,6,2,0,28.9
48,Male,Kidnapping,Preparatory,159,14,6,4,100.0
55,Male,Theft,Bachelor's,45,10,1,3,40.9
46,Male,Kidnapping,Secondary,131,9,0,1,58.8
53,Male,Assault,Literate,79,17,3,4,86.9
45,Male,Sexual Offense,Secondary,129,4,0,0,37.9
63,Male,Weapons Offense,Bachelor's,59,15,0,0,42.9
22,Female,Fraud,Preparatory,72,8,3,2,62.6
30,Female,Weapons Offense,Secondary,94,8,0,2,59.1
63,Male,Assault,Illiterate,72,17,4,3,93.7
28,Male,Drug Offense,Primary,35,11,3,1,56.0
45,Male,Theft,Primary,38,9,0,0,32.5
32,Male,Burglary,Literate,66,8,3,2,61.7
44,Male,Public Order,Bachelor's,16,4,1,0,14.0
64,Male,Vandalism,Secondary,4,11,3,1,40.9
18,Male,Assault,Secondary,50,13,1,1,66.1
50,Female,Murder,Literate,373,11,2,1,80.0
56,Male,Murder,Literate,247,7,0,1,64.5
28,Male,Burglary,Secondary,29,14,6,1,65.8
30,Female,Burglary,Secondary,24,12,2,2,65.0
27,Male,Assault,Primary,52,14,3,1,87.2
51,Male,Fraud,Bachelor's,76,16,1,5,64.7
55,Male,Drug Offense,Primary,73,7,1,1,42.2
51,Male,Cybercrime,Secondary,9,8,3,0,29.5
36,Male,Fraud,Preparatory,19,7,0,1,36.8
36,Male,Vandalism,Secondary,18,11,2,0,34.9
50,Male,Assault,Primary,76,7,0,1,48.6
44,Male,Murder,Preparatory,222,10,0,3,72.9
40,Male,Assault,Bachelor's,80,12,5,0,57.2
44,Male,Assault,Preparatory,112,6,1,1,59.2
20,Female,Robbery,Secondary,43,7,1,1,52.0
54,Male,Cybercrime,Secondary,40,10,0,1,32.1
55,Male,Fraud,Illiterate,72,19,4,1,69.0
57,Male,Theft,Literate,31,7,2,1,33.6
51,Female,Drug Offense,Preparatory,93,8,0,2,43.7
42,Male,Theft,Preparatory,42,8,3,0,39.3
60,Male,Vandalism,Bachelor's,12,16,2,5,56.9
52,Male,Assault,Bachelor's,86,6,1,1,37.1
58,Male,Murder,Bachelor's,358,11,0,2,71.4
43,Male,Robbery,Secondary,106,12,3,2,67.3
19,Male,Weapons Offense,Primary,84,9,2,2,69.8
24,Female,Robbery,Literate,46,16,2,4,100.0
60,Male,Burglary,Secondary,40,7,0,1,36.3
45,Male,Vandalism,Illiterate,36,3,0,0,27.7
32,Male,Assault,Secondary,59,13,4,3,80.3
25,Male,Assault,Secondary,92,13,5,3,80.1
48,Male,Burglary,Illiterate,38,17,7,1,90.0
41,Male,Theft,Preparatory,39,9,1,0,36.4
38,Male,Assault,Primary,71,9,1,1,54.8
38,Female,Fraud,Preparatory,62,12,5,3,68.1
34,Male,Robbery,Bachelor's,81,12,3,3,68.1
47,Male,Arson,Secondary,115,13,3,2,64.5
21,Male,Assault,Secondary,120,8,1,2,65.0
35,Male,Theft,Primary,45,11,2,0,41.7
31,Female,Murder,Illiterate,449,16,2,0,92.6
62,Male,Sexual Offense,Secondary,180,11,1,2,63.1
43,Male,Drug Offense,Bachelor's,84,9,1,0,42.7
37,Male,Sexual Offense,Primary,136,8,1,1,56.9
23,Female,Vandalism,Preparatory,8,6,0,1,42.0
39,Male,Weapons Offense,Preparatory,36,13,4,0,56.7
49,Male,Fraud,Preparatory,36,5,0,1,36.2
23,Male,Fraud,Primary,62,9,3,0,61.5
64,Male,Theft,Secondary,34,14,3,3,61.1
42,Male,Burglary,Postgraduate education,66,13,3,1,44.8
32,Male,Sexual Offense,Preparatory,191,7,0,0,57.3
22,Male,Sexual Offense,Illiterate,161,10,0,0,70.0
39,Male,Assault,Preparatory,91,8,2,2,65.7
55,Male,Drug Offense,Primary,17,9,2,0,40.3
52,Male,Theft,Preparatory,39,7,0,0,22.1
35,Male,Theft,Illiterate,45,8,0,2,49.9
21,Male,Murder,Preparatory,469,7,2,1,84.5
35,Male,Arson,Primary,107,6,0,1,45.7
43,Male,Assault,Bachelor's,27,8,2,2,53.0
51,Male,Drug Offense,Primary,62,13,2,0,51.5
20,Male,Murder,Preparatory,461,12,4,3,100.0
45,Male,Sexual Offense,Illiterate,161,7,1,0,65.9
35,Male,Arson,Bachelor's,112,6,2,1,40.6
55,Female,Vandalism,Primary,31,9,3,2,43.6
21,Male,Public Order,Secondary,4,5,1,0,32.2
42,Male,Drug Offense,Preparatory,18,9,0,0,41.3
37,Male,Drug Offense,Preparatory,23,8,2,1,55.0
60,Male,Assault,Primary,26,7,1,0,37.7
52,Male,Burglary,Preparatory,32,5,1,0,28.8
27,Male,Fraud,Primary,66,13,5,4,92.3
56,Male,Murder,Literate,471,8,2,2,87.8
65,Male,Sexual Offense,Bachelor's,108,14,4,4,90.1
58,Female,Burglary,Preparatory,29,14,5,3,72.8
18,Male,Cybercrime,Preparatory,10,13,0,3,69.9
47,Male,Assault,Primary,67,4,1,0,42.7
64,Male,Murder,Primary,282,11,4,1,76.9
36,Male,Fraud,Illiterate,82,7,1,0,41.4
59,Male,Cybercrime,Preparatory,47,19,5,0,59.9
26,Female,Drug Offense,Literate,23,6,1,0,42.8
44,Female,Cybercrime,Literate,11,8,2,2,48.0
43,Male,Drug Offense,Primary,68,5,0,1,43.0
57,Female,Vandalism,Secondary,20,3,0,0,5.8
22,Male,Vandalism,Illiterate,11,10,3,1,58.1
50,Male,Robbery,Bachelor's,57,13,1,4,64.6
21,Male,Drug Offense,Bachelor's,14,5,1,0,41.4
50,Male,Assault,Illiterate,118,6,2,0,58.6
52,Male,Theft,Bachelor's,34,15,3,5,65.3
49,Male,Murder,Preparatory,213,12,2,1,83.7
57,Male,Public Order,Literate,10,8,0,2,43.7
37,Male,Weapons Offense,Preparatory,86,7,2,0,46.0
47,Male,Drug Offense,Postgraduate education,85,12,5,2,71.0
21,Male,Sexual Offense,Bachelor's,230,10,1,0,62.9
37,Male,Murder,Bachelor's,189,10,2,2,72.2
18,Male,Fraud,Secondary,61,12,5,0,66.4
56,Male,Drug Offense,Primary,87,10,0,1,46.2
50,Male,Burglary,Illiterate,50,5,1,0,35.8
53,Female,Drug Offense,Preparatory,53,7,1,1,38.1
55,Male,Burglary,Preparatory,23,13,4,2,51.9
44,Male,Weapons Offense,Preparatory,81,16,2,5,92.2
22,Female,Public Order,Preparatory,18,9,0,2,53.4
55,Male,Assault,Illiterate,91,11,2,2,69.6
48,Male,Fraud,Secondary,71,7,0,1,34.5
50,Male,Burglary,Bachelor's,55,9,2,0,30.2
65,Male,Weapons Offense,Primary,81,8,1,2,56.0
64,Male,Kidnapping,Secondary,239,9,0,0,50.0
42,Male,Weapons Offense,Bachelor's,66,12,0,0,41.8
65,Male,Fraud,Primary,48,8,3,2,53.4
57,Male,Drug Offense,Primary,31,13,0,0,47.6
59,Male,Theft,Secondary,5,8,0,0,19.3
54,Male,Vandalism,Illiterate,24,14,6,4,88.9
59,Male,Fraud,Primary,51,16,1,2,58.7
53,Male,Assault,Secondary,36,8,1,2,51.6
27,Male,Murder,Preparatory,456,8,3,2,86.8
49,Male,Weapons Offense,Preparatory,69,14,2,2,67.6
44,Male,Vandalism,Bachelor's,3,5,1,1,32.0
40,Male,Assault,Primary,25,9,2,1,59.6
37,Female,Burglary,Bachelor's,21,6,1,0,31.9
35,Male,Arson,Literate,41,7,0,0,39.9
32,Male,Murder,Bachelor's,307,12,3,1,84.6
64,Male,Drug Offense,Secondary,59,8,3,1,43.1
36,Female,Vandalism,Preparatory,14,10,3,1,46.1
58,Male,Burglary,Secondary,48,14,2,3,58.9
37,Male,Assault,Bachelor's,48,9,3,1,49.9
52,Male,Drug Offense,Bachelor's,35,12,5,1,56.4
23,Male,Fraud,Secondary,54,12,2,0,52.2
48,Male,Assault,Illiterate,46,11,0,1,66.7
36,Male,Vandalism,Illiterate,21,14,2,0,48.0
30,Male,Theft,Secondary,20,9,2,1,40.3
51,Male,Weapons Offense,Bachelor's,45,9,2,1,45.8
24,Male,Murder,Bachelor's,466,11,1,0,77.6
37,Male,Kidnapping,Secondary,132,5,1,1,48.9
41,Male,Kidnapping,Literate,220,10,4,1,71.8
64,Female,Public Order,Preparatory,18,8,2,0,29.4
39,Male,Murder,Preparatory,367,10,4,1,78.2
39,Male,Theft,Secondary,39,14,2,1,47.9
28,Male,Kidnapping,Bachelor's,283,13,5,3,87.3
58,Male,Drug Offense,Illiterate,32,13,0,4,66.4
49,Male,Drug Offense,Secondary,59,11,1,1,52.9
50,Male,Drug Offense,Primary,55,13,0,1,45.9
54,Male,Arson,Bachelor's,73,14,6,3,78.7
24,Female,Theft,Literate,14,12,2,3,80.7
24,Male,Robbery,Bachelor's,49,8,3,2,70.2
43,Male,Assault,Bachelor's,101,11,0,3,56.8
49,Male,Public Order,Bachelor's,21,10,2,0,29.4
28,Male,Theft,Primary,22,11,2,0,43.7
26,Male,Drug Offense,Primary,94,7,1,0,45.5
35,Female,Assault,Preparatory,50,9,1,0,43.4
47,Male,Theft,Preparatory,37,7,2,0,38.5
19,Male,Theft,Secondary,41,5,1,1,39.5
27,Male,Robbery,Preparatory,115,7,1,0,43.3
39,Male,Drug Offense,Primary,39,5,0,0,37.5
21,Male,Drug Offense,Postgraduate education,25,8,2,2,56.1
62,Male,Robbery,Secondary,62,11,2,3,63.2
48,Male,Murder,Secondary,385,7,2,0,58.5
35,Male,Burglary,Secondary,35,14,4,2,56.8
42,Male,Assault,Secondary,100,6,1,0,42.1
22,Male,Arson,Secondary,111,15,3,1,75.7
46,Male,Robbery,Literate,114,6,2,1,50.2
35,Male,Theft,Postgraduate education,31,8,3,0,30.8
61,Male,Vandalism,Secondary,28,4,1,0,27.4
19,Male,Theft,Illiterate,18,10,1,2,64.1
24,Male,Assault,Preparatory,91,11,2,0,61.4
21,Male,Vandalism,Secondary,17,9,3,2,51.2
63,Male,Drug Offense,Literate,85,9,1,0,42.8
20,Male,Theft,Preparatory,34,14,3,3,68.0
58,Male,Vandalism,Illiterate,23,6,2,1,40.7
42,Male,Weapons Offense,Preparatory,59,12,4,2,68.5
52,Female,Cybercrime,Secondary,39,4,0,0,13.7
22,Male,Weapons Offense,Primary,28,11,1,1,65.6
62,Male,Sexual Offense,Secondary,188,7,1,0,48.6
40,Male,Cybercrime,Illiterate,58,15,1,1,56.6
19,Male,Cybercrime,Literate,58,6,0,0,38.5
50,Male,Theft,Secondary,22,14,5,3,61.8
20,Male,Public Order,Primary,14,12,1,2,63.5
39,Male,Theft,Secondary,35,13,1,4,58.0
28,Male,Burglary,Postgraduate education,47,7,2,1,38.0
44,Male,Vandalism,Illiterate,10,10,4,2,71.1
43,Male,Fraud,Primary,19,11,1,1,51.5
53,Male,Cybercrime,Primary,27,11,2,1,44.2
39,Male,Cybercrime,Postgraduate education,49,7,0,1,23.3
21,Male,Robbery,Secondary,100,10,3,0,59.1
41,Male,Murder,Illiterate,305,8,0,0,68.8
48,Female,Cybercrime,Preparatory,16,10,4,2,62.2
49,Male,Burglary,Primary,65,17,5,4,91.4
23,Male,Theft,Postgraduate education,15,13,1,0,36.4
64,Male,Fraud,Bachelor's,84,10,3,1,43.2
27,Male,Arson,Preparatory,90,7,0,0,41.9
28,Male,Fraud,Secondary,80,10,3,0,48.3
38,Female,Robbery,Preparatory,89,8,0,1,44.4
18,Male,Assault,Bachelor's,38,5,0,1,51.2
46,Male,Cybercrime,Illiterate,44,7,2,1,56.0
42,Male,Weapons Offense,Literate,89,9,2,0,52.4
35,Female,Fraud,Secondary,16,8,0,0,29.5
43,Male,Vandalism,Postgraduate education,24,8,0,1,21.1
56,Male,Vandalism,Secondary,17,16,7,4,73.3
23,Female,Public Order,Preparatory,4,15,2,4,63.5
58,Male,Assault,Postgraduate education,89,9,0,1,34.5
59,Male,Cybercrime,Literate,33,13,3,3,56.2
64,Male,Murder,Preparatory,211,9,1,2,62.5
39,Female,Theft,Postgraduate education,35,7,2,1,30.8
24,Male,Assault,Secondary,37,12,0,3,73.9
27,Male,Theft,Preparatory,16,7,1,0,40.3
50,Male,Murder,Postgraduate education,364,8,0,2,55.9
52,Male,Robbery,Illiterate,52,9,1,0,55.2
51,Male,Theft,Illiterate,9,16,3,4,78.1
64,Male,Public Order,Bachelor's,20,14,2,4,47.2
47,Male,Vandalism,Postgraduate education,15,6,1,1,25.6
61,Male,Theft,Secondary,5,4,1,0,15.4
63,Male,Kidnapping,Secondary,183,14,6,4,97.1
46,Male,Vandalism,Literate,5,12,3,3,58.2
53,Male,Theft,Literate,31,10,2,0,41.1
29,Male,Assault,Preparatory,111,14,4,0,79.3
62,Female,Fraud,Preparatory,79,14,6,1,72.0
45,Male,Theft,Secondary,45,13,3,1,51.0
42,Male,Arson,Preparatory,113,12,1,3,72.3
39,Male,Theft,Secondary,19,9,1,1,35.9
53,Male,Vandalism,Preparatory,25,13,1,1,48.2
53,Male,Robbery,Bachelor's,80,6,2,1,28.6
59,Female,Theft,Bachelor's,45,7,2,1,25.1
30,Male,Drug Offense,Literate,71,12,5,2,82.7
33,Female,Burglary,Bachelor's,57,14,1,4,66.4
60,Male,Assault,Primary,85,8,2,0,48.2
49,Male,Theft,Secondary,25,9,0,2,46.0
63,Female,Drug Offense,Secondary,55,8,0,0,26.2
29,Male,Burglary,Preparatory,50,8,0,1,39.2
41,Male,Robbery,Preparatory,99,8,1,0,35.8
37,Male,Weapons Offense,Primary,37,10,3,2,74.0
51,Male,Fraud,Literate,59,6,1,1,32.4
50,Male,Robbery,Primary,79,8,3,2,48.1
55,Male,Theft,Secondary,9,6,0,0,14.5
33,Male,Murder,Illiterate,323,14,5,1,100.0
44,Male,Assault,Primary,89,9,0,2,50.7
21,Male,Drug Offense,Secondary,53,7,1,0,38.9
32,Male,Burglary,Literate,27,6,0,0,39.7
46,Male,Assault,Primary,90,8,2,2,62.4
49,Male,Murder,Secondary,464,10,2,1,83.4
38,Male,Robbery,Primary,136,14,0,4,81.9
25,Male,Assault,Secondary,32,12,4,2,71.0
21,Male,Sexual Offense,Bachelor's,221,10,2,1,66.6
36,Male,Weapons Offense,Secondary,96,15,2,4,79.8
52,Male,Drug Offense,Preparatory,18,8,0,1,32.9
37,Male,Sexual Offense,Illiterate,236,6,1,1,65.3
59,Male,Assault,Primary,40,11,2,2,62.6
52,Male,Drug Offense,Bachelor's,60,9,2,0,29.6
50,Male,Kidnapping,Primary,149,4,0,0,47.4
60,Female,Public Order,Secondary,14,8,0,2,29.5
65,Male,Fraud,Illiterate,61,12,0,1,56.2
50,Male,Drug Offense,Primary,74,10,0,2,52.8
61,Male,Burglary,Illiterate,19,8,2,1,50.5
54,Male,Vandalism,Literate,10,9,0,1,35.1
50,Male,Vandalism,Secondary,5,12,4,3,57.0
50,Male,Robbery,Secondary,80,15,2,4,70.5
23,Male,Sexual Offense,Secondary,205,9,0,1,56.6
31,Male,Weapons Offense,Primary,82,5,0,0,45.1
47,Male,Arson,Secondary,93,6,0,0,34.1
55,Male,Theft,Primary,25,12,1,0,37.4
50,Male,Public Order,Secondary,7,11,1,1,27.6
30,Male,Robbery,Primary,97,14,6,4,97.1
60,Male,Murder,Secondary,458,12,1,1,72.4
49,Male,Drug Offense,Bachelor's,51,13,3,4,75.5
29,Male,Theft,Primary,24,8,3,2,58.3
60,Male,Theft,Secondary,48,18,7,0,55.3
49,Male,Sexual Offense,Literate,164,12,3,1,76.0
19,Male,Burglary,Secondary,19,16,5,0,68.1
50,Male,Assault,Preparatory,99,11,4,3,73.5
27,Female,Assault,Secondary,111,10,2,3,65.5
42,Male,Assault,Secondary,38,6,0,0,34.1
34,Female,Theft,Preparatory,28,13,5,4,85.2
53,Female,Vandalism,Illiterate,23,13,0,3,64.9
24,Male,Theft,Literate,20,9,3,2,67.7
61,Male,Drug Offense,Preparatory,14,9,0,1,33.3
38,Male,Assault,Primary,96,3,0,0,41.0
26,Male,Theft,Preparatory,40,10,3,2,54.9
40,Male,Theft,Bachelor's,12,13,2,1,43.1
21,Male,Vandalism,Postgraduate education,9,9,0,1,34.0
46,Male,Fraud,Bachelor's,51,12,3,0,41.0
62,Male,Assault,Illiterate,45,21,6,2,94.9
63,Male,Fraud,Secondary,80,5,1,0,17.9
63,Male,Vandalism,Bachelor's,12,6,1,0,13.7
63,Male,Assault,Secondary,86,5,0,1,37.7
24,Male,Robbery,Preparatory,83,5,0,0,44.0
21,Male,Assault,Secondary,61,10,1,0,49.7
57,Male,Vandalism,Secondary,4,11,1,3,44.8
56,Male,Theft,Literate,47,9,2,0,38.2
55,Female,Theft,Preparatory,27,17,6,3,69.0
46,Male,Assault,Illiterate,85,9,3,1,70.7
39,Male,Vandalism,Primary,4,6,0,1,38.9
42,Male,Assault,Preparatory,102,12,0,1,53.7
35,Male,Fraud,Bachelor's,73,8,3,2,52.4
20,Male,Burglary,Secondary,44,10,0,2,50.3
49,Male,Vandalism,Secondary,7,7,1,1,34.4
24,Male,Vandalism,Primary,5,12,1,2,55.4
25,Male,Theft,Primary,38,11,1,3,58.4
48,Female,Burglary,Literate,43,11,2,1,51.6
35,Male,Weapons Offense,Bachelor's,65,6,2,0,46.9
27,Male,Theft,Primary,36,14,4,2,69.5
35,Male,Theft,Bachelor's,38,6,0,1,35.6
51,Male,Robbery,Preparatory,43,8,3,1,54.3
25,Male,Weapons Offense,Preparatory,81,10,4,0,58.2
63,Male,Fraud,Bachelor's,32,13,0,2,47.3
38,Male,Drug Offense,Secondary,50,11,1,2,53.0
26,Male,Drug Offense,Illiterate,57,12,5,0,70.4
29,Female,Weapons Offense,Bachelor's,96,11,3,1,65.6
55,Male,Drug Offense,Secondary,44,8,0,0,39.2
30,Female,Theft,Illiterate,44,12,5,3,83.1
19,Male,Vandalism,Secondary,29,15,0,1,51.7
64,Male,Drug Offense,Postgraduate education,76,10,4,1,49.8
37,Male,Murder,Illiterate,381,4,1,0,66.6
39,Male,Fraud,Primary,36,10,3,1,49.8
38,Male,Robbery,Secondary,87,6,1,0,32.8
19,Male,Public Order,Primary,18,6,1,1,51.6
55,Female,Assault,Primary,92,12,5,3,78.0
43,Female,Assault,Literate,24,10,2,1,62.5
44,Male,Kidnapping,Bachelor's,214,15,3,2,83.6
47,Male,Murder,Preparatory,464,15,1,5,100.0
31,Male,Theft,Bachelor's,31,10,3,3,64.2
21,Male,Burglary,Primary,66,10,1,1,65.1
31,Male,Theft,Illiterate,13,4,0,0,36.7
38,Male,Cybercrime,Secondary,30,7,1,0,22.4
39,Male,Burglary,Preparatory,55,8,3,0,45.0
30,Female,Theft,Preparatory,46,5,0,0,26.7
27,Male,Sexual Offense,Primary,161,15,1,3,84.2
64,Female,Fraud,Preparatory,46,10,2,1,39.4
42,Male,Kidnapping,Preparatory,232,10,4,0,75.6
24,Male,Theft,Primary,9,8,0,0,42.8
32,Male,Burglary,Primary,40,14,5,2,73.6
33,Female,Burglary,Secondary,40,10,2,3,56.0
52,Male,Burglary,Preparatory,35,13,1,2,52.4
29,Male,Fraud,Secondary,45,12,0,2,52.3
57,Male,Burglary,Preparatory,41,7,0,1,34.0
63,Male,Theft,Primary,43,8,2,0,33.2
37,Male,Drug Offense,Preparatory,84,10,4,1,59.5
25,Male,Burglary,Preparatory,69,8,1,1,54.1
31,Male,Robbery,Secondary,80,21,6,2,87.7
22,Male,Theft,Primary,6,8,3,0,46.1
35,Male,Robbery,Literate,49,2,0,0,39.0
65,Female,Cybercrime,Postgraduate education,20,13,5,4,60.6
63,Female,Fraud,Bachelor's,21,12,5,2,55.0
30,Male,Assault,Secondary,104,14,0,3,66.9
52,Male,Fraud,Bachelor's,52,10,3,3,46.5
19,Female,Drug Offense,Preparatory,56,12,2,0,59.8
60,Male,Drug Offense,Secondary,89,13,4,3,64.5
18,Male,Theft,Literate,37,9,0,0,46.1
24,Male,Vandalism,Preparatory,24,11,0,2,53.1
53,Female,Burglary,Bachelor's,46,8,1,0,30.5
27,Male,Assault,Illiterate,29,8,0,1,64.3
50,Female,Public Order,Preparatory,18,16,4,5,77.8
20,Male,Assault,Primary,55,10,2,1,65.5
35,Male,Drug Offense,Primary,33,16,1,2,67.8
65,Female,Burglary,Illiterate,25,18,1,0,57.1
20,Male,Burglary,Preparatory,52,10,2,0,48.3
24,Male,Theft,Literate,20,9,0,1,36.0
60,Male,Vandalism,Preparatory,14,11,1,0,37.2
62,Male,Weapons Offense,Bachelor's,69,10,1,0,37.7
62,Male,Drug Offense,Secondary,83,6,1,1,38.5
32,Male,Sexual Offense,Illiterate,116,16,3,1,89.1
31,Male,Murder,Postgraduate education,439,11,1,3,76.5
33,Male,Cybercrime,Primary,24,9,1,1,48.8
45,Male,Fraud,Primary,44,6,1,0,35.1
18,Male,Arson,Literate,97,7,1,1,57.2
35,Male,Fraud,Illiterate,45,10,3,1,59.9
48,Male,Burglary,Primary,67,12,2,3,66.5
31,Male,Cybercrime,Preparatory,16,19,3,3,73.8
64,Female,Assault,Secondary,100,9,0,1,46.9
61,Male,Vandalism,Illiterate,11,15,1,3,63.3
37,Female,Robbery,Secondary,73,13,0,3,69.1
49,Male,Assault,Secondary,37,10,0,1,49.0
19,Male,Assault,Secondary,95,7,2,0,52.5
56,Male,Fraud,Secondary,75,9,0,0,22.7
52,Male,Public Order,Preparatory,20,10,2,0,35.7
21,Male,Weapons Offense,Secondary,93,10,4,3,88.1
30,Male,Weapons Offense,Preparatory,72,13,0,3,70.6
39,Male,Fraud,Secondary,63,13,4,3,74.3
31,Male,Burglary,Secondary,20,13,4,1,53.6
47,Male,Fraud,Preparatory,39,8,3,1,55.9
24,Male,Murder,Literate,234,11,3,3,99.5
30,Male,Burglary,Secondary,60,10,3,2,65.9
21,Male,Theft,Bachelor's,21,8,2,2,49.2
43,Female,Cybercrime,Postgraduate education,16,8,0,0,20.3
28,Male,Robbery,Preparatory,138,14,4,3,82.1
59,Male,Drug Offense,Bachelor's,37,10,0,0,36.8
60,Female,Sexual Offense,Preparatory,240,15,6,1,86.1
24,Male,Fraud,Secondary,37,9,2,0,42.1
30,Male,Vandalism,Postgraduate education,23,10,2,1,39.1
62,Male,Burglary,Primary,39,5,1,0,26.1
47,Male,Burglary,Secondary,62,9,0,2,46.8
37,Male,Cybercrime,Bachelor's,37,8,1,2,42.8
41,Male,Murder,Primary,441,9,1,2,87.2
41,Male,Robbery,Postgraduate education,67,4,0,0,29.3
64,Male,Vandalism,Preparatory,6,9,2,2,42.6
53,Male,Robbery,Secondary,131,9,2,0,46.6
36,Male,Burglary,Secondary,65,12,3,1,47.5
40,Male,Drug Offense,Preparatory,48,8,3,2,58.9
61,Male,Assault,Secondary,96,13,4,1,59.1
39,Female,Robbery,Primary,132,12,1,3,63.2
56,Male,Theft,Secondary,13,3,0,0,12.3
53,Male,Public Order,Secondary,11,11,0,3,36.8
57,Male,Theft,Literate,31,13,5,0,51.4
23,Female,Drug Offense,Preparatory,21,5,0,1,46.3
56,Male,Assault,Bachelor's,120,14,1,4,67.0
32,Male,Murder,Literate,430,7,0,1,75.5
55,Male,Vandalism,Illiterate,4,7,1,0,33.2
62,Male,Theft,Bachelor's,7,17,5,2,59.0
38,Male,Theft,Illiterate,19,12,3,1,49.7
59,Male,Vandalism,Secondary,4,13,3,3,56.9
40,Male,Theft,Primary,27,5,1,0,33.6
33,Male,Kidnapping,Secondary,212,8,3,2,83.4
59,Male,Theft,Preparatory,28,6,2,1,29.3
41,Male,Weapons Offense,Secondary,30,11,3,1,51.9
24,Male,Theft,Illiterate,33,18,0,1,73.9
52,Female,Drug Offense,Bachelor's,73,8,0,1,38.9
44,Male,Drug Offense,Bachelor's,87,14,6,4,86.6
55,Male,Fraud,Primary,45,13,3,2,57.0
47,Male,Fraud,Preparatory,20,9,1,2,48.9
29,Male,Drug Offense,Literate,81,8,0,1,63.7
65,Male,Theft,Literate,14,12,5,2,57.8
50,Male,Burglary,Literate,45,5,1,0,35.4
55,Male,Fraud,Preparatory,20,11,3,1,47.2
51,Female,Drug Offense,Primary,38,11,4,3,70.2
20,Male,Robbery,Secondary,108,9,3,0,56.1
22,Male,Burglary,Secondary,14,9,0,1,48.3
19,Male,Sexual Offense,Secondary,219,9,3,1,72.3
52,Male,Assault,Illiterate,36,16,0,1,62.5
38,Male,Weapons Offense,Secondary,57,7,2,0,40.0
31,Male,Fraud,Secondary,65,17,3,1,67.9
44,Female,Assault,Secondary,120,14,6,1,64.7
48,Male,Drug Offense,Postgraduate education,43,8,2,1,37.3
65,Male,Vandalism,Bachelor's,5,12,0,2,37.7
48,Male,Murder,Secondary,394,10,0,2,79.4
48,Male,Robbery,Bachelor's,108,7,2,0,39.9
56,Male,Theft,Secondary,33,8,3,1,30.9
34,Male,Burglary,Primary,62,9,3,1,55.1
54,Male,Cybercrime,Secondary,29,12,0,2,32.4
41,Male,Theft,Preparatory,25,7,1,1,40.8
21,Male,Burglary,Primary,29,11,0,3,74.2
52,Male,Assault,Bachelor's,38,7,0,1,32.9
58,Male,Assault,Preparatory,76,9,2,2,58.0
27,Male,Burglary,Primary,21,7,0,0,39.5
54,Male,Vandalism,Bachelor's,8,6,0,1,22.6
31,Male,Burglary,Literate,43,4,0,0,36.6
27,Female,Vandalism,Primary,24,7,0,1,36.9
28,Male,Weapons Offense,Primary,61,10,2,0,60.1
51,Male,Robbery,Secondary,58,5,1,0,36.2
63,Male,Burglary,Bachelor's,19,11,1,2,46.5
24,Male,Fraud,Secondary,24,4,0,0,29.5
37,Male,Theft,Bachelor's,25,9,0,0,22.5
34,Male,Theft,Bachelor's,21,13,4,3,69.3
65,Male,Assault,Bachelor's,112,11,1,0,42.0
21,Male,Weapons Offense,Primary,58,9,0,2,63.2
31,Male,Theft,Literate,16,14,1,0,51.0
50,Female,Theft,Illiterate,22,14,0,4,66.3
36,Male,Robbery,Primary,47,11,3,3,74.9
23,Female,Theft,Bachelor's,41,8,0,1,42.1
63,Male,Burglary,Preparatory,14,9,1,0,32.6
40,Male,Assault,Secondary,42,4,1,0,37.7
57,Male,Burglary,Primary,53,11,4,3,78.0
39,Male,Assault,Bachelor's,99,10,4,3,77.7
37,Male,Theft,Literate,35,9,1,2,46.5
52,Male,Robbery,Primary,132,9,2,0,48.4
55,Male,Murder,Postgraduate education,298,8,0,2,56.9
32,Male,Robbery,Secondary,90,8,1,0,41.6
55,Male,Assault,Preparatory,115,12,1,2,63.8
29,Male,Assault,Illiterate,86,13,2,0,76.3
33,Male,Weapons Offense,Primary,34,8,3,2,72.4
63,Male,Assault,Primary,81,5,0,0,36.8
53,Male,Assault,Preparatory,118,12,0,3,62.1
40,Female,Murder,Secondary,238,11,0,1,60.8
58,Male,Robbery,Preparatory,87,7,1,1,45.0
59,Male,Theft,Preparatory,32,11,2,0,32.1
39,Female,Sexual Offense,Secondary,199,8,2,2,63.3
53,Male,Theft,Illiterate,13,5,0,0,26.9
39,Male,Drug Offense,Secondary,33,10,1,1,40.0
57,Male,Assault,Preparatory,97,8,0,2,53.6
56,Male,Arson,Primary,102,7,2,0,40.1
54,Male,Fraud,Secondary,37,9,0,2,33.6
26,Female,Assault,Postgraduate education,26,12,5,1,64.2
39,Male,Cybercrime,Postgraduate education,40,14,3,2,50.7
58,Male,Robbery,Secondary,36,7,1,1,38.2
31,Male,Theft,Secondary,23,8,3,0,36.8
38,Male,Cybercrime,Preparatory,59,10,3,2,51.9
26,Male,Drug Offense,Illiterate,33,9,1,2,59.2
65,Male,Murder,Preparatory,243,9,3,0,66.2
27,Male,Theft,Preparatory,38,9,0,1,39.5
52,Male,Vandalism,Secondary,13,11,2,1,32.5
56,Male,Drug Offense,Bachelor's,61,10,3,0,31.4
63,Male,Theft,Bachelor's,25,11,0,1,23.4
60,Male,Robbery,Preparatory,63,14,6,2,78.1
21,Male,Theft,Bachelor's,5,12,1,2,50.2
33,Male,Public Order,Illiterate,15,9,0,0,42.6
35,Female,Burglary,Secondary,15,11,3,0,41.0
18,Male,Theft,Primary,11,7,0,0,30.4
51,Male,Drug Offense,Literate,90,6,2,1,44.7
61,Male,Vandalism,Secondary,31,14,6,0,48.0
34,Male,Arson,Postgraduate education,87,11,1,0,41.6
57,Male,Theft,Preparatory,37,9,0,1,36.3
42,Male,Theft,Preparatory,17,10,4,2,57.4
34,Male,Fraud,Secondary,72,14,6,2,72.1
18,Male,Theft,Preparatory,6,9,1,1,46.6
41,Male,Assault,Bachelor's,99,12,5,0,58.9
51,Male,Arson,Preparatory,37,11,3,1,53.8
24,Male,Sexual Offense,Literate,181,12,1,3,97.0
50,Male,Burglary,Primary,55,6,2,0,39.1
20,Male,Burglary,Primary,35,9,2,2,65.7
26,Male,Fraud,Secondary,53,11,2,3,68.0
30,Male,Theft,Secondary,46,9,3,1,40.4
23,Male,Assault,Bachelor's,118,12,3,1,69.2
37,Male,Burglary,Illiterate,50,16,1,4,76.7
21,Female,Kidnapping,Secondary,144,13,1,3,88.1
23,Male,Robbery,Illiterate,48,11,2,2,77.8
64,Male,Vandalism,Primary,19,6,0,1,30.7
43,Male,Assault,Bachelor's,104,8,1,1,48.6
54,Male,Burglary,Preparatory,65,10,4,1,52.8
55,Female,Weapons Offense,Preparatory,44,6,0,1,41.5
43,Male,Assault,Secondary,64,14,4,0,58.6
34,Male,Murder,Secondary,393,7,2,1,77.0
56,Female,Murder,Secondary,475,10,1,2,79.5
62,Female,Drug Offense,Secondary,20,15,1,4,66.7
48,Female,Theft,Illiterate,26,10,0,2,58.5
56,Male,Murder,Preparatory,184,10,4,0,62.2
46,Male,Robbery,Bachelor's,121,12,0,0,39.3
34,Female,Drug Offense,Preparatory,30,11,1,0,49.6
23,Male,Weapons Offense,Secondary,51,6,2,1,56.1
53,Male,Theft,Preparatory,3,10,0,2,44.0
40,Male,Sexual Offense,Secondary,136,10,3,0,63.8
19,Male,Robbery,Primary,133,11,1,2,73.8
27,Male,Weapons Offense,Secondary,71,8,0,0,39.5
27,Male,Burglary,Bachelor's,48,8,0,0,31.2
29,Female,Robbery,Literate,42,11,0,3,74.8
58,Female,Theft,Literate,43,10,4,3,62.6
40,Male,Sexual Offense,Primary,141,12,1,0,63.0
58,Male,Theft,Secondary,33,7,2,1,32.7
53,Male,Assault,Literate,56,10,3,2,75.1
24,Female,Robbery,Preparatory,64,10,4,3,77.6
30,Male,Assault,Secondary,114,7,2,1,51.5
65,Male,Robbery,Secondary,39,7,0,0,35.3
38,Male,Drug Offense,Secondary,74,9,2,2,55.5
41,Male,Robbery,Bachelor's,98,6,0,0,40.0
28,Male,Drug Offense,Secondary,84,7,1,0,36.4
50,Male,Robbery,Illiterate,142,14,4,0,67.8
20,Male,Fraud,Preparatory,67,6,2,1,51.7
57,Male,Vandalism,Preparatory,20,9,1,2,37.7
60,Male,Burglary,Secondary,12,13,1,0,33.3
23,Male,Drug Offense,Illiterate,58,8,2,2,65.8
22,Male,Arson,Secondary,50,8,0,0,44.0
46,Male,Robbery,Bachelor's,101,9,1,1,41.5
42,Male,Theft,Bachelor's,44,9,0,1,34.9
61,Male,Vandalism,Preparatory,13,12,5,0,48.1
43,Male,Cybercrime,Illiterate,45,6,2,1,53.2
45,Male,Burglary,Preparatory,61,10,0,2,46.5
28,Male,Assault,Preparatory,28,9,3,2,74.4
46,Male,Drug Offense,Primary,27,7,1,1,52.0
61,Male,Arson,Secondary,106,16,6,2,76.6
56,Male,Theft,Primary,45,16,2,4,68.3
63,Male,Burglary,Preparatory,48,10,2,0,35.1
39,Male,Burglary,Secondary,16,11,1,1,32.2
49,Male,Murder,Illiterate,208,5,1,1,69.9
48,Male,Sexual Offense,Bachelor's,203,5,0,0,42.1
20,Male,Drug Offense,Primary,72,7,0,0,51.0
28,Male,Theft,Illiterate,8,8,2,1,51.3
33,Female,Assault,Primary,51,11,2,0,57.2
22,Male,Fraud,Illiterate,61,11,2,0,49.0
52,Male,Robbery,Bachelor's,132,11,2,2,52.5
55,Female,Cybercrime,Illiterate,51,5,1,1,40.0
42,Male,Vandalism,Bachelor's,12,12,0,2,37.9
43,Male,Theft,Primary,17,4,0,0,19.8
52,Male,Theft,Secondary,14,7,1,1,31.0
54,Female,Theft,Postgraduate education,18,12,0,2,44.2
52,Male,Theft,Bachelor's,22,8,1,1,36.3
19,Male,Robbery,Postgraduate education,86,5,1,1,39.5
19,Male,Fraud,Preparatory,46,15,5,4,87.5
65,Female,Theft,Illiterate,43,12,1,1,51.2
63,Male,Drug Offense,Bachelor's,68,7,2,0,29.5
48,Male,Arson,Secondary,46,4,1,0,30.5
56,Male,Burglary,Literate,34,13,2,0,42.7
26,Male,Robbery,Primary,126,11,0,3,72.9
18,Male,Fraud,Literate,19,11,3,3,77.6
38,Male,Robbery,Preparatory,53,8,0,2,51.4
48,Male,Robbery,Primary,125,9,1,0,46.9
30,Male,Robbery,Secondary,54,7,2,0,45.1
64,Male,Kidnapping,Secondary,278,5,0,1,50.8
56,Male,Burglary,Bachelor's,58,7,1,1,32.0
65,Male,Drug Offense,Preparatory,43,15,4,5,91.2
47,Male,Fraud,Preparatory,59,10,0,3,54.9
56,Male,Assault,Literate,64,7,0,0,43.0
46,Male,Robbery,Literate,138,8,2,0,52.8
40,Male,Fraud,Preparatory,16,8,0,1,30.7
51,Male,Theft,Primary,41,7,1,1,37.4
54,Male,Drug Offense,Secondary,23,12,4,2,58.4
36,Male,Assault,Secondary,48,9,1,2,53.0
43,Male,Public Order,Secondary,10,14,1,0,29.3
38,Male,Assault,Secondary,32,14,1,0,56.2
65,Male,Robbery,Secondary,127,7,2,1,45.8
23,Male,Cybercrime,Preparatory,50,10,0,1,44.9
19,Male,Cybercrime,Secondary,12,9,1,2,54.9
18,Male,Assault,Secondary,47,10,1,3,70.2
57,Male,Burglary,Secondary,42,8,2,2,45.7
32,Male,Fraud,Postgraduate education,79,10,3,3,54.6
54,Male,Public Order,Secondary,4,9,2,2,37.9
55,Female,Weapons Offense,Literate,36,14,5,4,85.3
34,Male,Public Order,Illiterate,22,9,0,2,56.1
29,Female,Burglary,Primary,12,10,0,3,64.5
35,Female,Robbery,Primary,144,6,1,0,43.2
47,Female,Arson,Bachelor's,51,11,1,3,61.1
29,Male,Fraud,Secondary,69,7,0,0,37.5
54,Male,Fraud,Illiterate,39,11,2,1,56.4
57,Male,Fraud,Illiterate,39,8,2,0,44.0
43,Female,Burglary,Secondary,49,12,0,2,43.6
49,Female,Fraud,Preparatory,73,11,2,0,40.8
61,Male,Cybercrime,Literate,34,10,0,2,47.5
44,Male,Weapons Offense,Primary,44,14,1,4,80.9
37,Male,Vandalism,Literate,6,15,6,5,88.5
54,Male,Theft,Bachelor's,8,19,2,3,63.0
50,Female,Vandalism,Primary,29,11,3,1,52.9
27,Male,Fraud,Preparatory,12,11,1,0,37.3
28,Male,Theft,Secondary,20,7,1,1,32.3
41,Male,Vandalism,Preparatory,36,16,3,4,70.1
55,Male,Assault,Primary,31,12,3,2,65.6
24,Male,Theft,Illiterate,17,15,4,4,95.5
18,Male,Assault,Secondary,52,7,0,0,43.0
48,Male,Theft,Bachelor's,23,13,0,3,53.6
41,Male,Murder,Bachelor's,293,9,3,2,80.9
65,Male,Drug Offense,Preparatory,54,16,1,4,68.1
20,Male,Murder,Literate,207,8,3,1,87.1
58,Male,Fraud,Bachelor's,49,15,4,4,68.9
56,Male,Theft,Primary,37,9,0,0,37.4
53,Male,Theft,Secondary,25,10,1,1,33.5
22,Male,Theft,Bachelor's,25,13,5,2,66.9
63,Male,Robbery,Literate,106,13,2,1,62.2
37,Male,Fraud,Preparatory,76,12,0,2,52.2
64,Male,Murder,Postgraduate education,427,8,1,2,56.0
58,Male,Arson,Illiterate,93,12,3,2,65.2
50,Male,Theft,Preparatory,22,3,0,0,14.1
39,Male,Theft,Preparatory,7,13,5,0,59.5
28,Male,Robbery,Primary,61,15,2,4,82.4
37,Male,Sexual Offense,Preparatory,233,10,2,2,81.9
26,Female,Fraud,Illiterate,33,5,1,1,51.9
22,Male,Assault,Bachelor's,84,8,3,0,53.4
53,Male,Theft,Secondary,21,8,3,1,35.5
31,Female,Sexual Offense,Secondary,190,12,0,3,68.4
59,Male,Murder,Bachelor's,406,12,4,0,68.1
44,Male,Theft,Primary,27,12,0,0,30.5
49,Male,Robbery,Primary,46,9,3,0,48.0
33,Female,Assault,Preparatory,90,10,0,0,56.5
26,Male,Burglary,Secondary,59,10,0,0,35.7
59,Male,Sexual Offense,Bachelor's,147,12,5,0,57.9
48,Male,Theft,Secondary,33,15,4,4,71.5
63,Female,Vandalism,Preparatory,17,8,1,2,35.7
28,Male,Burglary,Literate,45,10,3,1,61.4
25,Male,Theft,Secondary,11,16,4,4,83.2
52,Male,Public Order,Secondary,24,14,5,3,62.4
18,Female,Fraud,Preparatory,54,10,4,0,54.2
42,Male,Fraud,Literate,49,6,0,1,37.4
26,Male,Theft,Preparatory,48,7,0,1,31.9
39,Male,Vandalism,Illiterate,11,8,1,2,48.4
45,Male,Theft,Primary,35,11,0,3,54.1
65,Male,Arson,Primary,48,10,3,1,59.9
45,Male,Theft,Bachelor's,21,11,0,3,41.4
64,Male,Burglary,Illiterate,38,9,3,0,49.2
18,Male,Assault,Literate,114,8,0,1,63.8
46,Male,Sexual Offense,Primary,239,8,3,1,79.2
48,Male,Fraud,Postgraduate education,32,9,3,2,53.2
51,Male,Vandalism,Secondary,16,9,2,0,28.1
24,Male,Drug Offense,Preparatory,63,11,1,2,71.1
32,Male,Burglary,Illiterate,27,4,0,0,39.8
39,Male,Fraud,Preparatory,56,4,0,0,24.2
19,Male,Assault,Secondary,25,10,4,1,71.4
35,Female,Vandalism,Bachelor's,27,9,3,0,33.8
59,Male,Theft,Preparatory,16,11,4,3,59.0
27,Male,Theft,Primary,13,8,2,0,41.8
24,Male,Drug Offense,Secondary,84,11,0,2,60.5
31,Female,Fraud,Secondary,74,14,6,2,71.6
30,Male,Burglary,Preparatory,59,7,2,0,36.9
43,Male,Robbery,Literate,85,10,3,3,75.8
26,Male,Arson,Literate,109,7,2,1,56.0
55,Male,Vandalism,Secondary,21,14,3,1,40.2
61,Male,Weapons Offense,Bachelor's,38,14,0,2,52.0
60,Male,Theft,Primary,14,9,0,0,34.5
52,Male,Arson,Illiterate,82,11,3,2,71.4
58,Female,Vandalism,Preparatory,27,16,7,5,83.9
40,Male,Fraud,Secondary,35,10,1,2,44.6
41,Male,Theft,Postgraduate education,20,18,5,4,72.7
28,Male,Vandalism,Secondary,31,9,2,0,28.5
40,Male,Assault,Literate,98,15,3,5,98.6
29,Male,Weapons Offense,Secondary,37,10,0,2,58.8
51,Female,Robbery,Preparatory,122,9,2,2,56.9
29,Male,Assault,Literate,78,7,0,1,57.8
26,Male,Murder,Literate,330,9,0,1,70.3
60,Male,Assault,Preparatory,30,10,2,0,43.0
53,Male,Murder,Bachelor's,333,9,2,2,66.3
62,Male,Assault,Secondary,90,10,4,3,71.3
44,Male,Burglary,Secondary,65,10,3,2,47.1
38,Male,Drug Offense,Illiterate,65,12,5,2,73.3
45,Male,Burglary,Primary,14,4,1,0,30.9
41,Male,Drug Offense,Secondary,55,8,0,2,40.2
41,Male,Public Order,Secondary,4,10,2,2,39.1
55,Male,Burglary,Bachelor's,44,13,2,3,47.6
40,Male,Kidnapping,Secondary,206,6,1,1,49.4
41,Male,Kidnapping,Bachelor's,262,16,5,3,86.4
50,Male,Assault,Secondary,68,7,2,1,53.4
60,Male,Robbery,Postgraduate education,85,9,3,2,46.0
39,Male,Burglary,Secondary,39,14,4,2,62.5
22,Male,Sexual Offense,Literate,218,10,0,0,68.1
42,Male,Theft,Primary,43,8,1,1,40.2
62,Male,Fraud,Secondary,12,14,2,2,53.0
35,Male,Assault,Preparatory,95,10,2,2,67.4
46,Female,Weapons Offense,Secondary,29,15,1,1,55.6
25,Male,Assault,Secondary,74,6,0,0,43.8
35,Male,Drug Offense,Secondary,16,9,0,2,47.7
40,Male,Weapons Offense,Literate,31,7,2,0,45.2
63,Male,Theft,Preparatory,12,11,3,2,45.0
52,Male,Kidnapping,Primary,262,16,5,1,84.5
58,Male,Weapons Offense,Secondary,31,11,1,0,43.2
40,Male,Drug Offense,Preparatory,56,12,5,1,70.8
61,Male,Fraud,Illiterate,37,13,4,3,73.0
27,Male,Theft,Bachelor's,16,7,0,1,25.4
19,Male,Theft,Primary,38,13,4,1,66.9
50,Male,Robbery,Primary,117,5,1,0,30.4
29,Male,Cybercrime,Secondary,54,7,2,1,43.8
51,Male,Burglary,Preparatory,53,10,4,0,40.3
44,Male,Burglary,Secondary,52,10,0,3,55.6
44,Male,Drug Offense,Bachelor's,74,10,4,0,43.6
58,Male,Sexual Offense,Secondary,183,12,3,0,64.1
36,Female,Assault,Preparatory,31,13,5,2,78.6
23,Male,Drug Offense,Secondary,36,10,4,3,78.9
57,Female,Weapons Offense,Illiterate,34,12,5,2,81.3
45,Male,Drug Offense,Primary,78,10,2,1,56.6
49,Male,Burglary,Illiterate,15,7,1,1,49.1
26,Male,Theft,Secondary,26,5,1,0,37.7
63,Male,Drug Offense,Illiterate,94,12,1,2,59.0
64,Male,Public Order,Secondary,3,12,5,2,53.6
64,Male,Sexual Offense,Secondary,161,4,0,0,31.0
18,Male,Assault,Primary,102,11,4,2,83.4
40,Male,Weapons Offense,Primary,40,10,3,3,76.3
38,Female,Burglary,Illiterate,62,11,1,1,56.2
51,Male,Cybercrime,Secondary,18,8,2,2,38.6
38,Male,Weapons Offense,Bachelor's,77,13,1,4,76.8
60,Male,Theft,Secondary,15,5,0,0,23.6
53,Male,Assault,Primary,94,10,2,1,59.1
58,Male,Weapons Offense,Bachelor's,74,12,4,3,71.3
61,Male,Arson,Primary,90,9,2,1,59.5
46,Male,Assault,Illiterate,85,5,1,0,47.2
52,Male,Vandalism,Bachelor's,13,8,0,2,27.7
24,Male,Assault,Preparatory,56,5,1,0,49.1
39,Male,Assault,Bachelor's,118,6,1,0,35.8
55,Male,Fraud,Literate,42,8,1,1,45.0
59,Male,Arson,Primary,59,7,2,0,44.6
22,Male,Theft,Primary,25,7,2,1,44.8
18,Male,Assault,Bachelor's,85,14,3,2,82.7
24,Male,Theft,Secondary,12,11,0,3,61.6
59,Male,Robbery,Literate,41,5,1,1,43.5
57,Female,Fraud,Secondary,41,8,1,1,29.3
19,Male,Assault,Preparatory,94,11,4,2,73.8
55,Male,Vandalism,Secondary,17,7,1,1,30.1
28,Male,Burglary,Illiterate,15,7,0,1,44.6
47,Male,Theft,Bachelor's,43,9,3,2,46.7
56,Male,Theft,Primary,19,10,0,1,30.7
24,Female,Vandalism,Illiterate,6,12,1,3,76.3
61,Female,Theft,Primary,47,12,1,0,42.2
24,Male,Burglary,Secondary,28,9,0,0,31.9
39,Male,Public Order,Primary,4,11,4,1,55.8
19,Male,Murder,Bachelor's,235,9,1,1,73.8
22,Male,Burglary,Illiterate,71,13,5,2,86.2
32,Male,Drug Offense,Literate,69,6,1,1,52.5
19,Male,Burglary,Illiterate,52,7,1,0,50.4
35,Male,Theft,Primary,35,10,1,2,49.8
63,Male,Cybercrime,Bachelor's,28,14,6,0,40.2
35,Female,Arson,Primary,116,9,1,0,49.5
58,Male,Drug Offense,Secondary,50,9,0,0,28.6
34,Male,Fraud,Preparatory,15,9,3,2,61.5
48,Male,Sexual Offense,Illiterate,159,8,0,0,63.2
35,Male,Theft,Preparatory,38,14,1,3,63.2
50,Male,Assault,Preparatory,86,9,3,0,46.9
39,Male,Theft,Primary,3,13,3,0,54.7
51,Male,Public Order,Secondary,5,12,0,2,31.6
32,Female,Burglary,Literate,65,9,1,0,47.4
44,Female,Drug Offense,Primary,14,6,1,0,42.5
18,Male,Assault,Illiterate,61,6,2,0,66.6
46,Male,Drug Offense,Primary,79,9,3,2,58.8
20,Male,Murder,Bachelor's,230,8,3,0,63.2
65,Female,Assault,Primary,117,10,0,2,58.3
23,Male,Arson,Literate,66,8,1,2,75.5
19,Female,Sexual Offense,Secondary,171,13,3,1,81.1
43,Male,Theft,Preparatory,40,9,1,1,37.1
56,Male,Assault,Primary,105,6,2,1,50.6
35,Male,Drug Offense,Postgraduate education,67,7,0,0,33.2
39,Male,Assault,Literate,34,8,1,2,57.7
56,Male,Fraud,Literate,71,12,0,3,55.6
22,Male,Theft,Bachelor's,35,13,3,3,66.3
34,Male,Vandalism,Preparatory,11,13,5,0,51.8
37,Male,Assault,Literate,69,9,1,2,61.6
26,Male,Burglary,Primary,36,12,4,0,56.2
32,Male,Kidnapping,Literate,214,14,4,3,100.0
42,Male,Theft,Primary,13,10,1,3,57.2
36,Male,Drug Offense,Literate,48,8,1,0,51.2
36,Male,Sexual Offense,Secondary,229,7,2,1,57.8
22,Male,Robbery,Secondary,36,7,1,0,46.6
25,Male,Theft,Primary,39,10,3,2,57.8
28,Male,Theft,Bachelor's,20,14,2,3,66.7
49,Male,Theft,Preparatory,26,11,1,3,56.5
34,Male,Burglary,Secondary,44,10,3,2,60.9
35,Male,Drug Offense,Primary,65,12,5,1,67.9
31,Female,Assault,Preparatory,116,5,0,0,40.2
23,Male,Burglary,Literate,53,14,6,4,97.2
22,Male,Weapons Offense,Secondary,61,9,2,1,63.5
60,Female,Assault,Secondary,109,4,1,0,35.1
39,Male,Drug Offense,Secondary,82,8,2,2,49.9
39,Male,Fraud,Bachelor's,19,10,4,3,57.1
49,Male,Theft,Primary,6,5,0,0,26.2
35,Male,Theft,Illiterate,48,4,1,0,37.8
31,Male,Drug Offense,Literate,63,11,4,0,58.9
33,Male,Theft,Secondary,17,8,0,1,34.5
48,Male,Theft,Postgraduate education,37,8,1,0,27.7
36,Male,Assault,Secondary,88,8,0,0,44.5
30,Male,Weapons Offense,Primary,58,6,1,1,58.8
51,Male,Theft,Literate,7,11,4,1,47.9
49,Male,Fraud,Secondary,25,17,6,3,82.3
61,Male,Weapons Offense,Postgraduate education,95,6,0,0,27.3
58,Male,Vandalism,Secondary,4,10,4,1,42.2
36,Male,Arson,Secondary,42,19,7,1,80.6
25,Male,Robbery,Postgraduate education,46,8,3,1,44.5
30,Male,Theft,Secondary,32,11,2,2,51.4
28,Female,Theft,Bachelor's,18,11,4,1,46.0
22,Male,Assault,Preparatory,69,8,2,2,67.4
47,Male,Cybercrime,Primary,26,12,1,0,40.3
59,Male,Burglary,Primary,50,10,4,1,51.3
33,Male,Public Order,Postgraduate education,13,13,0,3,40.0
57,Male,Kidnapping,Bachelor's,264,10,2,0,53.0
65,Male,Assault,Secondary,63,8,0,2,48.2
58,Male,Drug Offense,Bachelor's,16,10,0,3,47.3
23,Male,Burglary,Secondary,15,12,1,2,62.8
28,Male,Drug Offense,Bachelor's,51,12,0,2,51.5
60,Male,Assault,Bachelor's,73,5,0,0,26.5
43,Female,Theft,Preparatory,43,8,2,0,30.8
45,Male,Theft,Primary,42,10,2,3,48.0
47,Male,Drug Offense,Bachelor's,91,12,0,1,48.2
49,Female,Assault,Secondary,36,8,2,1,47.9
38,Male,Theft,Preparatory,45,10,0,1,34.6
18,Male,Kidnapping,Illiterate,293,8,0,1,71.4
53,Male,Theft,Primary,38,15,6,4,87.9
23,Female,Theft,Preparatory,13,12,4,2,71.6
64,Male,Sexual Offense,Postgraduate education,150,9,0,1,46.8
37,Male,Robbery,Bachelor's,114,5,0,0,36.0
65,Male,Theft,Secondary,44,6,1,1,29.8
44,Male,Burglary,Primary,48,8,1,1,44.5
64,Male,Assault,Secondary,85,6,2,0,43.5
22,Male,Drug Offense,Postgraduate education,67,10,2,1,48.5
50,Male,Kidnapping,Preparatory,267,7,0,0,51.0
37,Male,Assault,Postgraduate education,105,15,3,2,60.8
28,Male,Weapons Offense,Bachelor's,52,7,1,0,48.6
31,Female,Drug Offense,Preparatory,78,15,0,0,45.4
20,Male,Weapons Offense,Literate,83,5,0,1,57.8
30,Male,Assault,Secondary,81,10,3,2,74.2
27,Female,Assault,Secondary,80,11,2,1,63.0
27,Male,Murder,Bachelor's,276,8,0,1,61.4
60,Male,Robbery,Preparatory,84,7,0,1,32.9
33,Male,Vandalism,Preparatory,5,11,0,0,31.5
41,Male,Assault,Preparatory,91,11,4,3,81.7
31,Male,Drug Offense,Bachelor's,51,13,0,4,72.6
18,Male,Public Order,Preparatory,16,7,2,0,41.4
60,Male,Assault,Illiterate,30,9,0,2,52.6
42,Male,Drug Offense,Illiterate,61,14,1,4,79.6
35,Male,Theft,Bachelor's,35,6,1,0,20.3
51,Male,Assault,Primary,53,6,2,0,44.6
63,Male,Theft,Preparatory,22,7,0,0,26.0
65,Female,Public Order,Bachelor's,5,19,7,3,71.0
32,Male,Burglary,Secondary,60,8,0,2,47.9
57,Male,Vandalism,Secondary,34,5,0,1,22.6
38,Male,Weapons Offense,Bachelor's,71,15,0,4,68.9
52,Male,Drug Offense,Preparatory,46,12,3,3,57.4
28,Male,Vandalism,Primary,19,5,1,0,38.4
33,Male,Robbery,Primary,38,15,2,5,94.2
32,Male,Fraud,Secondary,61,6,0,0,26.4
52,Male,Cybercrime,Secondary,21,11,2,3,51.0
57,Male,Theft,Secondary,46,10,0,2,30.0
51,Female,Robbery,Primary,86,11,0,0,38.9
40,Female,Assault,Secondary,33,9,1,1,46.5
57,Male,Burglary,Bachelor's,50,11,0,3,45.9
42,Male,Cybercrime,Primary,12,7,2,0,38.2
45,Male,Drug Offense,Bachelor's,55,10,2,2,48.0
46,Male,Burglary,Primary,33,10,3,1,52.7
53,Male,Murder,Illiterate,399,12,2,1,87.4
22,Male,Drug Offense,Literate,95,11,3,2,80.5
62,Male,Cybercrime,Literate,49,12,0,2,50.6
64,Male,Sexual Offense,Primary,197,8,1,0,59.3
38,Male,Murder,Secondary,360,9,0,1,63.0
23,Male,Fraud,Bachelor's,78,10,4,2,57.6
52,Male,Drug Offense,Bachelor's,43,10,3,1,40.8
51,Female,Arson,Secondary,57,14,3,1,51.7
42,Male,Weapons Offense,Secondary,96,11,2,2,59.2
56,Female,Drug Offense,Secondary,38,13,0,2,46.7
31,Male,Vandalism,Secondary,18,9,2,1,43.6
25,Female,Kidnapping,Literate,122,7,0,0,59.1
60,Male,Weapons Offense,Preparatory,76,6,1,0,37.8
58,Male,Vandalism,Bachelor's,17,11,3,2,41.5
22,Male,Fraud,Secondary,70,10,3,2,55.3
36,Female,Drug Offense,Secondary,20,6,0,0,30.9
44,Male,Drug Offense,Primary,62,10,4,0,53.4
29,Male,Cybercrime,Secondary,13,16,3,5,77.4
36,Female,Robbery,Illiterate,68,13,2,2,68.2
22,Male,Robbery,Primary,109,10,0,0,48.2
39,Male,Theft,Secondary,4,8,2,1,39.9
61,Female,Robbery,Secondary,37,5,1,1,42.3
39,Male,Robbery,Primary,43,8,3,0,48.6
59,Male,Robbery,Preparatory,103,11,3,2,59.6
19,Female,Theft,Primary,32,13,4,0,57.5
41,Male,Burglary,Primary,16,7,1,1,40.2
40,Male,Robbery,Preparatory,89,9,3,1,60.7
47,Female,Theft,Secondary,8,13,1,4,66.3
29,Male,Weapons Offense,Secondary,49,14,5,4,88.1
65,Male,Sexual Offense,Literate,140,10,4,2,80.6
55,Male,Cybercrime,Primary,15,14,4,4,74.5
22,Male,Public Order,Bachelor's,8,8,2,1,36.1
24,Male,Murder,Postgraduate education,352,13,5,0,76.8
41,Female,Fraud,Preparatory,45,9,0,1,37.6
25,Male,Murder,Literate,449,12,0,1,84.5
53,Male,Robbery,Bachelor's,126,9,0,1,34.2
57,Male,Weapons Offense,Secondary,64,8,2,2,64.7
63,Male,Vandalism,Bachelor's,6,6,1,1,26.5
27,Male,Drug Offense,Primary,29,8,2,2,53.3
50,Male,Vandalism,Preparatory,24,9,1,0,34.6
42,Female,Assault,Secondary,71,5,0,0,35.7
58,Male,Sexual Offense,Literate,121,17,0,3,85.5
35,Male,Drug Offense,Preparatory,83,7,0,1,46.3
38,Male,Cybercrime,Secondary,6,3,0,0,16.0
47,Male,Fraud,Preparatory,30,13,1,1,47.1
19,Male,Burglary,Illiterate,44,5,1,0,46.0
32,Male,Assault,Illiterate,84,7,1,0,55.9
51,Male,Murder,Preparatory,223,19,6,6,100.0
25,Male,Fraud,Bachelor's,79,12,1,3,58.2
58,Male,Drug Offense,Bachelor's,96,10,1,3,55.7
48,Male,Theft,Preparatory,38,9,1,2,50.9
27,Male,Theft,Illiterate,21,9,3,1,62.9
38,Male,Fraud,Primary,63,18,4,5,100.0
35,Male,Arson,Secondary,105,15,6,0,71.4
24,Male,Murder,Bachelor's,230,6,1,0,57.0
58,Male,Assault,Primary,30,16,3,2,77.0
27,Male,Assault,Illiterate,45,15,3,3,99.2
19,Male,Burglary,Primary,25,4,0,0,41.5
28,Male,Cybercrime,Preparatory,18,13,3,1,57.3
34,Female,Fraud,Bachelor's,32,12,4,3,66.4
24,Male,Kidnapping,Preparatory,199,9,0,0,64.4
24,Male,Vandalism,Primary,35,9,3,0,59.4
40,Male,Theft,Preparatory,18,5,0,1,29.7
53,Male,Vandalism,Preparatory,26,12,3,0,31.5
53,Male,Assault,Bachelor's,59,12,1,2,63.8
50,Male,Public Order,Secondary,18,11,1,2,33.0
50,Female,Arson,Secondary,41,9,0,1,40.7
59,Male,Vandalism,Primary,7,14,3,4,70.8
64,Male,Drug Offense,Primary,78,4,1,0,32.2
25,Male,Theft,Secondary,35,17,4,1,59.9
61,Male,Drug Offense,Preparatory,87,15,5,1,64.5
47,Male,Theft,Preparatory,3,14,0,3,55.7
59,Male,Theft,Secondary,5,14,1,0,33.4
31,Male,Kidnapping,Secondary,217,14,5,3,98.2
30,Male,Vandalism,Secondary,24,10,3,3,63.0
59,Female,Arson,Secondary,92,10,1,1,36.1
45,Male,Burglary,Preparatory,42,12,2,2,62.5
60,Male,Cybercrime,Secondary,41,5,0,1,21.0
53,Male,Drug Offense,Preparatory,44,7,2,0,32.0
27,Male,Theft,Literate,35,13,5,0,65.3
29,Male,Theft,Primary,8,10,3,2,64.2
26,Male,Assault,Illiterate,65,12,5,0,80.1
47,Male,Burglary,Bachelor's,28,6,0,1,30.2
35,Male,Theft,Postgraduate education,36,9,1,1,26.2
25,Male,Theft,Bachelor's,26,8,1,1,39.6
36,Male,Drug Offense,Secondary,18,9,1,0,47.7
63,Male,Assault,Illiterate,79,8,1,1,54.5
50,Male,Robbery,Secondary,109,5,1,1,39.9
33,Male,Burglary,Illiterate,69,3,0,0,37.2
32,Male,Theft,Preparatory,35,10,4,2,59.1
26,Male,Assault,Preparatory,64,14,4,3,79.8
59,Male,Drug Offense,Preparatory,67,11,2,3,61.0
30,Male,Vandalism,Bachelor's,28,11,0,2,51.6
50,Male,Burglary,Illiterate,13,11,1,0,47.4
29,Male,Public Order,Secondary,24,12,3,3,61.9
26,Male,Assault,Literate,92,11,4,3,89.3
18,Male,Assault,Bachelor's,61,16,6,4,100.0
38,Male,Cybercrime,Bachelor's,6,8,3,2,43.7
47,Male,Theft,Secondary,38,8,2,2,48.1
62,Male,Murder,Primary,217,9,2,1,69.3
25,Male,Sexual Offense,Secondary,201,14,1,0,66.3
34,Male,Drug Offense,Primary,81,7,1,1,50.2
55,Male,Assault,Secondary,100,14,0,1,54.5
44,Male,Murder,Primary,371,5,0,0,57.1
57,Male,Vandalism,Secondary,35,14,5,2,53.2
19,Male,Fraud,Bachelor's,54,8,3,1,49.7
59,Female,Robbery,Primary,110,14,3,3,83.6
61,Female,Murder,Bachelor's,467,15,2,4,97.4
55,Male,Burglary,Secondary,51,6,2,0,24.7
18,Male,Assault,Preparatory,40,11,2,0,59.2
56,Male,Sexual Offense,Preparatory,125,10,3,2,68.5
32,Male,Vandalism,Preparatory,3,11,4,0,49.7
56,Male,Cybercrime,Secondary,60,10,4,3,59.1
37,Male,Burglary,Preparatory,64,15,1,4,73.7
31,Male,Fraud,Bachelor's,75,10,1,1,41.1
22,Male,Robbery,Secondary,79,14,3,4,87.0
39,Male,Burglary,Secondary,12,11,3,2,56.6
44,Male,Assault,Primary,27,11,2,2,71.4
30,Male,Public Order,Primary,12,11,3,1,57.9
54,Male,Theft,Secondary,22,7,0,0,16.4
42,Male,Vandalism,Secondary,17,8,1,2,39.1
52,Male,Assault,Literate,96,12,3,1,62.6
39,Male,Theft,Primary,40,12,4,0,51.1
30,Female,Fraud,Bachelor's,12,10,4,0,41.1
27,Male,Fraud,Secondary,77,9,1,1,47.2
19,Male,Cybercrime,Secondary,57,4,1,0,28.9
43,Male,Theft,Literate,24,11,3,2,54.6
53,Male,Vandalism,Preparatory,19,16,4,1,53.3
54,Male,Theft,Illiterate,26,7,0,0,29.5
55,Male,Assault,Secondary,41,7,1,1,43.3
62,Male,Assault,Illiterate,91,10,2,2,69.0
41,Male,Vandalism,Secondary,35,12,3,2,48.8
43,Male,Burglary,Literate,22,10,1,3,63.6
31,Male,Assault,Secondary,86,8,2,1,56.3
29,Male,Cybercrime,Bachelor's,22,5,0,0,28.5
34,Male,Assault,Preparatory,60,12,3,0,56.2
34,Male,Robbery,Primary,144,7,1,1,57.0
20,Female,Drug Offense,Secondary,71,4,0,0,47.5
60,Male,Robbery,Secondary,80,8,0,2,34.6
21,Male,Assault,Secondary,90,8,2,1,60.7
38,Male,Assault,Bachelor's,40,9,2,2,58.8
40,Male,Vandalism,Postgraduate education,33,12,5,1,47.4
63,Male,Drug Offense,Primary,44,14,2,0,47.6
28,Male,Burglary,Secondary,48,16,6,0,71.3
44,Female,Robbery,Preparatory,85,17,4,2,74.5
22,Male,Cybercrime,Preparatory,26,11,4,2,63.8
23,Male,Burglary,Secondary,62,11,1,0,48.8
18,Female,Kidnapping,Secondary,277,7,2,0,63.4
54,Male,Theft,Secondary,47,10,2,0,26.4
64,Male,Theft,Bachelor's,26,3,0,0,10.7
44,Female,Fraud,Illiterate,56,10,0,3,68.8
49,Female,Drug Offense,Literate,84,11,1,2,72.8
48,Female,Vandalism,Bachelor's,7,13,2,1,41.0
21,Male,Vandalism,Primary,32,10,1,2,63.5
45,Male,Vandalism,Illiterate,32,11,2,3,69.5
42,Male,Theft,Secondary,21,6,1,0,18.8
26,Male,Theft,Secondary,14,9,2,1,34.5
59,Male,Vandalism,Preparatory,11,9,2,2,44.8
58,Male,Murder,Literate,326,4,1,0,56.1
54,Female,Murder,Secondary,425,14,0,0,67.4
58,Male,Theft,Illiterate,29,7,0,0,38.0
51,Female,Weapons Offense,Illiterate,32,8,3,0,61.0
18,Male,Fraud,Illiterate,44,9,2,2,64.7
64,Female,Drug Offense,Primary,63,12,0,2,52.7
25,Male,Vandalism,Preparatory,34,6,2,1,46.8
34,Male,Vandalism,Primary,17,13,4,1,60.1
58,Male,Sexual Offense,Illiterate,219,7,2,1,66.4
20,Male,Assault,Secondary,118,8,2,1,56.9
33,Male,Fraud,Preparatory,31,12,1,3,54.2
61,Male,Fraud,Bachelor's,20,12,1,2,39.9
48,Male,Robbery,Illiterate,139,5,1,1,60.3
35,Male,Drug Offense,Literate,16,6,0,0,46.3
43,Male,Drug Offense,Primary,89,10,0,3,63.8
51,Male,Burglary,Bachelor's,25,6,0,1,28.5
47,Male,Assault,Primary,47,6,1,0,46.0
64,Male,Burglary,Bachelor's,36,10,0,3,45.0
40,Female,Public Order,Illiterate,11,13,1,2,52.8
25,Male,Assault,Primary,112,14,1,0,57.9
35,Male,Theft,Preparatory,35,9,0,2,46.3
40,Male,Arson,Secondary,71,7,0,1,37.7
42,Male,Robbery,Preparatory,73,8,0,0,46.4
25,Male,Cybercrime,Illiterate,54,12,0,2,62.7
43,Male,Murder,Primary,437,7,2,0,68.2
25,Male,Murder,Primary,364,12,0,3,91.4
21,Male,Burglary,Primary,39,8,3,1,60.2
60,Male,Robbery,Illiterate,144,12,0,0,53.3
36,Male,Murder,Illiterate,202,17,1,1,78.7
34,Male,Robbery,Preparatory,82,7,0,1,57.4
30,Male,Vandalism,Illiterate,28,9,0,1,52.2
45,Male,Robbery,Secondary,55,12,2,1,52.7
32,Male,Public Order,Postgraduate education,5,10,0,3,41.1
31,Female,Burglary,Literate,66,16,1,5,82.9
41,Male,Fraud,Secondary,19,6,1,0,28.6
27,Female,Arson,Primary,106,8,2,1,61.2
30,Female,Vandalism,Primary,33,7,0,1,39.7
52,Male,Vandalism,Secondary,30,9,1,1,24.9
45,Male,Drug Offense,Postgraduate education,47,17,4,2,63.1
62,Male,Arson,Preparatory,71,6,0,1,44.0
60,Male,Robbery,Secondary,82,10,0,0,35.5
28,Female,Assault,Preparatory,36,11,3,2,64.9
28,Male,Theft,Literate,34,9,2,1,47.1
18,Male,Theft,Literate,43,9,1,0,50.5
32,Male,Assault,Preparatory,115,10,0,0,52.7
64,Male,Drug Offense,Bachelor's,59,8,1,1,39.7
61,Male,Vandalism,Secondary,13,10,4,2,43.0
48,Male,Theft,Secondary,33,6,1,1,35.7
59,Male,Theft,Literate,23,10,2,0,40.0
30,Male,Theft,Preparatory,40,10,3,1,49.7
51,Male,Cybercrime,Bachelor's,21,11,2,3,56.3
60,Male,Assault,Secondary,87,8,1,2,44.3
39,Male,Theft,Primary,31,11,1,2,54.0
65,Male,Burglary,Illiterate,59,6,2,1,46.1
58,Male,Fraud,Primary,44,18,5,6,98.5
64,Male,Robbery,Illiterate,95,16,0,3,72.6
61,Male,Cybercrime,Preparatory,37,11,2,1,40.1
51,Male,Theft,Primary,33,14,5,4,76.8
40,Male,Robbery,Preparatory,123,11,3,2,65.7
50,Male,Weapons Offense,Secondary,41,10,3,0,50.6
53,Male,Public Order,Secondary,18,15,4,2,53.8
22,Male,Assault,Primary,26,9,1,1,62.8
48,Male,Drug Offense,Literate,83,14,5,1,82.2
28,Male,Drug Offense,Primary,54,9,2,2,64.7
32,Male,Theft,Preparatory,4,8,3,1,49.0
52,Female,Murder,Secondary,326,8,2,0,59.0
26,Male,Robbery,Secondary,58,6,2,0,52.3
23,Male,Assault,Secondary,116,12,2,0,69.1
38,Male,Robbery,Illiterate,99,12,3,1,66.5
65,Male,Public Order,Secondary,16,11,3,0,29.9
60,Female,Kidnapping,Preparatory,271,7,1,1,55.8
51,Female,Murder,Secondary,466,9,0,2,65.4
46,Female,Drug Offense,Secondary,38,11,3,1,49.5
41,Male,Burglary,Bachelor's,69,9,2,2,45.9
26,Male,Theft,Bachelor's,43,12,1,1,40.8
48,Male,Assault,Literate,54,8,2,0,56.3
60,Male,Public Order,Secondary,14,12,2,2,44.4
45,Male,Theft,Postgraduate education,5,11,0,0,31.7
33,Male,Vandalism,Literate,32,10,3,2,59.8
30,Male,Weapons Offense,Primary,69,11,2,2,72.1
56,Male,Fraud,Bachelor's,15,12,5,1,54.4
41,Male,Burglary,Illiterate,45,8,3,2,58.9
31,Female,Sexual Offense,Illiterate,100,14,5,4,100.0
19,Male,Murder,Secondary,264,7,1,1,65.6
59,Male,Arson,Literate,107,9,2,1,60.9
58,Male,Theft,Preparatory,25,15,4,1,53.4
42,Male,Robbery,Secondary,103,10,1,2,59.6
22,Male,Burglary,Primary,37,10,2,3,65.6
24,Male,Robbery,Secondary,52,5,0,1,44.7
59,Male,Assault,Preparatory,54,9,1,1,48.1
33,Male,Fraud,Preparatory,78,9,3,2,57.6
55,Male,Robbery,Postgraduate education,73,8,0,1,29.2
57,Male,Drug Offense,Bachelor's,20,9,2,2,41.3
32,Male,Assault,Primary,71,4,0,0,42.5
47,Male,Burglary,Secondary,58,10,2,2,56.8
39,Male,Fraud,Secondary,82,9,0,1,44.5
58,Male,Robbery,Secondary,131,9,1,0,34.9
24,Male,Public Order,Preparatory,8,8,1,0,30.7
42,Female,Burglary,Secondary,24,8,0,1,34.5
43,Male,Theft,Illiterate,23,11,1,2,57.4
35,Male,Theft,Illiterate,43,9,0,2,48.4
37,Male,Murder,Literate,285,13,4,3,98.2
26,Male,Drug Offense,Preparatory,15,11,2,3,68.5
21,Male,Theft,Secondary,22,11,0,2,55.2
48,Male,Burglary,Postgraduate education,67,8,1,2,39.8
32,Male,Assault,Bachelor's,110,12,1,1,60.5
43,Female,Burglary,Secondary,54,12,5,1,52.8
53,Male,Sexual Offense,Illiterate,224,8,1,2,78.3
57,Female,Assault,Secondary,74,14,0,2,50.5
30,Male,Drug Offense,Postgraduate education,30,18,0,0,45.3
34,Male,Robbery,Primary,117,8,0,1,60.2
27,Male,Public Order,Literate,3,12,0,1,58.4
36,Male,Murder,Secondary,480,11,0,2,81.2
63,Male,Theft,Illiterate,31,11,3,0,54.0
24,Male,Theft,Illiterate,23,18,2,5,97.9
36,Male,Cybercrime,Secondary,56,11,0,0,36.4
52,Male,Fraud,Literate,51,11,0,3,53.2
62,Female,Murder,Preparatory,286,12,3,2,81.5
60,Male,Drug Offense,Secondary,67,12,1,1,46.8
50,Male,Assault,Illiterate,82,16,0,1,73.9
30,Female,Murder,Primary,238,11,3,1,83.1
18,Male,Burglary,Bachelor's,39,9,2,2,53.2
23,Female,Theft,Secondary,46,10,0,2,50.1
40,Female,Cybercrime,Secondary,31,8,1,2,47.2
37,Male,Fraud,Secondary,62,14,0,1,40.7
24,Male,Public Order,Illiterate,2,9,3,1,57.9
48,Female,Arson,Secondary,69,11,0,2,55.7
47,Male,Theft,Primary,9,13,3,1,56.2
61,Male,Theft,Illiterate,48,9,0,2,46.3
62,Male,Kidnapping,Bachelor's,189,12,5,3,90.1
45,Male,Theft,Illiterate,9,4,1,0,29.2
22,Male,Fraud,Primary,38,13,0,0,46.0
26,Female,Cybercrime,Secondary,34,10,2,2,49.8
49,Male,Fraud,Secondary,54,12,3,1,49.3
45,Male,Robbery,Primary,67,9,3,0,61.0
25,Male,Weapons Offense,Preparatory,59,12,1,1,67.3
43,Male,Vandalism,Secondary,21,11,3,1,44.4
52,Female,Assault,Postgraduate education,50,14,4,0,51.6
61,Male,Assault,Secondary,63,12,5,3,75.1
39,Male,Public Order,Secondary,1,12,5,3,58.6
62,Male,Vandalism,Secondary,17,12,2,2,46.3
25,Male,Vandalism,Preparatory,17,12,1,1,43.9
25,Male,Vandalism,Illiterate,18,6,2,1,51.1
41,Male,Drug Offense,Bachelor's,69,8,3,0,45.9
29,Male,Burglary,Illiterate,60,8,3,2,67.2
42,Female,Burglary,Postgraduate education,22,10,4,2,55.7
38,Male,Robbery,Bachelor's,68,12,2,2,63.8
29,Female,Burglary,Secondary,60,7,2,1,42.0
23,Male,Burglary,Preparatory,42,11,3,2,71.0
31,Male,Theft,Preparatory,40,11,0,1,42.7
47,Male,Cybercrime,Illiterate,54,7,0,0,31.9
56,Male,Murder,Primary,264,6,2,1,61.1
26,Male,Murder,Preparatory,450,10,0,1,79.9
61,Male,Robbery,Secondary,82,13,3,2,54.4
38,Male,Sexual Offense,Secondary,96,12,0,2,63.2
40,Male,Fraud,Primary,13,5,1,0,31.9
50,Female,Drug Offense,Secondary,34,9,1,2,48.0
51,Male,Murder,Preparatory,401,11,0,3,79.4
46,Male,Drug Offense,Bachelor's,73,10,2,2,57.0
54,Male,Assault,Bachelor's,67,11,0,0,31.4
56,Male,Theft,Preparatory,34,13,5,2,61.0
26,Male,Theft,Secondary,30,11,3,1,45.6
30,Male,Public Order,Primary,20,12,4,2,68.7
31,Male,Theft,Secondary,25,16,7,4,90.4
42,Male,Assault,Secondary,38,12,0,3,66.4
49,Male,Weapons Offense,Secondary,45,8,2,2,60.1
45,Male,Public Order,Secondary,20,2,0,0,17.5
51,Male,Fraud,Secondary,62,16,2,3,53.0
39,Male,Drug Offense,Secondary,64,7,0,1,42.4
59,Male,Arson,Bachelor's,60,7,1,0,36.2
25,Male,Theft,Literate,18,14,1,1,52.3
40,Male,Assault,Primary,29,12,1,1,62.4
29,Male,Vandalism,Secondary,35,10,2,1,42.9
55,Male,Burglary,Bachelor's,13,8,0,1,22.1
39,Male,Theft,Primary,25,7,1,0,33.6
46,Male,Public Order,Bachelor's,17,11,4,2,51.5
24,Male,Fraud,Secondary,55,7,1,0,39.7
61,Male,Cybercrime,Secondary,51,18,5,5,78.5
37,Male,Fraud,Preparatory,44,8,0,2,45.4
44,Male,Theft,Illiterate,31,10,3,0,52.8
27,Male,Arson,Primary,78,14,2,4,85.0
57,Male,Arson,Bachelor's,42,11,3,3,54.0
30,Male,Fraud,Illiterate,76,5,0,1,44.7
45,Male,Vandalism,Secondary,22,9,0,2,41.0
19,Male,Drug Offense,Bachelor's,59,11,2,0,50.2
63,Male,Robbery,Secondary,58,4,0,0,28.4
41,Male,Assault,Preparatory,27,12,4,3,74.2
34,Male,Fraud,Preparatory,67,6,0,0,31.0
55,Male,Murder,Secondary,321,13,4,0,73.6
47,Male,Drug Offense,Primary,68,8,1,1,51.2
44,Male,Burglary,Secondary,45,7,2,0,37.2
35,Male,Arson,Literate,53,12,5,0,67.0
22,Female,Theft,Illiterate,38,4,0,0,47.1
37,Male,Assault,Illiterate,53,4,0,0,49.5
23,Male,Robbery,Secondary,55,9,0,0,40.5
21,Male,Weapons Offense,Illiterate,94,2,0,0,48.3
20,Male,Vandalism,Preparatory,7,11,2,0,47.9
39,Male,Public Order,Secondary,1,10,4,3,55.1
37,Female,Theft,Literate,16,12,4,2,64.4
25,Female,Burglary,Preparatory,47,8,0,2,47.8
61,Male,Murder,Primary,441,12,4,2,96.5
42,Male,Assault,Bachelor's,37,8,3,0,50.9
27,Female,Assault,Secondary,26,6,2,0,46.8
46,Male,Theft,Secondary,36,14,1,1,47.7
29,Male,Assault,Illiterate,59,6,0,1,60.8
61,Male,Burglary,Secondary,55,10,3,1,44.7
64,Female,Weapons Offense,Primary,26,10,1,2,56.2
23,Female,Murder,Secondary,323,7,1,1,68.0
56,Male,Drug Offense,Illiterate,64,7,1,0,38.9
40,Male,Burglary,Primary,42,12,3,2,63.2
54,Male,Sexual Offense,Preparatory,179,6,0,1,54.2
22,Male,Drug Offense,Illiterate,39,5,1,0,54.8
24,Male,Theft,Preparatory,3,5,1,1,47.7
65,Male,Public Order,Primary,5,6,1,0,26.2
47,Male,Vandalism,Secondary,22,3,0,0,14.6
43,Male,Burglary,Secondary,60,9,1,0,28.2
37,Male,Theft,Primary,35,16,2,1,59.0
45,Female,Vandalism,Primary,12,10,0,1,39.4
52,Male,Drug Offense,Illiterate,45,9,1,1,49.1
45,Male,Assault,Bachelor's,68,5,0,0,31.3
31,Male,Cybercrime,Secondary,50,11,4,2,63.4
50,Male,Fraud,Secondary,65,11,3,3,52.9
22,Male,Theft,Bachelor's,32,4,1,0,30.7
40,Male,Theft,Illiterate,31,10,2,1,53.0
62,Male,Vandalism,Secondary,16,4,1,0,19.5
38,Male,Sexual Offense,Secondary,218,7,2,1,66.3
18,Male,Burglary,Preparatory,33,12,5,1,69.6
44,Male,Arson,Secondary,76,10,0,0,40.4
55,Female,Sexual Offense,Preparatory,149,6,1,1,50.7
53,Male,Drug Offense,Secondary,35,8,0,2,48.8
65,Male,Murder,Preparatory,320,7,1,1,64.4
41,Male,Vandalism,Preparatory,6,5,0,1,25.5
44,Male,Assault,Illiterate,43,9,2,2,76.1
35,Male,Weapons Offense,Preparatory,72,8,0,0,43.2
42,Male,Theft,Illiterate,43,10,3,1,58.8
55,Male,Theft,Secondary,40,9,0,0,20.2
65,Male,Assault,Secondary,116,8,1,1,50.5
42,Male,Burglary,Secondary,44,14,1,0,40.0
39,Male,Robbery,Secondary,36,15,3,1,67.7
62,Male,Theft,Primary,33,14,3,4,62.8
45,Male,Assault,Preparatory,80,9,2,2,64.7
22,Male,Fraud,Primary,34,9,0,2,55.7
33,Male,Vandalism,Secondary,26,10,4,2,59.8
23,Male,Fraud,Secondary,33,16,0,1,53.7
65,Female,Fraud,Primary,65,10,1,2,45.9
56,Male,Vandalism,Illiterate,17,13,5,0,53.5
25,Female,Kidnapping,Bachelor's,164,10,0,2,63.9
41,Male,Burglary,Illiterate,47,6,2,1,54.8
31,Male,Cybercrime,Primary,12,4,0,0,33.1
50,Female,Drug Offense,Secondary,65,12,1,1,53.6
19,Female,Theft,Primary,4,8,0,0,39.5
35,Male,Robbery,Preparatory,62,10,2,3,68.5
55,Male,Weapons Offense,Secondary,44,14,3,2,62.3
65,Male,Assault,Secondary,37,10,0,0,40.9
34,Male,Drug Offense,Primary,60,11,1,0,47.8
35,Male,Murder,Postgraduate education,457,5,1,1,60.1
28,Male,Assault,Secondary,112,3,0,0,29.7
31,Female,Public Order,Bachelor's,4,13,1,2,43.9
37,Male,Assault,Preparatory,37,5,0,0,38.1
41,Male,Murder,Secondary,384,13,3,2,91.0
65,Male,Burglary,Primary,67,10,1,3,55.3
45,Female,Theft,Illiterate,28,7,2,1,41.8
22,Male,Theft,Literate,31,11,0,1,46.7
57,Male,Burglary,Postgraduate education,15,10,3,3,58.6
34,Male,Assault,Secondary,33,12,0,2,59.2
24,Male,Burglary,Secondary,55,14,2,4,78.8
63,Male,Sexual Offense,Secondary,127,8,1,0,47.5
34,Male,Fraud,Secondary,60,13,2,0,48.0
23,Male,Vandalism,Literate,5,10,4,1,65.8
18,Male,Theft,Literate,35,14,2,0,46.9
55,Male,Fraud,Primary,79,9,3,1,52.7
25,Male,Burglary,Preparatory,72,6,2,0,43.2
62,Male,Drug Offense,Bachelor's,38,13,2,1,48.3
36,Male,Assault,Illiterate,84,8,2,1,61.6
34,Male,Public Order,Bachelor's,2,8,3,1,38.7
27,Male,Vandalism,Bachelor's,22,13,3,2,57.4
20,Male,Theft,Bachelor's,27,11,4,2,57.5
58,Male,Weapons Offense,Secondary,94,12,5,3,72.8
42,Male,Drug Offense,Preparatory,44,8,0,0,34.1
33,Male,Fraud,Bachelor's,16,10,4,3,60.1
65,Male,Public Order,Bachelor's,13,16,5,3,60.9
46,Male,Drug Offense,Illiterate,20,9,2,0,46.2
33,Male,Burglary,Secondary,12,12,1,0,39.2
29,Male,Robbery,Illiterate,127,17,4,1,88.4
53,Male,Theft,Secondary,16,8,2,0,29.8
56,Female,Weapons Offense,Bachelor's,68,17,1,0,44.9
37,Male,Robbery,Bachelor's,86,9,0,2,50.0
28,Male,Drug Offense,Secondary,24,3,0,0,24.8
54,Male,Burglary,Bachelor's,48,10,4,2,53.1
40,Female,Weapons Offense,Preparatory,25,6,0,0,38.9
54,Male,Robbery,Preparatory,64,6,2,0,37.0
24,Male,Vandalism,Illiterate,24,8,1,1,56.2
49,Male,Murder,Preparatory,260,9,1,2,72.6
35,Male,Theft,Bachelor's,46,4,1,0,22.9
26,Male,Drug Offense,Bachelor's,78,4,1,0,21.3
48,Male,Assault,Primary,113,12,5,0,63.8
25,Male,Theft,Bachelor's,5,11,4,3,65.0
19,Male,Drug Offense,Secondary,27,10,3,0,56.1
58,Male,Drug Offense,Literate,73,16,6,0,71.8
49,Male,Assault,Primary,38,10,2,2,72.6
47,Male,Theft,Secondary,19,6,1,1,30.7
63,Male,Theft,Preparatory,11,9,3,2,44.7
50,Male,Burglary,Secondary,23,9,1,1,30.5
30,Male,Public Order,Secondary,13,11,2,2,54.7
23,Male,Drug Offense,Primary,93,19,6,4,100.0
51,Male,Robbery,Primary,48,9,3,0,58.3
38,Male,Assault,Literate,61,9,0,0,47.2
30,Male,Assault,Primary,69,12,4,0,67.8
56,Male,Theft,Illiterate,8,10,2,1,39.2
33,Male,Robbery,Preparatory,115,3,0,0,32.9
46,Male,Weapons Offense,Secondary,66,6,1,1,42.2
25,Male,Burglary,Bachelor's,58,12,0,1,43.5
25,Male,Vandalism,Postgraduate education,34,5,1,0,23.1
25,Male,Vandalism,Bachelor's,15,7,2,0,35.2
27,Male,Fraud,Preparatory,29,6,1,0,35.6
64,Male,Fraud,Illiterate,49,14,1,1,51.4
64,Male,Theft,Secondary,48,9,0,2,35.7
30,Male,Drug Offense,Secondary,66,13,3,3,73.1
54,Male,Robbery,Preparatory,89,8,1,1,42.2
65,Male,Fraud,Literate,84,8,3,1,51.8
47,Male,Assault,Primary,39,8,2,0,50.8
56,Male,Cybercrime,Secondary,21,7,1,1,23.9
39,Male,Sexual Offense,Preparatory,107,5,1,0,42.6
48,Male,Drug Offense,Secondary,63,11,2,3,66.3
32,Male,Theft,Illiterate,24,8,3,0,52.0
22,Male,Fraud,Literate,31,11,2,2,66.1
37,Male,Theft,Preparatory,25,17,7,4,86.4
56,Male,Drug Offense,Literate,83,20,7,0,83.3
60,Male,Drug Offense,Primary,26,6,0,0,31.4
57,Male,Drug Offense,Bachelor's,35,13,0,3,51.7
54,Female,Murder,Primary,433,9,1,1,70.6
26,Male,Assault,Preparatory,119,9,0,2,60.9
43,Male,Theft,Preparatory,4,13,4,2,58.7
56,Male,Vandalism,Literate,23,7,2,1,31.8
22,Male,Burglary,Literate,51,3,0,0,39.9
19,Male,Sexual Offense,Secondary,214,4,0,0,49.5
25,Male,Kidnapping,Primary,259,4,1,0,59.2
35,Male,Robbery,Preparatory,123,14,1,3,76.8
34,Male,Public Order,Secondary,20,20,7,7,100.0
49,Male,Burglary,Secondary,42,8,1,1,36.4
47,Male,Burglary,Primary,15,11,1,3,62.1
54,Male,Murder,Literate,219,8,0,0,61.3
43,Male,Robbery,Preparatory,97,13,0,2,59.5
57,Male,Public Order,Preparatory,12,10,1,0,23.8
46,Male,Vandalism,Preparatory,28,2,0,0,20.2
65,Male,Robbery,Primary,104,20,6,2,86.4
27,Male,Drug Offense,Illiterate,95,11,2,3,80.1
47,Male,Vandalism,Secondary,36,9,0,0,26.9
31,Male,Assault,Secondary,70,7,1,0,46.7
55,Male,Assault,Primary,69,11,3,0,55.3
65,Male,Burglary,Postgraduate education,54,11,1,1,39.3
20,Male,Murder,Secondary,381,9,3,0,71.5
63,Male,Sexual Offense,Bachelor's,209,9,0,1,47.1
54,Male,Drug Offense,Illiterate,70,19,7,3,100.0
63,Male,Theft,Secondary,46,10,1,0,32.2
35,Male,Robbery,Preparatory,123,13,5,3,80.6
20,Male,Burglary,Secondary,44,8,1,2,54.8
21,Female,Drug Offense,Primary,55,8,0,0,49.8
54,Male,Burglary,Illiterate,36,12,0,0,44.2
50,Male,Cybercrime,Preparatory,28,14,5,2,61.4
49,Male,Theft,Secondary,42,9,0,2,49.1
24,Male,Assault,Primary,34,9,2,1,67.5
45,Male,Drug Offense,Secondary,40,11,2,2,65.4
56,Male,Sexual Offense,Illiterate,117,12,1,1,64.0
25,Female,Weapons Offense,Bachelor's,67,10,3,1,53.6
51,Male,Arson,Postgraduate education,71,12,2,1,47.2
26,Male,Assault,Secondary,92,9,1,0,43.8
65,Male,Vandalism,Illiterate,18,14,4,1,65.8
21,Male,Theft,Bachelor's,18,9,1,2,52.5
48,Male,Public Order,Secondary,6,14,6,2,63.4
28,Male,Drug Offense,Illiterate,43,16,0,3,76.7
45,Male,Cybercrime,Primary,20,13,5,1,59.9
32,Male,Theft,Secondary,37,13,5,0,52.8
51,Male,Assault,Secondary,99,8,1,2,46.9
26,Male,Public Order,Literate,15,7,2,0,42.5
64,Male,Theft,Literate,30,10,3,1,49.9
20,Male,Assault,Illiterate,81,11,3,0,70.3
41,Male,Theft,Primary,39,9,1,1,47.3
56,Male,Drug Offense,Secondary,52,11,1,1,45.6
22,Male,Public Order,Preparatory,17,9,1,2,42.1
53,Male,Cybercrime,Primary,22,13,3,0,45.8
34,Female,Burglary,Literate,45,12,4,3,82.0
25,Male,Theft,Bachelor's,33,10,0,1,34.0
33,Male,Drug Offense,Secondary,87,7,2,1,48.4
64,Female,Assault,Secondary,77,8,2,0,45.5
65,Male,Burglary,Secondary,42,5,0,1,33.3
19,Male,Fraud,Bachelor's,83,9,2,0,38.3
46,Female,Burglary,Primary,69,8,3,1,55.2
43,Male,Assault,Secondary,40,6,0,1,48.8
26,Male,Theft,Illiterate,36,11,1,3,71.8
39,Female,Burglary,Bachelor's,47,11,2,3,62.7
49,Male,Weapons Offense,Preparatory,89,9,3,2,68.5
21,Male,Theft,Primary,46,11,0,2,50.9
29,Male,Burglary,Illiterate,22,10,4,0,60.7
46,Female,Theft,Bachelor's,3,6,2,1,28.3
53,Male,Public Order,Preparatory,23,14,1,2,50.9
21,Male,Robbery,Preparatory,41,7,2,1,58.5
64,Male,Assault,Secondary,113,13,0,1,44.4
32,Male,Fraud,Preparatory,40,13,1,2,50.8
38,Male,Murder,Primary,383,5,1,0,65.0
60,Male,Burglary,Bachelor's,12,5,1,1,31.6
40,Male,Theft,Preparatory,35,8,1,0,33.7
44,Male,Assault,Preparatory,58,8,2,0,41.7
19,Male,Theft,Bachelor's,39,9,2,2,48.0
31,Male,Assault,Bachelor's,120,15,1,3,66.7
20,Male,Theft,Secondary,30,11,0,1,47.1
59,Female,Drug Offense,Primary,47,9,1,2,47.4
53,Male,Theft,Bachelor's,17,13,1,4,57.6
59,Male,Burglary,Secondary,67,15,5,3,76.0
47,Male,Murder,Bachelor's,267,11,2,0,57.8
51,Male,Theft,Secondary,26,13,2,1,40.5
45,Male,Vandalism,Preparatory,19,16,6,2,74.0
44,Male,Theft,Illiterate,24,10,4,0,46.8
34,Male,Vandalism,Preparatory,27,2,0,0,21.0
50,Male,Fraud,Primary,69,13,5,1,61.8
56,Female,Theft,Illiterate,44,11,2,2,53.0
36,Male,Theft,Secondary,27,10,0,2,50.5
23,Male,Fraud,Literate,35,10,4,1,64.1
58,Male,Assault,Literate,112,11,3,1,59.7
39,Male,Murder,Bachelor's,400,6,0,0,48.6
26,Male,Public Order,Bachelor's,24,12,0,0,39.6
26,Female,Fraud,Primary,52,9,2,2,57.9
18,Male,Cybercrime,Preparatory,27,10,4,1,54.3
54,Male,Kidnapping,Secondary,248,8,3,2,66.9
58,Male,Fraud,Primary,35,8,0,0,30.7
53,Male,Burglary,Primary,59,9,3,0,44.2
61,Male,Burglary,Preparatory,43,12,3,1,51.4
65,Male,Assault,Illiterate,34,15,5,5,91.7
50,Male,Cybercrime,Bachelor's,53,4,1,0,13.1
43,Male,Fraud,Secondary,67,6,2,0,27.8
58,Male,Burglary,Primary,57,7,2,0,35.2
21,Male,Theft,Primary,13,11,2,2,65.7
44,Male,Robbery,Literate,118,5,1,1,53.3
46,Male,Weapons Offense,Bachelor's,89,10,4,1,61.0
65,Male,Murder,Primary,231,6,0,1,56.9
37,Male,Fraud,Secondary,15,11,3,3,58.9
56,Male,Robbery,Bachelor's,122,10,0,1,36.3
40,Male,Burglary,Secondary,70,12,0,1,49.9
21,Male,Robbery,Illiterate,96,11,2,3,84.8
27,Male,Burglary,Secondary,22,10,2,1,45.1
55,Male,Drug Offense,Bachelor's,24,11,0,2,48.2
25,Female,Burglary,Preparatory,46,7,1,0,39.3
33,Male,Fraud,Secondary,47,7,0,0,26.7
27,Male,Assault,Primary,34,9,0,1,49.9
44,Male,Robbery,Primary,87,8,1,2,60.7
45,Male,Theft,Bachelor's,6,7,0,1,25.1
23,Female,Assault,Postgraduate education,70,8,3,2,61.6
52,Male,Theft,Bachelor's,9,9,2,0,25.6
37,Male,Burglary,Preparatory,31,12,0,2,55.8
24,Male,Robbery,Secondary,76,6,0,1,49.4
44,Male,Public Order,Primary,1,13,2,1,50.4
44,Male,Weapons Offense,Primary,58,7,0,1,47.9
35,Male,Assault,Primary,57,10,2,1,60.9
27,Male,Arson,Secondary,116,12,5,3,81.7
60,Male,Theft,Secondary,35,12,1,3,49.5
34,Male,Assault,Preparatory,49,13,2,2,77.5
54,Male,Robbery,Secondary,136,12,4,0,54.7
